input1	input2	label
ⵉⴱⴷⴰ	ⵉⴱⴷⴰ ⴰⵔ ⵉⵜⵜⵔ.	Yes
ⵢⵓⴼⴰ	ⵢⴰⵏ ⵡⴰⵙⵙ, ⵢⵓⴼⴰ ⴱⵓⴳ ⵢⴰⵏ ⵓⵏⴳⴰⵍ.	Yes
ⵜⴻⴹⴹⴻⴼ	ⵎⵉ ⵜⴻⴹⴹⴻⴼ ⴰⴽⴰⵔⴰⵎ-ⴰ, ⴽⵔⴰ ⵓⵔ ⵏⴻⵜⵜⵡⴰⵍⵉ ⴰⵔⴰ ⵢⴻⴹⵔⴰ-ⴷ.	Yes
ⵢⴰⵏ	ⵢⴰⵏ ⵡⴰⵙⵙ, ⵉⵖⵜⵙ ⵎⵓⵍⵉ ⴰⴷ ⵉⴷⴷⵓ ⵖⵔ ⴱⵕⵕⴰ.	Yes
ⵜⵃⴻⵎⵎⴻⵍ	ⵍⵉⵍⵉ ⵜⵃⴻⵎⵎⴻⵍ ⵜⴰⵃⴰⵏⵓⵜ.	Yes
ⵉⵔⴰ	ⵜⵉⵎ ⵉⵔⴰ ⴰⴷ ⵉⴳ ⴰⵎⴷⴷⴰⴽⴽⵍ ⴷ ⵓⴱⵓⴳⴰⴷ.	Yes
ⴷⴰⴽⴽⴻⵏ	ⵃⵓⵍⴼⴻⵏ ⴰⴽⴽ ⴷⴰⴽⴽⴻⵏ ⵄⴻⵔⴹⴻⵏ ⴰⴷ ⵔⵥⵎⴻⵏ ⵜⴰⵎⵙⴰⵍⵜ-ⴰ.	Yes
ⴰⵙⴻⵍⴽⵉⵎ	ⴱⵓⴱ ⵢⴻⵙⵙⴽⴰⵏⴰⵢ-ⴷ ⵙⵓ ⵖⴻⴼ ⵡⴰⵎⴻⴽ ⴰⵔⴰ ⵢⴻⵙⵙⴻⵇⴷⴻⵛ ⴰⵙⴻⵍⴽⵉⵎ ⵙ ⵜⵍⴻⵍⵍⵉ.	Yes
ⵟⵉⵎ	ⵟⵉⵎ ⵜⵃⵓⵍⴼⴰ-ⴷ ⵙⵙⵉⵍⴽ.	Yes
ⴽⵉⴳⴰⵏ	ⵉⵅⴷⵎ ⴽⵉⴳⴰⵏ ⴰⴼⴰⴷ ⴰⴷ ⵉⵙⵖⵓⴷⵓ ⵜⵉⵡⵍⴰⴼⵉⵏ.	Yes
ⵜⵥⵕⴰ	ⴳ ⵓⵏⵔⴰⵔ, ⵜⵥⵕⴰ ⵜⵉⵎ ⵢⴰⵏ ⵓⵙⴽⵡⴼⵍ ⴰⵅⴰⵜⴰⵔ.	Yes
ⴷ	ⵙⴰⵔⴰ ⴷ ⴱⵏ ⴼⵔⵃⵏ ⴱⴰⵀⵔⴰ.	Yes
ⵜⵉⵎ	ⵎⴰⵛⴰ ⵜⵉⵎ ⵓⵔ ⵉⵙⵍⵍ ⴰⵔⴰ ⴰⵔ ⵉⵜⵜⵓⵔⴰⵔ ⴰⴽⴷ ⵜⴱⵔⴰⵜⵉⵏ.	Yes
ⴱⵏ	ⴰⵔ ⵜⵥⵕⵕⴰ ⵙⴰⵔⴰ ⴷ ⴱⵏ ⴰⵔ ⵥⵕⵕⴰⵏ ⴰⵙⴼⵙⵔ.	Yes
ⵜⵡⵍⴰⴼⵜ	ⵜⴰⵎⵖⴰⵔⵜ ⴰⵔ ⵜⵥⵕⵕⴰ ⴰⵔ ⵜⵙⵃⵉⵙⵙⴼ ⴷ ⵢⴰⵜ ⵜⵡⵍⴰⴼⵜ ⵉⴼⵓⵍⴽⵉⵏ.	Yes
ⵢⵓⵔⴰⵔ	ⵟⵓⵎ ⴰⵔ ⵉⵜⵜⵉⵔⵉⵔ ⴰⴷ ⵢⵓⵔⴰⵔ ⵜⵉⴽⵕⴹⵉⵡⵉⵏ ⵅⴼ ⵉⵎⴷⴷⵓⴽⴽⴰⵍ ⵏⵏⵙ.	Yes
ⵜⴰⵣⵍⵉⵜ	ⵜⴰⵣⵍⵉⵜ ⴰⵔ ⵜⵜⴰⵣⵣⴰⵍ.	Yes
ⴰⴷ	ⵔⴰⵏ ⴰⴷ ⵥⵕⵏ ⵎⴰⵏ ⴰⵢⴰ ⵍⵍⵉ ⴱⴰⵀⵔⴰ ⵉⵜⵜⵓⵙⵎⵔⴰⵙⵏ.	Yes
ⴰⵔⴰ	ⵓⵔ ⵜⵜ-ⵜⴻⵜⵜⴰⵔⵔⴰ ⴰⵔⴰ ⵜⴼⴻⵔⴽⵉⵜ-ⴰ.	Yes
ⴰⴷ	ⵜⵔⴰ ⴰⴷ ⵜⵙⵖ ⴽⵔⴰ ⵏ ⵜⴼⵍⵡⵉⵏ ⵉ ⵢⵎⵎⴰ ⵏⵏⵙ.	Yes
ⵜⵍⵍⴰ	ⵜⴰⵎⴰⵜⴰⵔⵜ ⵜⵍⵍⴰ ⵖⵓⵔⵙ ⵢⴰⵜ ⵜⵡⵍⴰⴼⵜ ⵏ ⵢⴰⵏ ⵓⴽⵙⵓⵎ ⵖⵉⴼⵙ.	Yes
ⵅⴼ	ⴰⵔ ⵜⵜⴰⵔⵡ ⴰⵎⴰⵏ ⵅⴼ ⵜⵎⴻⵙ.	Yes
ⴷ	ⵉⵖⵢ ⴰⴷ ⵉⴳ ⵜⵔⵉⵙⵉⵜⵉ ⴷ ⵓⵏⵔⵖⵉ.	Yes
ⵉⵍⵉⵏ	ⴽⵓ ⴰⵙⵙ, ⵔⴰⴷ ⵖⵓⵔⵙⵏ ⵉⵍⵉⵏ ⴽⵉⴳⴰⵏ ⵏ ⵓⴼⵔⴰ!	Yes
ⵜⵜⴰⵡⵉⵏ	ⴰⵔ ⵜⵜⴰⵡⵉⵏ ⴰⵔ ⵜⵜⴰⴼⴰⵏ ⵅⴼ ⵜⴼⵍⵡⵉⵜ.	Yes
ⴰⵎⵛⵉⵛ	ⵉⵟⵟⴼ ⴰⵢⵜⵎⴰ ⴰⵎⵛⵉⵛ.	Yes
ⴰⵙ	ⴰⴳⴹⵉⴹ ⴰⵔ ⴰⵙ ⵉⵜⵜⴰⵍⵙ ⵉⵣⵍⴰⵏ ⵉⵣⴷⴷⵉⴳⵏ.	Yes
ⵜⴰⵔⴱⴰⵜ	ⵙⵙⵓⵜⵔⵏ ⵢⴰⵜ ⵜⴰⵔⴱⴰⵜ ⵍⵍⵉ ⵜⵏ ⵉⵥⵕⴰⵏ.	Yes
ⵉⴳⴰ	ⵙⴰⵍⵢ ⵉⴳⴰ ⴱⴰⵀⵔⴰ ⴰⵏⴼⵍⵓⵙ.	Yes
ⵢⴰⵏ	ⵉⵙⵇⵙⴰ ⴽⵓ ⵢⴰⵏ ⵍⵍⵉ ⵔⴰⴷ ⵢⴰⴼ.	Yes
ⵢⴰⵜ	ⵢⴰⵜ ⵜⵉⵣⵉ, ⵜⵍⵍⴰ ⵢⴰⵜ ⵜⵡⵔⵉⵔⵜ ⵜⴰⵅⴰⵜⴰⵔⵜ.	Yes
ⵓ	ⵏⵉⵜⵏⵉ ⵜⵜⵍⴰⵖⴰⵏ ⵓ ⵙⵙⵓⵜⵔⴻⵏ.	Yes
ⵜⵥⵕⴰ	ⵜⵥⵕⴰ ⵜⴰⴼⵍⵓⵜ ⴷ ⵓⴱⵟⵟⴰⵏ.	Yes
ⵜⵥⵕⵕⴰ	ⵜⵙⵙⵓⴼⵖ ⵜ ⴰⵔ ⵜⵜ ⵜⵥⵕⵕⴰ.	Yes
ⵢⴻⵔⵏⵓ	ⴰⴳⴹⵉⴹ ⵢⴻⵜⵜⵃⵓⵍⴼⵓ ⵉ ⵢⵉⵎⴰⵏ-ⵏⵏⴻⵙ ⵢⴻⵔⵏⵓ ⵢⴻⵔⵖⴰ.	Yes
ⵄⵓⵀⴷⴻⵏ	ⵄⵓⵀⴷⴻⵏ ⴰⴷ ⴳⴻⵏ ⴰⵢⴰ ⵢⴰⵍ ⴰⵙⵙ ⵢⴻⵔⵏⵓ ⵓⵔⴰⵔⴻⵏ ⵙ ⵍⴰⵎⴰⵏ.	Yes
ⴰⵔ	ⴰⵔ ⵜⵏ ⵜⵜⵃⵢⵢⴰⵍ.	Yes
ⴰⴷ	ⵢⴰⵏ ⵡⴰⵙⵙ ⵜⵖⵜⵙ ⴰⴷ ⵜⵙⴽⵔ ⴰⵙⴼⵙⵔ ⵏ ⵡⴰⵙⵉⴼ.	Yes
ⵢⴰⵜ	ⵟⵉⵎ ⵉⵙⵏⴰ ⵉⵙ ⵜⴳⴰ ⵖⴰⵙ ⵢⴰⵜ ⵜⴽⵔⴽⴰⵙ ⵉⴼⵓⵍⴽⵉⵏ.	Yes
ⴰⴼⴰⴷ	ⵢⴰⵏ ⵡⴰⵙⵙ, ⵢⵓⴷⴷⴰ ⵙⵓ ⵖⵔ ⵓⵏⵔⴰⵔ ⴰⴼⴰⴷ ⴰⴷ ⵢⵓⵔⴰⵔ.	Yes
ⵉⴱⴷⴰ	ⵉⴱⴷⴰ ⵓⴽⵙⵓⵎ ⴰⵔ ⵉⵜⵜⵎⵓⵙⵙⵓ!	Yes
ⵉⴳⴰ	ⵜⵉⵎ ⵉⴳⴰ ⵢⴰⵏ ⵓⵔⴱⴰ ⵉⵖⵓⴷⴰⵏ ⴰⵔ ⵜⵔⴰⵊⴰ ⵙ ⵜⵙⵓⵙⵎⵉ.	Yes
ⵜⵜⵓⵔⴰⵔⵏ	ⵓⵔⴰⵔⵏ ⴷ ⴰⵔ ⵜⵜⵓⵔⴰⵔⵏ ⵙ ⵢⴰⵜ ⵜⵖⴰⵔⴰⵙⵜ ⵉⴼⵓⵍⴽⵉⵏ ⴳ ⵓⴱⴰⵔⴰⵣ.	Yes
ⴱⴰⵀⵔⴰ	ⵉⴼⵔⴰⵔ ⴱⴰⵀⵔⴰ !	Yes
ⵜⵙⵏⵎⵎⵔ	ⵜⴰⵔⴱⴰⵜ ⵜⴰⵎⵥⵥⵢⴰⵏⵜ ⵜⵙⵏⵎⵎⵔ ⴰⵎⵙⴳⵏⴰⴼ ⴰⵔ ⵜⵙⵙⵏⵜⵉ ⵜⴰⴷⴷⴰⵔⵜ.	Yes
ⵉⵥⵕ	ⴱⵍⵓ ⴰⵔ ⵉⵜⵜⵉⵔⵉⵔ ⴰⴷ ⵉⵥⵕ ⵜⵉⵊⴷⴷⵉⴳⵉⵏ ⴰⵔ ⵜⵜⵔⵥⵎⵏ.	Yes
ⵉⵙⵙⵖⵍⴼ	ⵟⵓⵎⵎⵉ ⵉⵙⵙⵖⵍⴼ ⴷ ⵉⴼⵔⵉ ⵓⵔ ⵜ-ⵉⴷ-ⵉⵚⴰⵃ ⴰⵔⴰ.	Yes
ⵜⵃⵎⵉⵍ	ⵜⵃⵎⵉⵍ ⴰⴷ ⵜⵓⵔⴰⵔ ⴱⵕⵕⴰ ⴷ ⵉⵎⴷⴷⵓⴽⴽⴰⵍ ⵏⵏⵙ.	Yes
ⵎⵉ	ⵎⵉ ⴷ-ⵡⵡⴹⴻⵏ ⵖⴻⵔ ⵓⵏⵔⴰⵔ, ⵙⴰⵔⴰ ⵜⴻⵍⵍⴰ ⵜⴻⵜⵜⵇⴰⴷⴰⵔ ⵎⵍⵉⵃ.	Yes
ⵡⵉ	ⵡⵉ ⴷ ⵉⴱⴻⵔⴽⴰⵏⴻⵏ.	Yes
ⵟⵉⵎ	ⵟⵉⵎ ⴰⵢ ⵜⵓⴳⴷ, ⵢⴱⵖⴰ ⴰⴷ ⵢⴼⴼⵖ.	Yes
ⵉⵙ	ⴼⵔⵃⵖ ⵉⵙ ⵜⴳⴰⵜ ⵜⴰⵏⴼⵔⵓⵜ.	Yes
ⴳ	ⴳ ⵉⴳⵔ, ⵍⵍⴰⵏ ⴽⵉⴳⴰⵏ ⵏ ⵉⵎⵓⴷⴰⵔ.	Yes
ⴰⵔ	ⵜⵣⵎⵔⵎ ⴰⴷ ⵜⵙⴽⵔⵎ ⵢⴰⵏ ⵓⵏⴳⴰⵍ ⴽⵓⵍⵍⵓ ⴰⵔ ⵜⴳⴳⴰⵎ ⵢⴰⵏ ⵓⵏⴳⴰⵍ.	Yes
ⵃⵓⵍⴼⴰⵏ	ⵃⵓⵍⴼⴰⵏ ⴰⵎ ⵡⴰⵏⵛⵓⵎ.	Yes
ⴳ	ⵜⵙⵙⵔⵙ ⴰⵙⴼⵙⵔ ⴳ ⵡⴰⴽⴰⵍ ⴰⵔ ⵜⵔⴰⵔⴰ.	Yes
ⵢⴰⴹⵏ	ⴰⵔ ⵉⵜⵜⵉⵔⵉⵔ ⴰⴷ ⵉⵙⵇⵙⴰ ⵜⵉⵖⴰⵡⵙⵉⵡⵉⵏ ⵜⵉⴽⴽⵍⵜ ⵢⴰⴹⵏ.	Yes
ⴳ	ⵎⴰⴽⵙ ⵉⵍⵍⴰ ⴳ ⵓⴼⵍⵍⴰ ⵏⵏⵙ.	Yes
ⵜⴽⴻⵕⵕⵓⵙⵜ	ⵢⵉⵡⴻⵏ ⵏ ⵡⴰⵙⵙ, ⵓⴼⴰⵏ-ⴷ ⵢⵉⵡⴻⵜ ⵏ ⵜⴽⴻⵕⵕⵓⵙⵜ ⵏ ⵓⵥⴰⵡⴰⵏ ⵢⴻⵜⵜⵡⴰⵔⵥⵎⴻⵏ.	Yes
ⵢⵓⵡⵢ	ⵢⴰⵏ ⵡⴰⵙⵙ, ⴱⵓⴱ ⵢⵓⵡⵢ ⴱⴰⵀⵔⴰ.	Yes
ⵉⴳⴰ	ⵜⵙⵙⵏ ⵎⴰⴷ ⵉⴳⴰ ⵜⵉⵎ.	Yes
ⴽⵓⵍⵍⵓ	ⴰⵔ ⵉⵜⵜⵉⵔⵉⵔ ⴰⴷ ⵢⵓⵔⴰⵔ ⵙ ⵜⵉⵍⵉⴼⵓⵏ ⵏⵏⵙ ⴽⵓⵍⵍⵓ ⴰⵙⵙ.	Yes
ⵡⴰⵙⵙ	ⵢⴰⵏ ⵡⴰⵙⵙ, ⵀⵓⵔⵙⵉ ⵉⵎⵍⴰⵍⴰ ⵢⴰⵜ ⵜⵔⴱⴰⵜ ⵉⵙⵎ ⵏⵏⵙ ⵍⵉⵍⵉ.	Yes
ⵓⵔ	ⵓⵔ ⵜⵜⵄⴻⵟⵟⵉⵍⴻⵏ ⴰⵔⴰ, ⵡⴹⴰⵏ ⴷⴷⴰⵢⴻⵏ.	Yes
ⵏ	ⵙⵙⵔⵙⵏ ⵜⵏ ⵖⵔ ⵜⴰⵎⴰ ⵏ ⵓⵅⴱⵓ.	Yes
ⴽⵉⴳⴰⵏ	ⵜⴼⵓⵍⴽⵉ ⴽⵉⴳⴰⵏ ⴰⵔ ⵜ ⵉⵙⴰⵡⴰⵍ ⵓⵎⵛⵛⵉ.	Yes
ⴰⵅⴰⵜⴰⵔ	ⵜⵣⵎⵔⴷ ⴰⴷ ⵜⵉⵍⵉⴷ ⵢⴰⵏ ⵓⴳⵣⵣⵓⵎ ⴰⵅⴰⵜⴰⵔ ⵏ ⵓⴽⵙⵓⵎ.	Yes
ⴰⵔ	ⵍⵉⵣⵉ ⴰⵔ ⵜⵃⵎⵉⵍ ⴰⴷ ⵜⵙⴽⵔ.	Yes
ⵢⵉⵙⵍⵎⴰⵏ-ⵏⵏⵉⴹⵏ	ⵎⴰⵛⴰ ⴹⴼⴼⵉⵔ ⵡⴰⵢⴰ, ⴱⴷⴰⵏ-ⵜ-ⵉⴷ ⵢⵉⵙⵍⵎⴰⵏ-ⵏⵏⵉⴹⵏ ⵜⵜⵎⵙⵍⴰⵢⵏ-ⵜ.	Yes
ⵢⴻⵍⵀⴰⵏ	ⵄⵔⴹ ⴽⴰⵏ ⴰⵢⴻⵏ ⵢⴻⵍⵀⴰⵏ.	Yes
ⵏⵜⵜⴰⵜ	ⵜⵔⴰ ⴰⴷ ⵜⵙⴽⵔ ⴰⵡⴷ ⵏⵜⵜⴰⵜ ⴰⵔ ⵜⵙⵙⵓⴼⵓⵖ ⴰⵡⴷ ⵏⵜⵜⴰ.	Yes
ⴰⵡⴷ	ⵜⵔⴰ ⴰⴷ ⵜⴳ ⴰⵡⴷ ⵏⵜⵜⴰⵜ ⵜⴰⵏⴱⵔⴰⵣⵜ.	Yes
ⵜⵉⵎ	ⵜⵉⵎ ⴷ ⵓⴽⵙⵉ ⵓⵖⵓⵍⵏ ⵖⵔ ⵓⵙⴽⵡⴼⵍ.	Yes
ⴷ	ⵍⵍⵉⵖ ⴳⵉⵖ ⴰⵏⴰⵎⵎⴰⵙ ⴷ ⵓⵏⴳⴰⵙ.	Yes
ⵉⵖⵓⴷⴰⵏ	ⵜⴳⴰ ⵎⵎⴰ ⵏⵏⵙ ​​ⵢⴰⵜ ⵜⵡⵍⴰⴼⵜ ⵉⵖⵓⴷⴰⵏ ⵅⴼ ⵓⴽⴰⵜⴰⵔ ⵏⵏⵙ.	Yes
ⵜⵜⵉⵏⵉⵏ	ⴰⵔ ⵜⵜⵉⵏⵉⵏ ⵙⵙⵓⵔⴼⵖ.	Yes
ⴱⴰⵀⵔⴰ	ⵉⴳⴰ ⵢⴰⵏ ⵓⴽⵍⵓ ⴱⴰⵀⵔⴰ ⵉⴼⵓⵍⴽⵉⵏ.	Yes
ⵟⵟⵔⴰⴷ	ⵟⵉⵥⵕⴰ ⵏ ⵟⵟⵔⴰⴷ ⵢⵔⵏⵓ ⵜⵙⵙⴼⵔⴰⵢ-ⵜ.	Yes
ⵉⵙⴰⵡⴰⵍ	ⵉⴱⴷⴰ ⵓⵏⴳⴰⵍ ⵏ ⵓⵏⴳⴰⵍ ⴰⵔ ⵉⵙⴰⵡⴰⵍ!	Yes
ⵢⴰⵏ	ⵜⴰⴷⴷⴰⵔⵜ ⵖⵓⵔⵙ ⵢⴰⵏ ⵓⵏⵛⴽ ⵎⵇⵇⵓⵔⵏ ⴱⴰⵀⵔⴰ.	Yes
ⵢⵓⵎⵏ	ⵢⵓⵎⵏ ⴰⵢⵢⵓⵔ ⴰⵔ ⵜ ⵉⵜⵜⵥⵕⵕⴰ ⵍⵍⵉⵖ ⵉⴼⴼⵖ.	Yes
ⴰⵖⴱⴰⵍⵓ	ⴽⵓⵍⵍⵓ ⵔⴰⵏ ⴰⵖⴱⴰⵍⵓ ⴰⵏⵉⵎⴰⵏ ⴰⴷ ⵉⴱⴹⵓ ⴰⴳⵓⴷⵉ ⵏⵏⵙ.	Yes
ⴷ	ⵄⴰⵡⵏⵏ-ⴷ ⵡⴰⵎⴰⵏ ⴷ ⵡⴰⵎⴰⵏ ⵄⴰⵡⵏⵏ ⵟⵉⵎ ⴰⴷ ⴷ-ⵢⴰⴼ ⴰⵙⵃⵉⵙⵙⴼ.	Yes
ⵓⴼⵓⵙ	ⵉⴳⴰ ⵢⴰⵏ ⵓⴼⵓⵙ ⵏ ⵜⵡⵡⵓⵔⵜ!	Yes
ⵖⵔ	ⵟⵉⵎ ⵢⵓⵙⴰ-ⴷ ⵖⵔ ⵜⴽⵔⵉⴽⵜ, ⵢⵓⵙⴰ-ⴷ ⵖⵔ ⵜⴰⴷⴷⴰⵔⵜ.	Yes
ⵓⵔ	ⵓⵔ ⵜⵔⵉ ⴰⴷ ⵜⴼⴼⵖ.	Yes
ⵢⴰⵏ	ⵜⴼⵔⴰⵔ ⴱⴰⵀⵔⴰ ⴷ ⴽⵓⵍⵍⵓ ⴽⵓ ⵢⴰⵏ ⴰⵔ ⵉⵜⵜⵓⵖⵓⵍ ⴰⵔ ⵉⵜⵜⵓⵖⵓⵍ.	Yes
ⵜⵙⵍⵉ	ⵎⴰⵛⴰ ⵟⵉⵎ ⵓⵔ ⵜⵙⵍⵉ.	Yes
ⵓⵔ	ⵓⵔ ⵜⴳⵉ ⴰⵎ ⵜⵉⵏ ⵍⵍⵉ ⵉⵣⵔⵉⵏ.	Yes
ⵍⵉⵍⵉ	ⵍⵉⵍⵉ ⵜⵙⵡⵉⵏⴳⵎ ⴱⴰⵀⵔⴰ ⵎⴰⵛⴰ ⵓⵔ ⵜⵙⵙⵓⵙⵎ ⴽⵔⴰ ⵢⴰⴹⵏ.	Yes
ⵏ	ⴰⵙⵉⵔⵎ ⵏ ⵉⵖⵙⴰⵏ ⵢⵓⵙⴰ-ⴷ ⴷ ⵜⵉⴷⴻⵜ!	Yes
ⴱⴰⵀⵔⴰ	ⴰⴼⵔⵓⴼⴳ ⵉⴼⵓⵍⴽⵉ ⴱⴰⵀⵔⴰ!	Yes
ⵜⵙⴽⵔ	ⵜⵣⵎⵔ ⴰⴷ ⵜⵙⴽⵔ ⴽⵔⴰ.	Yes
ⴰⵙⵙ	ⴰⵔ ⵜⵜⵎⵓⵙⵙⵓⵏ ⴰⵔ ⵜⵜⵓⵔⴰⵔⵏ ⵙ ⵜⵡⵍⴰⴼⵉⵏ ⴽⵓⵍⵍⵓ ⴰⵙⵙ.	Yes
ⵓⴳⴻⵍⵎⵉⵎ	ⵢⵓⵙⴰ-ⴷ ⴽⵔⴰ ⵏ ⵡⴻⵇⵛⵉⵛ ⵓⵍⴰ ⵖⴻⵔ ⵓⴳⴻⵍⵎⵉⵎ.	Yes
ⵜⴻⵍⵍⵉ	ⵎⴰⵛⴰ ⵢⴻⵎⵎⴰ-ⵙ ⵓⵔ ⵜⴻⵍⵍⵉ ⴰⵔⴰ ⴷ ⵜⴰⴷⴷⴰⵔⵜ.	Yes
ⵓⵏⵛⴽ	ⵓⵔ ⵍⵍⵉⵖ ⵖ ⵓⵏⵛⴽ.	Yes
ⵜⴰⵎⵥⵥⵢⴰⵏⵜ	ⵍⵉⵍⵉ ⵜⴳⴰ ⵢⴰⵜ ⵜⵇⵛⵉⵛⵜ ⵜⴰⵎⵥⵥⵢⴰⵏⵜ ⵍⵍⵉ ⵉⵜⵜⵉⵔⵉⵏ ⴰⴽⵙⵓⵎ ⵏⵏⵙ, ⵙⴱⵓⵜ.	Yes
ⴰⵡⴷ	ⴰⵔⴱⴰⵜⵏ ⵓⵔ ⵖⵓⵔⵙⵏ ⴰⵡⴷ ⵢⴰⵜ ⵜⵖⴰⵔⴰⵙⵜ ⵏ ⵓⵃⵟⵟⵓ ⵏⵏⵙ.	Yes
ⵓⴷⵎ	ⴰⵔ ⵉⵜⵜⵓⵖⵓⵍ ⵓⴽⵙⵓⵎ ⴰⵔ ⵉⵜⵜⵓⵖⵓⵍ ⴰⵔ ⵉⵜⵜⵓⵖⵓⵍ ⵓⴷⵎ ⵏ ⵓⴳⵍⵍⵉⴷ.	Yes
ⵖⵔ	ⵜⴷⴷⴰ ⵖⵔ ⵓⴳⴹⵉⴹ, ⴰⵔ ⵜⵙⵍⵍⵡⵉ ⵓⴳⴹⵉⴹ.	Yes
ⴷ	ⵙⴰⵔⴰ ⴷ ⴱⵏ ⵀⵓⴳ.	Yes
ⵢⴰⵏ	ⵉⵣⴷⵖ ⴳ ⵢⴰⵏ ⵓⵙⴽⵡⴼⵍ ⴰⵅⴰⵜⴰⵔ ⴰⴽⴷ ⵜⵡⴰⵛⵓⵏⵜ ⵏⵏⵙ.	Yes
ⵢⴰⴹⵏ	ⵟⵓⵎ ⵓⵔ ⵜⴳⵉ ⴽⵔⴰ ⵢⴰⴹⵏ.	Yes
ⴽⵉⴳⴰⵏ	ⵢⵓⵎⵥ ⴽⵉⴳⴰⵏ ⵏ ⵜⵣⵎⵔⵜ ⵙⴳ ⵓⵜⵛⵉ ⵏⵏⵙⵏⵜ.	Yes
ⵏ	ⵉⴳⴰ ⴱⴰⵀⵔⴰ ⵉⴼⵓⵍⴽⵉⵏ ⴷ ⵖⵓⵔⵙ ⴽⵉⴳⴰⵏ ⵏ ⵉⴽⵡⵍⴰⵏ.	Yes
ⴳ	ⵟⵓⵎ ⴷ ⵍⵉⵍⵉ ⴰⵔ ⵜⵜⵓⵔⴰⵔⵏ ⴳ ⵓⵏⵔⴰⵔ.	Yes
ⴰⴷ	ⵉⴱⵖⴰ ⴰⴷ ⵜ ⵉⵟⵟⴼ ⵖⵉⵍⴰⴷ.	Yes
ⵓⵔ	ⵎⴰⵛⴰ ⵟⵓⵎ ⵓⵔ ⵜ-ⵜⵃⵎⵉⵍ.	Yes
ⵏⵉⵜⵏⵉ	ⵏⵉⵜⵏⵉ ⴷ ⵉⵎⵓⴼⴰⵢⵏ ⵏ ⵉⵎⴷⴷⵓⴽⴽⴰⵍ!	Yes
ⵇⴻⵢⵢⵎⴻⵏ	ⵙⵙⵏⴻⵏ ⴱⴻⵍⵍⵉ ⵣⴻⵎⵔⴻⵏ ⴷⵉⵎⴰ ⴰⴷ ⵇⴻⵢⵢⵎⴻⵏ ⴳⴰⵔ-ⴰⵙⴻⵏ.	Yes
ⴰⵔⴱⴰ	ⵏⵜⵜⴰ ⴷ ⴰⵔⴱⴰ!	Yes
ⵉⵅⵚⵚⴰ	ⵉⵙⵇⵙⴰ ⴰⵙ ⵎⴰⴷ ⵉⵅⵚⵚⴰ ⴰⴷ ⵜ ⵜⵙⴽⵔ.	Yes
ⵖⵓⵔⵙⵏ	ⵖⵓⵔⵙⵏ ⵢⴰⵏ ⵓⵏⵛⴽ ⴰⵔ ⵜⵜⵓⵜⵜⵓⵢⵏ ⴽⵓⵍⵍⵓ ⵅⴼ ⵎⴰⵙ ⴳⴰⵏ ⵉⵏⴼⵍⵓⵙⵏ.	Yes
ⵓⴱⵔⵉⴷ	ⵄⴰⵡⵏⴻⵏ-ⵜ-ⵉⴷ ⵙⴻⴳ ⵓⴱⵔⵉⴷ.	Yes
ⵏⴻⵛⵛ	ⵏⴻⵛⵛ ⴼⴻⵕⵃⴻⵖ ⵅⴰⵡⴻⵎ.	Yes
ⵜⵓⵎⵔⵜ	ⵖⵓⵔⵙⵏ ⴽⵉⴳⴰⵏ ⵏ ⵜⵓⵎⵔⵜ ⵙ ⵓⵏⴳⴰⵍ ⵏ ⵓⵏⴳⴰⵍ.	Yes
ⴰⴷ	ⵔⴰⵏ ⴰⴷ ⵜⵏ ⴰⵔⵎⵏ ⴽⵓⵍⵍⵓ.	Yes
ⵉⴱⵔⵔⵃ	ⴱⵓⴱⵓ ⵉⴱⵔⵔⵃ, ⵎⵉ ⴷ-ⵜⵙⵙⴽⴰⵏⴰⵢ-ⴰⵙ-ⴷ ⴰⵙⵓⵏⴷⴻⴷ.	Yes
ⵉ	ⵟⵉⵎ ⵉⴼⴽⴰ ⵉ ⵓⵔⴱⴰ ⵢⴰⵜ ⵜⵀⵉⵔⵉⵜ ⵜⴰⵎⵇⵇⵔⴰⵏⵜ ⵏ ⵓⵔⴰⵔ.	Yes
ⴰⵛⴽⵓ	ⵍⵉⵍⵉ ⵜⵃⵓⵍⴼⴰ ⵎⵍⵉⵃ ⴰⵛⴽⵓ ⵜⵄⴰⵡⵏ ⵜⴰⵎⴷⴷⴰⴽⴽⵍⵜ ⵏⵏⵙ.	Yes
ⵉⵜⵜⵃⵢⵢⴰⵍ	ⵉⵛⵛ ⴰⵙⴰⵏⴷⵡⵉⵛ ⴰⵔ ⵉⵜⵜⵃⵢⵢⴰⵍ ⴽⵓⵍⵍⵓ.	Yes
ⴰⵔ	ⴰⵔ ⵉⵜⵜⵉⵔⵉⵔ ⴰⴷ ⵉⵍⵙ ⵢⴰⵜ ⵜⴽⴰⴱⵙⵓⵏⵜ ⵜⴰⵣⴳⴳⵡⴰⵖⵜ.	Yes
ⴰⵢⴷ	ⴰⵔ ⵉⵜⵜⴱⴱⵉ ⴰⵢⴷ ⴰⵔ ⵉⵜⵜⴱⵔⵔⵃ.	Yes
ⵉⵜⵜⵎⵢⴰⵡⴰⴹ	ⵉⵇⵇⵉⵎ ⴰⵔ ⵉⵜⵜⵎⵢⴰⵡⴰⴹ ⴷ ⵢⴰⵏ ⵓⵏⵓⵖ ⵉⵜⵜⵓⵙⵏⵎⵍⵏ ⵅⴼ ⵡⵓⴷⵎ ⵏⵏⵙ.	Yes
ⴰⴷ	ⵍⵉⵍⵉ ⴰⵔ ⵜⵜⵉⵔⵉⵏ ⴰⴷ ⵥⵕⵉⵏ ⴰⴽⴰⵎⵢⵓⵏ ⴰⵔ ⵉⵜⵜⴷⴷⵓ.	Yes
ⵜⵜⵓⵔⴰⵔⵏ	ⵢⴰⵏ ⵡⴰⵙⵙ, ⵍⵍⵉⵖ ⴰⵔ ⵜⵜⵓⵔⴰⵔⵏ, ⴽⵔⴰ ⵓⵔ ⵉⵃⵍⵉⵏ ⵉⵣⵔⵉ.	Yes
ⴱⵓⵎⴱⵉ	ⵉⵙⵎ ⵏⵏⵙ ⴱⵓⵎⴱⵉ.	Yes
ⵢⴰⵜ	ⵎⵎⴰ ⵖⵓⵔⵙ ⵢⴰⵜ ⵜⴽⵔⴽⴰⵙ ⵜⴰⵎⵥⵥⵢⴰⵏⵜ ⵙ ⵉⴷⵔⵉⵎⵏ ⴳⵉⵙ.	Yes
ⴷ	ⴰⵎⵛⵉⵛ ⴷ ⵓⴽⵙⵓⵎ ⴱⴷⴰⵏ ⵜⵜⵏⴰⵖⵏ.	Yes
ⵉⵥⵕⵕⴰ	ⴰⵔ ⵉⵥⵕⵕⴰ ⴽⵉⴳⴰⵏ ⵏ ⵉⵙⴽⵡⵍⴰ ⵍⵍⵉ ⴱⴰⵀⵔⴰ ⵉⵜⵜⵓⵙⵎⵔⴰⵙⵏ.	Yes
ⴹⴼⴼⵉⵔ	ⴹⴼⴼⵉⵔ ⵎⴰ ⵓⵔⴰⵔⵏ, ⴽⵛⵎⵏ ⵖⵔ ⵡⴰⵎⴰⵏ ⴰⴽⴽⵏ ⴰⴷ ⵄⵓⵎⵏ.	Yes
ⵉⵙ	ⵜⵅⵎⵎⴻⵎ ⵉⵙ ⵜⴳⴰ ⵢⴰⵜ ⵜⵡⵍⴰⴼⵜ ⵜⴰⵎⴰⵢⵏⵓⵜ ⵍⵍⵉ ⵔⴰⴷ ⵜⵓⵔⴰⵔ.	Yes
ⴰⴷ	ⵏⵏⴰⵏ ⴰⵙ ⴰⵙⴷⴷⵉⴷ ⴰⵔ ⵜⵜⴷⴷⵓⵏ ⴰⴷ ⴳⵏ.	Yes
ⵙⴱⵓⵜ	ⵙⴱⵓⵜ ⵉⴼⵓⵍⴽⵉ ⴱⴰⵀⵔⴰ ⴰⴷ ⵏⵙⴽⵔ ⵢⴰⵏ ⵓⵏⴳⴰⵍ.	Yes
ⵙ	ⵓ ⵏⵉⵜⵏⵉ ⴷⴷⵔⴻⵏ ⵙ ⵓⴼⵓⵍⴽⵉ.	Yes
ⵓⵔⴱⴰ	ⵜⵥⵕⴰ ⵢⴰⵏ ⵓⵔⴱⴰ ⵉⵙⵎ ⵏⵏⵙ ⵟⵉⵎ.	Yes
ⵜⵜⵓⵖⴰⵍⵏ	ⵛⵏⴰⵏ ⵜⵉⵣⵍⴰⵜⵉⵏ ⴽⵓⵍⵍⵓ ⴰⵔ ⵜⵜⵓⵖⴰⵍⵏ ⴷ ⵉⵎⴷⴷⵓⴽⴽⴰⵍ ⵉⴼⵓⵍⴽⵉⵏ.	Yes
ⵜⵥⵕⴰ	ⵜⵥⵕⴰ ⵅⴼ ⵉⴼⴰⵙⵙⵏ ⵏⵏⵙ.	Yes
ⴱⴰⵀⵔⴰ	ⵔⴰⵏ ⴰⴷ ⵥⵕⵏ ⵎⴰⵏ ⴰⵢⴰ ⵍⵍⵉ ⴱⴰⵀⵔⴰ ⵉⵜⵜⵓⵙⵎⵔⴰⵙⵏ.	Yes
ⵏ	ⵥⵕⴰⵏ ⴷⴷⴰⵡ ⵏ ⵉⵥⵕⴰⵏ, ⴷⴼⴼⵉⵔ ⵏ ⵉⵙⴽⵡⵍⴰⵏ, ⴷ ⴳ ⵡⴰⵙⵉⴼ.	Yes
ⴰⴽⴷ	ⵓⵔ ⵜⴱⴹⵉⵜ ⴰⴽⴷ ⵍⵉⵍⵉ.	Yes
ⴰⵎⵎ	ⴰⵔⴱⴰ ⴰⵎⴰⵢⵏⵓ ⵉⵖⵢ ⴰⴷ ⵉⵥⵥⵍ ⴰⵡⴷ ⵏⵜⵜⴰ ⴰⵎⵎ ⴱⵍⵓ.	Yes
ⵉⵍⵍⴰⵏ	ⵔⴰⵏ ⴰⴷ ⵥⵕⵏ ⵎⴰⴷ ⵉⵍⵍⴰⵏ ⴳ ⵓⴳⵏⵙⵓ.	Yes
ⵢⴰⵏ	ⵜⵥⵕⴰ ⵢⴰⵏ ⵓⵙⴽⵡⴼⵍ ⵉⵖⵣⵣⵉⴼⵏ ⵙ ⵢⴰⵏ ⵓⴳⴹⵉⴹ ⵖⵉⴼⵙ.	Yes
ⴱⴻⵏ	ⴱⴻⵏ ⴷ ⵍⵉⵍⵉ ⵥⵔⵉⵏ-ⵜ.	Yes
ⵜⵃⴹⴰ	ⴽⵓ ⴰⵙⵙ, ⵍⵉⵍⵉ ⵜⵃⴹⴰ ⴰⴳⴹⵉⴹ.	Yes
ⴰⵙⵎⵓⵙⵙⵓ	ⵎⴰⵛⴰ ⵙⴰⴽⴽⵉⵏ, ⵜⵃⴱⵙ ⵜⴷⵓⵍⵉ ⴰⵙⵎⵓⵙⵙⵓ.	Yes
ⵖⵍⵉⵏ	ⵙⴰⴽⴽⵉⵏ, ⵙ ⵢⴰⵜ ⵜⵉⵣⵉ, ⵖⵍⵉⵏ ⵅⴼ ⵢⴰⵏ ⵓⴼⵜⴰⵙ.	Yes
ⵏⵏⵙ	ⴰⵔ ⵉⵥⵕⵕⴰ ⵅⴼ ⵜⴼⵍⵓⵜ ⵏⵏⵙ ⴰⵔ ⵉⵜⵜⴹⵚⴰ.	Yes
ⵉⵙⵡⵉⵏⴳⵎ	ⵉⵙⵡⵉⵏⴳⵎ ⴷ ⵉⵙⵡⵉⵏⴳⵎ.	Yes
ⵎⵎⴰ	ⴰⵔ ⵜⵃⵎⵉⵍ ⵎⵎⴰ ⵏⵏⵙ.	Yes
ⴰⴷ	ⴰⵔ ⵜⵜⵉⵔⵉⵏ ⴰⴷ ⵓⵔⴰⵔⵏ ⴽⵓⵍⵍⵓ.	Yes
ⵓⴳⴹⵉⴹ	ⵉⵎⴷⴷⵓⴽⴽⴰⵍ ⵏ ⵓⴳⴹⵉⴹ ⴳⴰⵏ ⴰⵡⴷ ⵏⵉⵜⵏⵉ.	Yes
ⴰⵎⵉ	ⴰⵎⵉ ⵜⵃⵎⵉⵍ ⵎⴰⴽⵙ ⴷ ⵍⵓⵏⴰ ⴽⵉⴳⴰⵏ.	Yes
ⵉⴳⴰ	ⵊⵓⵏ ⵉⴳⴰ ⵢⴰⵏ ⵓⵔⴱⴰ ⵏ 3 ⵉⵙⴳⴳⵡⴰⵙⵏ.	Yes
ⴽⵓⵍⵍⵓ	ⴰⵔ ⵜⵙⵎⵓⵎⵎⵓⵢ ⴽⵓⵍⵍⵓ ⴳ ⵢⴰⵜ ⵜⵡⵍⴰⴼⵜ ⵜⴰⵎⵇⵇⵔⴰⵏⵜ.	Yes
ⵓⵙⴻⵏⵊⴻⵎ	ⵎⴰⵛⴰ ⵉⵊⵊ ⵏ ⵡⴰⵙⵙ, ⵉⵜⵜⵡⴰⵟⵟⴼ ⵓⵎⵙⴻⵅⵅⴰⵔ ⵙ ⵉⵊⵊ ⵏ ⵓⵙⴻⵏⵊⴻⵎ.	Yes
ⵥⵔⴰⵏ	ⵥⵔⴰⵏ ⵢⴰⵜ ⵜⵖⴰⵡⵙⴰ ⵉⴼⵓⵍⴽⵉⵏ.	Yes
ⴰⴽⴽ	ⴷⴷⵔⴻⵏ ⴰⴽⴽ ⵙ ⵍⴼⴻⵕⵃ ⵣⵉⴽ.	Yes
ⵜⴻⵏⵏⴰ-ⴷ	ⵜⴻⵏⵏⴰ-ⴷ ⵢⴻⵎⵎⴰ-ⵙ, ⵎⴰⵛⴰ ⵟⵉⵎ ⵓⵔ ⵜⴻⵙⵍⵉ ⴰⵔⴰ.	Yes
ⵛⵡⵉⵟ	ⴷⵉ ⵜⴰⵍⵍⵉⵜ-ⵏⵏⵉ ⴽⴰⵏ, ⵛⵡⵉⵟ ⵏ ⴼⵔⵓⵊ ⵢⴻⴼⴼⴻⵖ-ⴷ ⵙⴻⴳ ⵜⵇⴰⵛⵓⵛⵜ.	Yes
ⵡⵓⵛⵛⵉ	ⴱⴹⴰⵏ ⵅⴼ ⵡⵓⵛⵛⵉ ⵏⵏⵙⵏ.	Yes
ⵢⴰⵜ	ⵢⴰⵜ ⵜⵉⵣⵉ, ⵉⵍⵍⴰ ⵢⴰⵏ ⵓⴽⵙⵓⵎ ⵉⵙⵎ ⵏⵏⵙ Spot.	Yes
ⵉⴼⵓⵍⴽⵉⵏ	ⵜⵏⵏⴰ ⵎⴰⵙ ⵜⴳⴰ ⵢⴰⵜ ⵜⵏⵇⵇⵉⴹⵜ ⵉⴼⵓⵍⴽⵉⵏ.	Yes
ⵎⴰⴽⵙ	ⵢⴰⵏ ⵓⴽⵙⵓⵎ ⴰⵎⵇⵇⵔⴰⵏ, ⵉⵊⵊⵉⵡⵏ ⵉⵙⵎ ⵏⵏⵙ ⵎⴰⴽⵙ ⵉⵣⴷⵖ ⴷⵉⵏⵏⴰ.	Yes
ⴱⴰⵀⵔⴰ	ⴰⵔ ⴱⴰⵀⵔⴰ ⵜⵇⴱⴰⵍⴷ ⴰⵔ ⵜⵄⴰⵡⵏⴷ ⴽⵓ ⵢⴰⵏ.	Yes
ⴰⵟⴰⵙ	ⴼⴻⵕⵃⴻⵏ ⴰⵟⴰⵙ ⵢⴻⵔⵏⵓ ⵎⵙⴻⴼⵀⴰⵎⴻⵏ ⵎⵍⵉⵃ.	Yes
ⵃⴹⵓ	ⵎⴰⵛⴰ ⵃⴹⵓ ⵓⵔ ⵜⵜ ⵜⵃⵎⵉⵍⴷ.	Yes
ⵜⵜⵖⵔⴰⵏ	ⵍⵓⵛⵉ ⵜⵏⵏⵓⵕⵥⵎ ⴰⵔ ⵜⵜⴽⵎⵎⵉⵍⵏ ⴰⵔ ⵜⵜⵖⵔⴰⵏ ⴰⴷⵍⵉⵙ.	Yes
ⴰⵎⵉ	ⴰⵎⵉ ⵜⴳⴰ ⵜ ⴰⵙⴰⴳⵣ.	Yes
ⵉⴼⵓⵍⴽⵉⵏ	ⵢⴰⵜ ⵜⵉⵣⵉ ⵉⵍⵍⴰ ⵢⴰⵏ ⵓⵔⴱⴰ ⵉⴼⵓⵍⴽⵉⵏ ⵉⵙⵎ ⵏⵏⵙ ⵊⴰⴽ.	Yes
ⵔⴰⵏ	ⵔⴰⵏ ⴰⴷ ⴰⵡⵙⵏ ⵓⴳⴳⴰⵔ.	Yes
ⵜⴼⵔⴰⵔ	ⵜⴼⵔⵔⵃ ⵍⵍⵉⵖ ⵜⴼⵔⴰⵔ ⵍⵍⵉⵖ ⵖⵓⵔⵙ ⵜⵉⴼⵔⴽⵜ.	Yes
ⵏ	ⴳ ⵓⴽⵔⵣ ⴰⴷ, ⵍⵍⴰⵏ ⴽⵉⴳⴰⵏ ⵏ ⵉⵎⵓⴷⴰⵔ ⴷ ⵉⵎⵖⴰⵢⵏ.	Yes
ⵜⵃⵓⵍⴼⴰ-ⴷ	ⵟⵉⵎ ⵜⵃⵓⵍⴼⴰ-ⴷ ⵎⵍⵉⵃ.	Yes
ⵍⵉⵍⵉ	ⴱⴻⵏ ⴷ ⵍⵉⵍⵉ ⵜⵜⵀⴻⵢⵢⵉⵏ-ⴷ.	Yes
ⵜⴰⵎⵥⵥⵢⴰⵏⵜ	ⴰⵔ ⴰⵙ ⵉⵜⵜⴰⵡⵉ, ⵉⵥⵕⴰ ⵢⴰⵜ ⵜⵇⵛⵉⵛⵜ ⵜⴰⵎⵥⵥⵢⴰⵏⵜ ⴰⵔ ⵜⵜⵜⴻⵜⵜ.	Yes
ⵉⵣⴷⴷⵉⴳⵏ	ⴰⵔ ⵉⵜⵜⵉⵔⵉ ⵓⵇⵛⵓⵛ ⴰⴷ ⵉⵍⵙ ⴰⵙ ⵉⴼⵍⵡⴰⵏ ⵉⵣⴷⴷⵉⴳⵏ.	Yes
ⵉⵡⴷⴰⵏ	ⴰⵔ ⵜⵥⵕⵕⴰ ⴰⵔ ⵜⵥⵕⵕⴰ ⴽⵉⴳⴰⵏ ⵏ ⵉⵡⴷⴰⵏ ⵢⴰⴹⵏⵉⵏ.	Yes
ⴷ	ⵙⵓ ⴷ ⵟⵓⵎ ⵓⵔ ⵃⵎⵉⵍⵏ ⵓⵔ ⵜⵜⵄⵟⵟⵉⵍⵏ.	Yes
ⵡⴰⵔ	ⵎⴰⵛⴰ ⵡⴰⵔ ⵡⴰⵔ ⴵⵉⵏ ⵛⴰ.	Yes
ⵎⵉ	ⵢⴻⵏⵏⴰ-ⴷ ⵟⵉ, ⵎⵉ ⴷ-ⵢⴻⴼⴼⴻⵖ ⵖⴻⴼ ⵓⴼⴻⵍⵍⴰ ⵏ ⵜⵇⴰⵛⵓⵛⵜ.	Yes
ⵓⵔ	ⵓⵔ ⵜⵙⵙⵓⴷⴷ ⴰⵙⴷⴷⵔⴼ.	Yes
ⵀⴰⵜ	ⴰⵔ ⵉⵜⵜⵓⵖⵓⵍ ⵓⵖⵓⴷⴰ ⴰⵔ ⵉⵜⵜⵉⵏⵉ ⵀⴰⵜ.	Yes
ⴰⵔ	ⵟⵓⵎ ⴰⵔ ⵉⵜⵜⵓⵖⵓⵍ ⴰⵔ ⵉⵜⵜⵓⵖⵓⵍ.	Yes
ⴳ	ⵉⵔⵥⵎ ⵜ ⴰⵔ ⵢⵓⴼⴰ ⵢⴰⵏ ⵓⴽⵙⵓⵎ ⵉⵣⴷⴷⵉⴳⵏ ⴳ ⵓⴳⵏⵙⵓ.	Yes
ⵜⵃⴻⵎⵎⴻⵍ	ⵟⵉⵎ ⵜⵃⴻⵎⵎⴻⵍ ⵓⵍⴰ ⴷ ⵏⴻⵜⵜⴰⵜ.	Yes
ⵜⵙⵍⴰ	ⵢⴰⵜ ⵜⵉⵣⵉ, ⵜⵙⵍⴰ ⵢⴰⵜ ⵜⴳⵓⵔⵉ.	Yes
ⴰⵙⴻⵔⴷⴰⵙ	ⵙⴰⴽⴽⵉⵏ, ⴰⵙⴻⵔⴷⴰⵙ ⴰⵣⴻⴳⵣⴰⵡ ⵢⴻⵙⵄⴰ ⵢⵉⵡⴻⵜ ⵏ ⵜⴽⵜⵉ.	Yes
ⴽⵔⴰ	ⵜⴷⴷⴰ ⵢⵎⵎⴰ ⵖⵔ ⵜⵃⴰⵏⵓⵜ ⴰⴼⴰⴷ ⴰⴷ ⵜⵙⵙⴽⵔ ⴽⵔⴰ ⵏ ⵜⵖⴰⵡⵙⵉⵡⵉⵏ.	Yes
ⵜⵡⵉⵙⵉ	ⵜⵙⵇⵙⴰ ⵎⵎⴰ ⵏⵏⵙ ​​ⵅⴼ ⵜⵡⵉⵙⵉ.	Yes
ⵜⵙⵙⵔⵙ	ⵜⵙⵙⵔⵙ ⵜⵏ ⴳ ⵜⴳⵎⵎⵉ ⵏⵏⵙ.	Yes
ⵜⵏ	ⵜⵔⴰ ⴰⴷ ⵓⵔ ⵜⵏ ⵜⵙⵙⵔⵇⴱ.	Yes
ⵢⴰⵏ	ⵜⵓⵔⴰⵔ ⴰⵔ ⵍⵍⵉⵖ ⵉⴳⴰ ⵡⴰⴽⵓⴷ ⵉ ⵢⴰⵏ ⵓⵏⴳⴰⵍ.	Yes
ⵙⴳ	ⵉⵏⵏⴰ ⴰⵙ ⵎⴰⵙ ⴷ ⴰⴷ ⵉⵇⴱⵍ ⵜⴰⵡⵙⵉⵜ ⵙⴳ ⵉⵎⴷⴷⵓⴽⴽⴰⵍ ⵏⵏⵙ.	Yes
ⴰⵔ	ⴰⵔ ⵜⵜⵓⵙⵎⵔⴰⵙⵏ ⴰⵔ ⵜⵜⵓⵙⵎⵔⴰⵙⵏ.	Yes
ⵜⵀⵉⵔⵉⵜ	ⵉⵥⵕⴰ ⵢⴰⵜ ⵜⵀⵉⵔⵉⵜ ⵉⴼⵓⵍⴽⵉⵏ.	Yes
ⴰⵔ	ⵉⴳⴰ ⴰⵙⵃⵉⵙⵙⴼ ⴰⵔ ⵉⴱⴷⴷ ⴳ ⵓⵅⴷⴷⵉⵎ.	Yes
ⵏ	ⵉⵙⵇⵙⴰ ⵟⵓⵎ ⴽⵔⴰ ⵏ ⵜⵇⵛⵉⵛⵜ ⵜⴰⵎⵥⵥⵢⴰⵏⵜ.	Yes
ⵥⵕⵕⴰⵏ	ⴰⵔ ⵥⵕⵕⴰⵏ ⵢⴰⵏ ⵡⴰⵢⴹ.	Yes
ⵢⵄⴰⵡⵏ	ⴼⵍⵍ-ⴰⵙ ⴼⵍⵓⴼⵉ ⴰⴷ ⵢⵄⴰⵡⵏ.	Yes
ⴰⵔ	ⵜⴱⴷⴰ ⵜⵛⵏⵏⵓ ⴰⵔ ⵜⵓⵔⴰⵔ ⵜⵉⴽⴽⵍⵜ ⵢⴰⴹⵏ.	Yes
ⴰⵔ	ⵉⴱⴱⵉ ⵓⴷⵍⵉⵙ, ⴰⵔ ⴱⴰⵀⵔⴰ ⵜⵜⵃⵢⵢⴰⵍⵏ ⴱⴰⵀⵔⴰ.	Yes
ⴰⵙⵎⴽⵍ	ⴰⵔ ⵜⵜⴷⴷⵓⵏ ⵖⵔ ⵜⴳⵎⵎⵉ ⴰⵔ ⵜⵜⴰⵎⵥⵏ ⴰⵙⵎⴽⵍ.	Yes
ⴰⴷ	ⴰⵔ ⵜ ⵉⵙⵙⵎⵔⴰⵙ ⴰⴼⴰⴷ ⴰⴷ ⵉⵙⵙⵉ ⴰⴽⵙⵓⵎ ⵏⵖⴷ ⴰⵙⵎⵎⵉⴹ.	Yes
ⵜⴽⵓⵔⵜ	ⵢⴰⵏ ⵡⴰⵙⵙ, ⵙⴱⵓⵜ ⵉⵥⵕⴰ ⵢⴰⵜ ⵜⴽⵓⵔⵜ ⵜⴰⵎⵇⵇⵔⴰⵏⵜ ⴳ ⵓⴱⴰⵔⴰⵣ.	Yes
ⵉⵔⴰ	ⵜⵉⵎ ⵉⵔⴰ ⴰⴷ ⵜⴰⵡⵙ ⵙⵓ.	Yes
ⴰⵢⵍⵍⵉ	ⵔⴰⵏ ⴰⴷ ⵥⵕⵏ ⴰⵢⵍⵍⵉ ⵥⴹⴰⵕⵏ ⴰⴷ ⴳⵏ ⴰⴽⵉⴷⵙⵏ.	Yes
ⵜⵡⵓⵔⵉⵡⵉⵏ	ⵜⵛⵛⵓⵔ ⵙ ⵜⵡⵓⵔⵉⵡⵉⵏ ⵉⴼⵓⵍⴽⵉⵏ!	Yes
ⴰⴷⵍⵉⵙ	ⵜⴼⵍ ⴰⴷⵍⵉⵙ ⵏⵏⵙ ⵖ ⵜⴳⵎⵎⵉ ⵖ ⵜⵙⴳⴰ ⵏ ⵓⴷⵍⵉⵙ.	Yes
ⵢⵉⵡⴻⵜ	ⵜⵜⴻⵎⵍⵉⵍⵉⵏ ⴰⴽⴽ ⴰⵢⴻⵏ ⵢⴻⵍⵍⴰⵏ ⴷ ⵢⵉⵡⴻⵜ ⵏ ⵜⴽⴻⵕⵕⵓⵙⵜ ⵜⴰⵎⴻⵇⵔⴰⵏⵜ.	Yes
ⵉⵜⵜⴳⴳⵡⴷ	ⴳ ⵜⵉⵣⵡⵓⵔⵉ, ⵟⵉⵎ ⴰⵔ ⵉⵜⵜⴳⴳⵡⴷ, ⵎⴰⵛⴰ ⴼⴼⵉⵔ ⴰⵙ ⴳⴰⵏ ⵉⵎⴷⴷⵓⴽⴽⴰⵍ.	Yes
ⵓⵙⴼⵙⵔ	ⵙⴰⵎ ⵉⵍⵍⴰ ⵖⵓⵔⵙ ⵢⴰⵏ ⵓⵙⴼⵙⵔ ⵉ ⵙⴱⵓⵜ!	Yes
ⵜⵉⵏ	ⵉⵍⴰ ⵜⴻⵍⵍⴰ ⴷ ⵜⵉⵏ ⴰⵢ ⴷ-ⵢⴻⵙⵙⴽⴰⵏⴰⵢⴻⵏ ⵎⵍⵉⵃ.	Yes
ⵉⵟⵉⵊ	ⵉⵟⵉⵊ ⴰⵔ ⵉⵜⵜⵓⵖⵓⵍ ⴱⴰⵀⵔⴰ ⴰⵔ ⵉⵜⵜⵓⵖⵓⵍ.	Yes
ⴰⵔ	ⵙⵓ ⴰⵔ ⵜⵙⵙⵓⵜⵓⵔ ⵉ ⵎⵎⴰ ⵏⵏⵙ.	Yes
ⵜⵜⵉⵔⵉⵖ	ⴰⵔ ⵜⵜⵉⵔⵉⵖ ⴰⵣⴳⵣⴰⵡ.	Yes
ⵜⵍⵍⴰ	ⵢⴰⵜ ⵜⵉⵣⵉ, ⵜⵍⵍⴰ ⵢⴰⵜ ⵜⵖⴹⴼⵜ ⵜⴰⵎⵥⵥⵢⴰⵏⵜ.	Yes
ⵜⴰⴱⵍⴰⴹⵜ	ⵓⵔ ⵊⵊⵓ ⵜⴷⵡⵍ ⴰⵙ ⵜⴰⴱⵍⴰⴹⵜ ⵏⵏⵙ.	Yes
ⵜⵍⵍⴰ	ⵢⴰⵜ ⵜⵉⵣⵉ ⵜⵍⵍⴰ ⵢⴰⵜ ⵜⵔⴱⴰⵜ ⵜⴰⵎⵥⵥⵢⴰⵏⵜ.	Yes
ⵍⵉⵍⵉ	ⵍⵉⵍⵉ ⵜⵙⵡⵉⵏⴳⵎ ⴽⵉⴳⴰⵏ!	Yes
ⵉⴱⵖⴰ	ⵉⴱⵖⴰ ⴰⴷ ⵢⴰⵡⵉ ⴰⵎⵛⵉⵛ.	Yes
ⵓⵖⴱⴰⵍⵓ	ⵢⴰⵜ ⵜⵉⵣⵉ, ⴰⵔ ⵉⵜⵜⵃⵢⵢⴰⵍ ⵢⴰⵏ ⵓⵏⴳⴰⵙ ⵎⵇⵇⵓⵔⵏ ⴳ ⵓⵖⴱⴰⵍⵓ ⵏⵏⵙ.	Yes
ⴰⴷ	ⵎⵙⴻⴼⵀⴰⵎⴻⵏ ⴰⴽⴽ ⵢⴻⵔⵏⵓ ⴱⴷⴰⵏ ⵜⵜⵎⴰⵀⴰⵍⴻⵏ ⴰⴽⴽⴻⵏ ⴰⴷ ⵇⴰⴱⵍⴻⵏ.	Yes
ⴰⵔⵔⴰⵛ	ⴰⵔⵔⴰⵛ ⵏⵏⵙ ⴰⵔ ⵉⵜⵜⵓⵖⵓⵍ, ⵓⵔ ⵉⵣⵎⵉⵔ ⴰⴷ ⵉⴱⴱⵉ.	Yes
ⵎⵍⵉⵃ	ⵍⵉⵍⵉ ⴷ ⵟⵉⵎ ⴼⵊⵊⵉⵊⵏ ⵎⵍⵉⵃ ⴰⵔ ⵜⵜⴹⵚⴰⵏ ⵓⴳⴳⴰⵔ.	Yes
ⴰⵔ	ⵔⵡⵍⵏ ⴰⵔ ⵜⵜⵏⴰⵖⵏ ⴳ ⵜⴳⵎⵎⵉ.	Yes
ⵜⴰⴽⴻⵕⵕⵓⵙⵜ-ⴰ	ⵜⴰⴽⴻⵕⵕⵓⵙⵜ-ⴰ ⵜⴻⵙⵄⴰ ⴰⴽⴰⴱⴰⵔ.	Yes
ⴽⵉⴳⴰⵏ	ⵍⵉⵍⵉ ⵜⴼⵓⵍⴽⵉ ⴽⵉⴳⴰⵏ!	Yes
ⵢⴻⵍⵀⴰⵏ	ⵎⴰⵛⴰ ⵙⴰⵎ ⵉⴱⴰⵏ-ⴷ ⴷ ⴰⵢⴻⵏ ⵉ ⵢⴻⵍⵀⴰⵏ.	Yes
ⵡⵓⵍ	ⴰⵔ ⵉⵜⵜⵃⴰⵙⴰⴱ ⵜⴰⵍⵡⵉⵜ ⴳ ⵡⵓⵍ ⵏⵏⵙ.	Yes
ⵉⵜⵜⵓⵖⵓⵍ	ⵉⴱⴷⴰ ⵓⴽⵙⵓⵎ ⴰⵔ ⵉⵜⵜⵓⵖⵓⵍ ⴰⵔ ⵉⵜⵜⵓⵖⵓⵍ!	Yes
ⴰⴷ	ⵎⵉⴰ ⵜⵍⵍⴰ ⵜⴼⵔⴰ ⴱⴰⵀⵔⴰ ⴰⵔ ⵜⵔⴰ ⴰⴷ ⵜⵥⵕ ⴰⵙⵃⵉⵙⵙⴼ.	Yes
ⵓⴳⴹⵉⴹ	ⴱⵓⴱⵓ ⴷ ⵍⵉⵍⵉ ⴹⴹⴰⵕⵍⴼⵏ ⴰⵔ ⵜⵜⴰⵡⵙⵏ ⴳ ⵓⴳⴹⵉⴹ.	Yes
ⴷ	ⵃⴻⵎⵎⵍⴻⵏ ⵓⵍⴰ ⴷ ⵜⴰⵃⴽⴰⵢⵜ.	Yes
ⵉⵎⴻⴷⴷⵓⴽⴰⵍ	ⵡⵉ ⴷ ⵉⵎⴻⴷⴷⵓⴽⴰⵍ.	Yes
ⴰⴷ	ⵜⵄⵔⴹ ⵍⵉⵍⵉ ⴰⴷ ⵜⵙⵙⴽⵏ ⴰⵎⵛⵛⵉ ⴳⵔⵓⵎⴱⵉ.	Yes
ⵢⴻⵜⵜⵔ	ⵟⵓⵎⵎⵉ ⵜⵊⵔⵃ ⵢⵔⵏⵓ ⵢⴱⴷⴰ ⵍⴰ ⵢⴻⵜⵜⵔ.	Yes
ⵜⵃⴻⵎⵎⴻⵍ	ⵜⵃⴻⵎⵎⴻⵍ ⴰⴷ ⵜⴻⵙⵙⴻⵡⵊⴻⴷ ⵢⴻⵔⵏⵓ ⴰⴷ ⵜⴻⵙⵙⴻⵡⵊⴻⴷ.	Yes
ⵜⵓⵔⴰⵔ	ⵜⵔⴰ ⴰⴷ ⵜⵓⵔⴰⵔ ⴰⴽⵉⴷⵙ.	Yes
ⵜⵄⴻⴷⴷⵉ	ⵍⵉⵍⵉ ⵜⵃⴻⵎⵎⴻⵍ ⴰⴷ ⵜⵄⴻⴷⴷⵉ.	Yes
ⴰⴱⵔⵉⴷ	ⵟⵉⵎ ⵜⵃⴻⵎⵎⴻⵍ ⴰⴱⵔⵉⴷ.	Yes
ⵜⵃⴻⵎⵎⴻⵍ	ⵜⵃⴻⵎⵎⴻⵍ ⴰⴷ ⵜⵓⵔⴰⵔ ⴷⴻⴳ ⴱⴻⵔⵔⴰ, ⵡⴰⵍⴰ ⴰⵏⵣⵡⵉ.	Yes
ⵜⵉⴽⴽⴻⵍⵜ	ⵣⴻⵎⵔⴻⵏ ⴰⴷ ⵓⵔⴰⵔⴻⵏ ⵖⴻⴼ ⵜⵔⴻⴳⵡⴰ-ⴰ ⵜⵉⴽⴽⴻⵍⵜ ⵏⵏⵉⴹⴻⵏ.	Yes
ⵉⵜⵜⵄⵓⵎ	ⴰⵔ ⵉⵜⵜⵄⵓⵎ ⴰⵔ ⵉⵜⵜⵃⵢⵢⴰⵍ.	Yes
ⵎⴰⵙ	ⵓⵔ ⵉⵙⵙⵉⵏ ⵎⴰⵙ ⴷ ⴰⴱⵔⵉⴷ ⵉⴳⴰ ⵢⴰⵏ ⵓⵏⴳⴰⵙ.	Yes
ⵢⴰⵏ	ⵢⴰⵜ ⵜⵉⵣⵉ, ⵉⵍⵍⴰ ⵢⴰⵏ ⵓⵔⴱⴰ ⵉⵙⵎ ⵏⵏⵙ ⵟⵉⵎ.	Yes
ⴰⵔ	ⴰⵔ ⵜⵜⵓⵔⴰⵔⵏ ⴽⵓ ⴰⵙⵙ ⴽⵓ ⴰⵙⵙ.	Yes
ⵜⵜⵉⵔⵉⵔⵏ	ⵃⵙⴱⵏ ⴰⵙ ⴰⵔ ⵜⵜⵉⵔⵉⵔⵏ ⴰⴷ ⵜⵜ ⴰⵡⵙⵏ.	Yes
​	ⵜⵙⴰⵡⵍ ⴰⵙ ⵎⵎⴰ ⵏⵏⵙ ​​ⵜⵉⴽⴽⵍⵜ ⵢⴰⴹⵏ.	Yes
ⵜⵙⴽⵍⵓⵜ	ⴳ ⵓⴷⵖⴰⵔ ⵏⵏⵙ, ⵍⵍⴰⵏⵜ ⴽⵔⴰ ⵏ ⵜⵙⴽⵍⵓⵜ ⵜⴰⵎⵥⵥⵢⴰⵏⵜ.	Yes
ⴳⴰⵏ	ⴳⴰⵏ ⵉⵎⴷⴷⵓⴽⴽⴰⵍ ⵉⴼⵓⵍⴽⵉⵏ.	Yes
ⵉⵥⵕⵕⴰ	ⴰⵔ ⵉⵥⵕⵕⴰ ⵜⴰⵣⵣⵉⴳⵣⵜ ⵅⴼ ⵓⴹⴰⴹ ⵏ ⵜⵓⵎ.	Yes
ⴰⴽⴷ	ⵖⵓⵔⵙⵏ ⵙⵉⵏ ⵢⴰⵏ ⵡⴰⵙⵙ ⵉⴼⵓⵍⴽⵉⵏ ⴰⴽⴷ ⵓⴽⴰⵢⴰⴽ ⴰⵎⴰⵢⵏⵓ.	Yes
ⵍⵉⵍⵉ	ⵉⵙⵍⴰ ⵉ ⵍⵉⵍⵉ ⵉⴽⵛⵎ ⵙ ⵜⴳⵎⵎⵉ.	Yes
ⴰⵔ	ⵖⵓⵔⵙⵏ ⵢⴰⵏ ⵓⵏⵛⴽ ⴰⵔ ⵜⵜⴱⴹⴹⵓⵏ ⵉⴱⵔⴷⴰⵏ ⵏⵏⵙⵏ ⴳⵔⴰⵙⵏ.	Yes
ⵜⴰⵔⴱⴰⵜ	ⵜⴰⵔⴱⴰⵜ ⴰⵔ ⵜⵜ ⵜⵥⵕⵕⴰ ⴰⵔ ⵜⴱⴷⴷⴰ ⵜⵜ ⵜⵙⵙⴼⵍⵉⴷ.	Yes
ⵢⴰⵜⵜⵓⵢⵏ	ⵉⵍⵍⴰ ⵅⴼ ⵢⴰⵏ ⵓⴳⵣⵣⵓⵎ ⵢⴰⵜⵜⵓⵢⵏ.	Yes
ⵏⵏⵙ	ⵜⵥⵕⴰ ⴰⵔⴱⴰ ⵏ ⵓⵔⴱⴰ ⴳ ⵉⴼⴰⵙⵙⵏ ⵏⵏⵙ.	Yes
ⴰⴷ	ⴰⵔ ⵉⵜⵜⵉⵔⵉⵔ ⴰⴷ ⵉⵏⴹⵍ ⴽⵓⵍⵍⵓ ⴰⵙⵙ.	Yes
ⵙⴱⵓⵜ	ⵙⴱⵓⵜ ⴰⵔ ⵉⵜⵜⵉⵔⵉ ⴰⴷ ⵉⵙⴽⵔ ⵜⵉⵖⴰⵡⵙⵉⵡⵉⵏ ⵙ ⵜⵡⵍⴰⴼⵉⵏ ⵏⵏⵙ.	Yes
ⴰⴳⴷⵓⴷ	ⴽⵓⵍⵍⵓ ⴰⴳⴷⵓⴷ ⴼⵊⵊⵉⵊ ⴱⴰⵀⵔⴰ.	Yes
ⵢⴰⵏ	ⵢⴰⵜ ⵜⵉⵣⵉ, ⵜⵥⵕⴰ ⵢⴰⵏ ⵓⴱⵕⵕⴰⵏⵉⵢ.	Yes
ⴰⴷ	ⵜⵄⴰⵡⵏ ⴱⵏ ⴰⴷ ⵉⴼⴼⵖ ⵅⴼ ⵙⵍⵉⴷ.	Yes
ⵓⴼⵍⵍⴰ	ⵟⵓⵎ ⵇⵔⵉⴱ ⵖ ⵓⴼⵍⵍⴰ.	Yes
ⵉⵜⵜⵍⵓⵥ	ⵜⵥⵕⴰ ⵎⴰⵙ ⴷ ⴷⵉⵏⴰⵚⵓⵕ ⴰⵔ ⵉⵜⵜⵍⵓⵥ.	Yes
ⵢⵔⵏⵓ	ⵟⵉⵎ ⵢⵓⵙⴰ-ⴷ ⵖⵔ ⵡⴰⴽⴰⵍ ⵢⵔⵏⵓ ⵢⵙⵙⵔⵙ-ⴷ ⵜⵉⴼⵍⵡⵉⵢⵉⵏ-ⵏⵏⵉ.	Yes
ⴰⵙⵄⴻⴷⴷⵉ	ⵢⴻⵏⵏⴰ-ⴷ ⵟⵓⵎ, ⴰⵙⵄⴻⴷⴷⵉ ⵏ ⵢⵉⵡⴻⵜ ⵏ ⵜⵇⴻⵛⵡⵉⵟ.	Yes
ⵢⵍⵍⴰ	ⵟⵉⵎ ⵢⵍⵍⴰ ⵢⵜⵜⵄⴷⴷⵉ ⵎⵍⵉⵃ.	Yes
ⴷ	ⵟⵓⵎ ⴷ ⵎⵉⵢⴰ ⴼⵕⵃⵏ.	Yes
ⴰⴷ	ⴰⴷ ⵜⵜ ⵙⵙⴻⵏⴹⴻⵏ.	Yes
ⵢⴻⵙⵄⴰ	ⴰⴼⴻⵔⵟⴻⵟⵟⵓ ⵢⴻⵙⵄⴰ ⴰⴹⴰⵔ ⵢⴻⵜⵜⵡⴰⵔⵥⵎⴻⵏ.	Yes
ⴰⵎⵛⵉⵛ	ⴰⵎⵛⵉⵛ ⵉⴱⵖⴰ ⴰⴷ ⵢⴰⵡⵉ ⴰⴳⴹⵉⴹ.	Yes
ⴱⴰⵀⵔⴰ	ⵉⵟⵉⵊ ⴰⵔ ⵉⵜⵜⵙⵔⵖ ⴱⴰⵀⵔⴰ ⴳ ⵢⵉⴳⵏⵏⴰ.	Yes
ⵉⴼⴰⵙⵙⵏ	ⵉⵍⵍⴰ ⵖⵓⵔⵙ ⵢⴰⵏ ⵓⵏⵣⵡⵉ ⴰⵣⴳⴳⵡⴰⵖ ⴰⵅⴰⵜⴰⵔ ⴷ ⵉⴼⴰⵙⵙⵏ ⵉⵖⵣⵣⵉⴼⵏ ⵉⵖⵣⵣⵉⴼⵏ.	Yes
ⴰⴷ	ⵜⵣⴻⵎⵔⴻⴹ ⴰⴷ ⵜⵔⴻⵥⵥⵓⵎ ⴽⵔⴰ ⵏ ⵡⴰⵢⴻⵏ ⵜⵔⵉⴷ.	Yes
ⴽ	ⵉⵖⵢ ⴰⴷ ⴽ ⵢⴰⵊⵊ.	Yes
ⵎⵍⵉⵃ	ⴰⵙⴻⵎⵎⵉⴹ-ⴰ ⵢⴻⵍⵍⴰ ⵢⴻⵜⵜⵡⴻⵀⵀⵉ-ⴷ ⵎⵍⵉⵃ.	Yes
ⵏ	ⴰⵔ ⵉⵜⵜⴰⵡⵉ ⴽⵉⴳⴰⵏ ⵏ ⵜⵇⵛⵓⵛⵉⵏ ⴷ ⵉⵥⵕⴰⵏ.	Yes
ⵖⵔ	ⴱⵓⴱⵓ ⵢⵓⵖⴰⵍ-ⴷ ⵖⵔ ⵜⵖⵍⴰⵎⵜ-ⴰ ⵖⵔ igloo.	Yes
ⵜⵙⵙⵓⵙⵎ	ⵜⴹⵚⴰ ⴰⵔ ⵜⵙⵙⵓⵙⵎ ⴱⴰⴱⴰⵙ ⵏ ⵉⴳⴹⴰⴹ.	Yes
ⵏⵏⵙ	ⵎⴰⴽⵙ ⵖⵓⵔⵙ ⵢⴰⵏ ⵓⵏⴳⴰⵙ ⵅⴼ ⵓⴹⴰⵕ ⵏⵏⵙ ⵏ ⵓⴹⴰⵕ.	Yes
ⵉⵍⵉ	ⵜⴰⵖⴰⵔⴰ ⵏ ⵜⵓⵍⵍⵉⵙⵜ ⵜⴳⴰ ⵜⵜ: ⵉⵍⵉ ⴷ ⴰⴱⵖⴰⵙ.	Yes
ⴰⵙⴻⵎⵎⵉⴹ	ⵜⴱⴱⵉ-ⴷ ⵜⵇⴻⵛⵡⵉⵟ-ⵏⵏⵉ, ⵢⴻⵔⵏⴰ ⴰⵙⴻⵎⵎⵉⴹ ⵢⴻⵍⵍⴰ ⵢⴻⵜⵜⴻⴷⴷⵓ.	Yes
ⵜⴳⵉⵔⴰ	ⴳ ⵜⴳⵉⵔⴰ, ⵓⴼⴰⵏ ⵢⴰⵜ ⵜⴱⴰⵜⵔⵉⵜ ⵜⴰⵎⴰⵢⵏⵓⵜ ⴳ ⵢⴰⵏ ⵓⴽⵙⵓⵎ.	Yes
ⴷⴷⴰⵡ	ⵙ ⵎⴰⵏⴰⵢⴰ ⵜⵇⵇⵉⵎ ⵜⵉⵎ ⴷⴷⴰⵡ ⵏ ⵓⵙⴽⵡⴼⵍ ⴰⵎⵇⵇⵔⴰⵏ ⴰⵔ ⵜⴼⵔⵔⵓⵎ.	Yes
ⵏⵏⵙ	ⵓⴼⴰⵏ ⵢⴰⵜ ⵜⵔⴱⴰⵜ ⵉⵙⵎ ⵏⵏⵙ ⵙⵓ.	Yes
ⴷ	ⵜⵉⵎ ⴷ ⵓⴳⴹⵉⴹ ⴰⵔ ⵜⵜⴷⴷⵓⵏ ⴳ ⵓⵏⵔⴰⵔ.	Yes
ⴽⵓ	ⴰⵔ ⵜⵜⵓⵔⴰⵔⵏ ⴽⵓⵍⵍⵓ ⴰⵙⵙ, ⴽⵓ ⴰⵙⵙ.	Yes
ⵉⴽⵛⵎ	ⵉⴱⵖⴰ ⴰⴷ ⵉⴽⵛⵎ.	Yes
ⴰⴳⴹⵉⴹ-ⴰ	ⴰⴳⴹⵉⴹ-ⴰ ⵢⴻⵍⵍⴰ ⵢⴻⵃⵡⴰⵊ.	Yes
ⵍⵉⵍⵉ	ⵙ ⵡⴰⵢⴰ, ⵍⵉⵍⵉ ⵜⴻⴼⴼⴻⵖ-ⴷ ⴱⴻⵕⵕⴰ ⵢⴻⵔⵏⵓ ⵜⴻⴱⴷⴰ ⵜⴻⵜⵜⵓⵔⴰⵔ.	Yes
ⴰⴼⴰⴷ	ⵜ ⵜⵍⴽⵎⴷ ⴰⴼⵓⵙ ⵏⵏⵙ ⴰⴼⴰⴷ ⴰⴷ ⵜⵙⵙⴽⵔ ⴰⴳⴹⵉⴹ.	Yes
ⵏⵜⵜⴰ	ⵜⴰⴽⵕⵕⵓⵙⵜ ⵓⵔ ⵜⵏⵜⵥⵔⵉ ⵓⵍⴰ ⴷ ⵏⵜⵜⴰ.	Yes
ⵊⴰⵏⴻ	ⵎⵉ ⴷ-ⵢⴻⵇⵇⴻⵍ ⵢⵉⵟⵉⵊ, ⵟⵓⵎ ⴷ ⵊⴰⵏⴻ ⵏⵏⴰⵏ-ⴷ ⴼⴻⵍⵍ-ⴰⵙ.	Yes
ⵖⴰⵍⵏ	ⵖⴰⵍⵏ ⵉⵙ ⵓⵔ ⵜⵍⵍⵉ ⵜⴼⵓⴳⵍⴰ ⵏⵏⵙⵏ ⵉⴼⵓⵍⴽⵉⵏ.	Yes
ⵉⵣⴷⵖⵏ	ⵟⵓⵎ ⴷ ⴰⵎⵓⵍⵍⵉ ⵍⵍⵉ ⵉⵣⴷⵖⵏ ⴳ ⵢⴰⵏ ⵓⴽⵔⵣ.	Yes
ⵍⵓⵛⵉ	ⵍⵓⵛⵉ ⵜⴳⴰ ⴱⴰⵀⵔⴰ ⴰⵙⵃⵉⵙⵙⴼ.	Yes
ⵡⴰⵙⵙ	ⵢⴰⵏ ⵡⴰⵙⵙ, ⴷⴷⵓⵏ ⵖⵔ ⵓⵏⵔⴰⵔ.	Yes
ⴱⵓⴷⵉ	ⴱⵓⴷⵉ ⵜⵃⴻⵎⵎⴻⵍ ⴰⴷ ⵜⵄⴻⴷⴷⵉ ⴷⴻⴳ ⵡⴰⵎⴰⵏ.	Yes
ⵢⴻⵃⵡⴰⵊ	ⵙⵒⵓⵜ ⵢⴻⵍⵍⴰ ⵢⴻⵃⵡⴰⵊ.	Yes
ⴳⵎⴰ	ⵏⴻⵜⵜⴰ ⴷ ⴳⵎⴰ ⵏⵏⴻⴽ.	Yes
ⵜⵜⴼⴼⵖⵏ	ⴰⵔ ⵜⵜⴼⴼⵖⵏ ⵙⴳ ⵓⵖⵣⵓ.	Yes
ⵓⵙⴻⵡⵡⵉ	ⵏⴻⵛⵛ ⴷ ⵉⵙⴻⵍⵎⴰⵏ ⵏ ⵓⵙⴻⵡⵡⵉ.	Yes
ⵡⴰⵢⴰ	ⴹⴼⴼⵉⵔ ⵡⴰⵢⴰ, ⴽⵔⴰ ⵓⵔ ⵏⵙⵄⵉ ⴰⵔⴰ ⵢⴹⵔⴰ.	Yes
ⵓⵔ	ⵥⵔⴰⵏ ⴳ ⵓⵏⵛⴽ, ⵎⴰⵛⴰ ⵓⵔ ⵉⵍⵍⵉ ⴽⵔⴰ ⵏ ⵡⵓⵛⵛⵉ.	Yes
ⵜⵍⵍⴰ	ⵢⴰⵜ ⵜⵉⵣⵉ, ⵜⵍⵍⴰ ⵢⴰⵜ ⵜⵓⵔⵢⴰ ⵜⴰⵎⵇⵇⵔⴰⵏⵜ.	Yes
ⴰⵙⴻⵏ-ⵢⴻⴵⴵ	ⵙⵙⴰⵔⴰⵎⴻⵏ ⴰⴷ ⴰⵙⴻⵏ-ⵢⴻⴵⴵ ⵢⴻⵎⵎⴰ ⴰⴷ ⵥⵔⴻⵏ ⵜⵉⵍⵉⵥⵔⵉ ⴰⵣⴻⴽⴽⴰ ⴰⵣⴻⴽⴽⴰ.	Yes
ⵏ	ⵍⵍⵉⴳ ⵢⵓⵡⴹ ⴷⵉⵏⵏⴰ, ⵉⵥⵕⴰ ⴽⵉⴳⴰⵏ ⵏ ⵉⵎⴷⴷⵓⴽⴽⴰⵍ.	Yes
ⵢⵉⵡⴻⵏ	ⵎⴰⵛⴰ ⵙⴰⴽⴽⵉⵏ, ⴰⵎⵛⵉⵛ-ⵏⵏⵉ ⵢⴻⵍⵍⴰ-ⴷ ⴷⴻⴳ ⵢⵉⵡⴻⵏ ⵏ ⵓⵥⵔⵓ ⵢⴻⵜⵜⵡⴰⵔⵓⵏ.	Yes
ⵢⴰⴹⵏ	ⵓⵔ ⵉⵅⵚⵚⴰ ⴰⴷ ⴽ ⵢⴰⵊⵊ ⵏⵖ ⴽⵔⴰ ⵢⴰⴹⵏ.	Yes
ⴰⴳⴹⵉⴹ	ⴰⵔ ⵉⵜⵜⵛⵇⵇⵓ ⴰⴳⴹⵉⴹ ⴰⵔ ⵉⵜⵜⵓⵖⵓⵍ ⴰⵔ ⵉⵜⵜⵙⵎⵓⵎⵎⵓⵢ.	Yes
ⵉⵖⵓⴷⴰⵏ	ⵛⴻⴽ ⴷ ⴳⵎⴰ ⵉⵖⵓⴷⴰⵏ.	Yes
ⴰⵙⵔⴰⴳ	ⴰⵙⵔⴰⴳ ⴰⵔ ⴱⴰⵀⵔⴰ ⵉⴼⵓⵍⴽⵉ ⴷ ⴳ ⵡⴰⴽⵓⴷ.	Yes
ⵙ	ⵎⴰⵛⴰ ⴹⴼⴼⵉⵔ ⴰⵙ ⵥⵕⴰⵏ ⵢⴰⵏ ⵓⵔⴳⴰⵣ ⵙ ⵢⴰⵜ ⵜⵡⵍⴰⴼⵜ.	Yes
ⴰⵔ	ⵍⵉⵍⵉ ⴷ ⴱⵏ ⴰⵔ ⵜⵜⵉⵔⵉⵏ ⴰⴷ ⵓⵔⴰⵔⵏ ⴳ ⵓⵏⵔⴰⵔ.	Yes
ⴰⵔ	ⵖⵓⵔⵙ ⴽⵉⴳⴰⵏ ⵏ ⵉⴽⵡⵍⴰⵏ ⴰⵔ ⵜⵥⴹⴰⵕ ⴰⴷ ⵜⵙⴽⵔ ⵜⵉⵡⵍⴰⴼⵉⵏ ⵉⴼⵓⵍⴽⵉⵏ.	Yes
ⴰⵔ	ⵜⴽⵛⵎ ⴰⵔ ⵜⴱⴷⴷⴰ ⴰⵔ ⵜⵙⵙⵓⴷⵓ ⴳ ⵓⴱⵔⵉⴷ.	Yes
ⵢⴰⵏ	ⵉⵟⵟⴼ ⵢⴰⵏ ⵙⴳ ⵉⴱⵔⴷⴰⵏ.	Yes
ⴽⵉⴳⴰⵏ	ⴳ ⵜⴰⴳⴰⵏⵜ, ⵍⵍⴰⵏ ⴽⵉⴳⴰⵏ ⵏ ⵉⵙⴽⵡⵍⴰⵏ ⵉⵖⵣⵣⵉⴼⵏ.	Yes
ⵓⴼⵔⴰ	ⴰⵔ ⵜⵜⴳⴳⴰⵏ ⴽⵉⴳⴰⵏ ⵏ ⵓⴼⵔⴰ.	Yes
ⵟⴰⵎ	ⵢⴰⵏ ⵡⴰⵙⵙ, ⵢⵓⵙⴰ-ⴷ ⵓⵎⴷⴷⴰⴽⴽⵍ ⵏ ⵙⵓ ⵟⵉⵎ-ⴷ ⵟⴰⵎ.	Yes
ⵍⵓⵛⵉ	ⴰⵔ ⵜⵜⵔⵇⵇⴰⵏ ⴰⵔ ⵜⵜⵔⵇⵇⴰⵏ, ⴰⵔ ⵜⵜⵏⵎⵎⵉⴹⵏ ⵍⵓⵛⵉ ⵅⴼ ⵜⵏⴼⵍⵉⵜ ⵏⵏⵙ.	Yes
ⵜⴻⵙⵖⴰ-ⴷ	ⵙ ⵡⴰⵢⴰ, ⵜⴰⵎⵖⴰⵔⵜ-ⴰ ⵜⴻⵙⵖⴰ-ⴷ ⴰⴽⴻⵔⵙⵉ-ⴰ ⵢⴻⵔⵏⵓ ⵜⴻⵟⵟⴻⴼ-ⵉⵜⵜ ⵖⴻⵔ ⵓⵅⵅⴰⵎ.	Yes
ⵜⵙⵙⵓⵎⵓⵎ	ⵍⵉⵍⵉ ⴰⵔ ⵜⵙⵙⵓⵎⵓⵎ ⴰⵔ ⵜⵇⵇⵉⵎ ⵖ ⵜⴼⵙⵓⵜ.	Yes
ⵡⵎⴽⴰⵏ	ⵉⵔⵥⵎ ⵟⵉⵎ ⵜⴰⵇⵛⵔⵉⵜ, ⵢⵔⵏⵓ ⴼⴼⵖ-ⴷ ⵖⵔ-ⵙ ⵢⵉⵡⵏ ⵏ ⵡⵎⴽⴰⵏ ⴰⵎⵥⵢⴰⵏ.	Yes
ⵓⴼⴰⵏ-ⵜ-ⵉⴷ	ⵟⵓⵎ ⴷ ⵙⴰⵎ ⵓⴼⴰⵏ-ⵜ-ⵉⴷ ⵛⵡⵉⵟ ⴽⴰⵏ.	Yes
ⵜⵜⴰⵣⵣⴰⵍ	ⴰⵔ ⵜⵜⴰⵣⵣⴰⵍ ⵅⴼ ⵜⵔⵙⵍⵜ.	Yes
ⴷ	ⵜⵉⵎ ⴷ ⵙⴰⵎ ⵓⵔ ⵥⵕⵉⵏ ⵜⴰⴽⵓⵔⵜ ⵏⵏⵙⵏ.	Yes
ⵙ	ⴰⵔ ⵜⵃⵎⵉⵍ ⴰⴷ ⵜⵙⴽⵔ ⵜⵉⵖⴰⵡⵙⵉⵡⵉⵏ ⵙ ⵉⵅⴼ ⵏⵏⵙ.	Yes
ⵛⵛⵏⴰ	ⵙⵓ ⴰⵔ ⵉⵜⵜⵉⵔⵉⵔ ⴰⴷ ⵉ ⵛⵛⵏⴰ.	Yes
ⵓⴽⴰⴱⴰⵔ-ⵉⵙ	ⵉⵖⵔⴰ-ⴷ ⵍⵉⴱⴰⵔ ⵛⵡⵉⵟ ⴰⴳⴹⵉⴹ ⵉ ⵓⴽⴰⴱⴰⵔ-ⵉⵙ.	Yes
ⵜⵔⵡⵍ	ⵜⵔⵡⵍ ⵙ ⵜⴼⵙⵙⵉ ⴰⴼⴰⴷ ⴰⴷ ⵜⵙⵙⵓⴼⵖ ⵉⵎⴷⴷⵓⴽⴽⴰⵍ ⵏⵏⵙ.	Yes
ⵏ	ⵙⴰⴽⴽⵉⵏ, ⵜⵖⵜⵙ ⵢⵉⵡⵜ ⵏ ⵜⴳⵔⴰⵡⵜ ⴰⴷ ⵜⵙⵙⵉⵡⴹ ⵖⵔ ⵓⵏⵔⴰⵔ-ⴰ.	Yes
ⵓⵎⴷⴷⴰⴽⴽⵍ	ⵜⴷⴷⴰ ⵍⵓⵛⵉ ⵖⵔ ⵜⴰⴷⴷⴰⵔⵜ ⵏ ⵓⵎⴷⴷⴰⴽⴽⵍ ⵏⵏⵙ ⵟⵓⵎ.	Yes
ⵜⴷⴰⴱⵓⵜ	ⴰⵔ ⵜⵜ ⵜⵙⵙⵔⵙ ⵅⴼ ⵜⴷⴰⴱⵓⵜ.	Yes
ⵎⵉ	ⵢⵉⵡⴻⵏ ⵏ ⵡⴰⵙⵙ, ⵎⵉ ⵢⴻⵍⵍⴰ ⵢⴻⵜⵜⵓⵔⴰⵔ ⴱⴻⵕⵕⴰ, ⵢⴻⵙⵕⵓⵃ ⵜⴰⴽⴰⴱⴱⵓⵜ-ⵏⵏⴻⵙ.	Yes
ⴰⴽⴷ	ⵢⴰⵏ ⵡⴰⵙⵙ, ⵜⴷⴷⴰ ⵙ ⵜⵙⴷⵍⵉⵙⵜ ⴰⴽⴷ ⵎⵎⴰ ⵏⵏⵙ.	Yes
ⵖⵓⵔⵙⵏ	ⴽⵓⵍⵍⵓⵜⵏ ⵖⵓⵔⵙⵏ ⵢⴰⵏ ⵓⵣⵎⵣ ⵉⴼⵓⵍⴽⵉⵏ ⴰⵔ ⵜⵜⵓⵔⴰⵔⵏ ⵙ ⵢⴰⵜ ⵜⵖⴰⵔⴰⵙⵜ.	Yes
ⵢⴰⵏ	ⵜⵥⵕⴰ ⵢⴰⵏ ⵓⵙⴽⵡⴼⵍ ⴰⵅⴰⵜⴰⵔ ⴷ ⵢⴰⵜ ⵜⵊⴷⴷⵉⴳⵜ ⵉⵖⵓⴷⴰⵏ.	Yes
ⵍⵓⵛⵉ	ⵢⴰⵜ ⵜⵉⴽⴽⵍⵜ, ⵜⵍⵍⴰ ⵢⴰⵜ ⵜⵔⴱⴰⵜ ⵜⴰⵎⵥⵥⵢⴰⵏⵜ ⵉⵙⵎ ⵏⵏⵙ ⵍⵓⵛⵉ.	Yes
ⴷⵉ	ⴰⵎⴰⵏ ⵜⵜⴻⴷⴷⵓⵏ ⴷⵉ ⵢⴰⵍ ⴰⵏⴷⴰ.	Yes
ⵙⴰⴽⴽⵉⵏ	ⵎⴰⵛⴰ ⵙⴰⴽⴽⵉⵏ, ⵢⵓⵙⴰ-ⴷ ⵡⵓⴳⵓⵔ.	Yes
ⴰⵔⴰ	ⵎⴰⵛⴰ ⵙⴰⴽⴽⵉⵏ, ⴽⵔⴰ ⵓⵔ ⵜⵜ-ⵜⴻⵜⵜⴰⵔⵔⴰ ⴰⵔⴰ.	Yes
ⵜⵓⵎ	ⵜⵓⵎ ⴰⵔ ⵜⵙⵙⴼⵍⵉⴷ ⴽⵉⴳⴰⵏ!	Yes
ⵙⴽⵔⵏⵜ	ⵊⵉⵏⵉ ⴷ ⵟⵓⵎ ⵙⴽⵔⵏⵜ.	Yes
ⵓⵔⴱⴰ	ⴰⵔ ⵥⵕⵕⴰⵏ ⴰⵡⴷ ⵢⴰⵜ ⵜⵔⴱⴰⵜ ⴷ ⵢⴰⵏ ⵓⵔⴱⴰ.	Yes
ⴰⴷ	ⴽⵓ ⵢⴰⵏ ⴰⵔ ⵉⵜⵜⵉⵔⵉ ⴰⴷ ⵢⴰⵡⵉ ⵢⴰⵏ ⵡⴰⵢⴹ.	Yes
ⵎⵍⵉⵃ	ⵛⴻⴽ ⴷ ⵎⵍⵉⵃ.	Yes
ⵙ	ⵎⴰⴽⵙ ⵉⴱⴱⵉ-ⴷ ⴰⵣⴰⵎⵓⵍ-ⵏⵏⴻⵙ ⵢⴻⵔⵏⵓ ⵢⴻⵙⵙⴻⵔⵙ-ⴷ ⵙ ⵍⴼⴻⵕⵃ.	Yes
ⴽⵓⵍⵍⵓⵜ	ⴰⵎⵛⵉⵛ ⵢⴰⵔⴰ ⴰⴽⴷ ⵜⴽⵓⵔⵜ ⴽⵓⵍⵍⵓⵜ ⴽⵓ ⴰⵙⵙ.	Yes
ⵉⵎⵢⴰⵍⵍⴰⵏ	ⵓⵔⴰⵔⵏ ⴷ ⵉⴽⵡⵍⴰⵏ ⵉⵎⵢⴰⵍⵍⴰⵏ ⴽⵓⵍⵍⵓ ⴰⵙⵙ.	Yes
ⵜⴽⵔⴽⴰⵙ	ⴰⵔ ⵜⵜⵏⴰⵖⵏ ⵅⴼ ⵢⴰⵜ ⵜⴽⵔⴽⴰⵙ ⵉⴼⵓⵍⴽⵉⵏ.	Yes
ⵉⵜⵜⵓⵖⵓⵍ	ⴰⵔ ⵉⵜⵜⵓⵖⵓⵍ ⵓⴱⵖⵓⵔ ⵖⵔ ⴷⴼⴼⵉⵔ.	Yes
ⵜⵏⴼⵓⵙⵜ	ⵜⵍⵍⴰ ⵖⵓⵔⵙ ⵢⴰⵜ ⵜⵏⴼⵓⵙⵜ ⵜⴰⵎⵇⵇⵔⴰⵏⵜ.	Yes
ⵉⵔⴰ	ⵜⵉⵎ ⵉⵔⴰ ⴰⴷ ⵉⵙⵖ ⵢⴰⵜ ⵜⵔⵣⵣⵉⴼⵜ ⵉ ⵢⵎⵎⴰⵙ.	Yes
ⵔⵓⵣ	ⵢⴰⵏ ⵡⴰⵙⵙ, ⵔⵓⵣ ⵖⵓⵔⵙ ⵢⴰⵜ ⵜⵡⵏⴳⵉⵎⵜ.	Yes
ⵜⵡⵓⵔⵉ	ⵓⵔ ⵉⵍⵍⵉ ⵖ ⵜⵡⵓⵔⵉ.	Yes
ⵜⵉⴽⵍⵉ	ⵎⴰⵣⴰⵍ ⵍⵍⴰⵏ ⵉⵎⴷⴷⵓⴽⴽⴰⵍ ⵉⵖⵓⴷⴰⵏ ⴰⵔ ⵜⵜⵉⵔⵉⵔⵏ ⵜⵉⴽⵍⵉ ⵏⵏⵙⵏ ⴽⵓⵍⵍⵓ.	Yes
ⵏⵏⵙ	ⵜⵓⴼⴰ ⴷ ⵜⴰⵎⴷⴷⴰⴽⵍⵜ ⵏⵏⵙ, ⴷⴷⵖ ⴰⵢⵜ ⴰⵎⵇⵔⴰⵏ.	Yes
ⵏⵏⴰⵏ-ⵜⴻⵏ-ⵉⴷ	ⵃⴻⵎⵎⵍⴻⵏ ⴳⴰⵔ-ⴰⵙⴻⵏ ⵢⴻⵔⵏⵓ ⵏⵏⴰⵏ-ⵜⴻⵏ-ⵉⴷ ⵙⵙⵓⵔⴼⴻⵏ.	Yes
ⵜⴳⵉⵔⴰ	ⴳ ⵜⴳⵉⵔⴰ, ⵟⵓⵎ ⴷ ⵓⴳⴹⵉⴹ ⴳⴰⵏ ⵉⵎⴷⴷⵓⴽⴽⴰⵍ ⵉⵖⵓⴷⴰⵏ.	Yes
ⵢⴻⵔⵏⵓ	ⵢⵓⵙⵉ-ⴷ ⴰⴽⵙⵓⵎ-ⵏⵏⵉ ⵢⴻⵔⵏⵓ ⵢⴻⵙⵙⴻⵔⵙ-ⵉⵜⵜ ⴷⴻⴳ ⵓⵎⵙⴻⴷⴷⴰⵢ.	Yes
ⵓⵔ	ⵎⴰⵛⴰ ⵓⵔ ⵜ-ⵜⴻⵜⵜⴰⵔⵔⴰ ⴰⵔⴰ.	Yes
ⵜⵖⴰⵡⵙⴰ	ⵜⴱⴷⴰ ⵜⵖⴰⵡⵙⴰ ⴰⴷ ⵜⴳ ⵎⵇⵇⵓⵔⵏ ⴷ ⵎⵇⵇⵓⵔⵏ.	Yes
ⵜⴰⴷⴷⴰⵔⵜ	ⵉⴼⵔⴰⵔ ⴱⴰⵀⵔⴰ ⴰⵔ ⵉⵜⵜⵉⵔⵉⵔ ⴰⴷ ⵜ ⵢⴰⵡⵉ ⵙ ⵜⴰⴷⴷⴰⵔⵜ.	Yes
ⵉⵥⵍⵉⵏ	ⴳ ⵓⴳⵏⵙⵓ ⵏ ⵡⴰⴷⴷⴰⴷ ⵜⵍⵍⴰ ⴽⵔⴰ ⵏ ⵜⵖⴰⵡⵙⴰ ⵉⵥⵍⵉⵏ.	Yes
ⴱⴰⵀⵔⴰ	ⵜⴼⵔⴰⵔ ⴱⴰⵀⵔⴰ ⴷ ⵜⴼⵔⴰ.	Yes
ⴰⴷ	ⵉⴱⵖⴰ ⴱⵓⴳ ⴰⵎⵥⵥⵢⴰⵏ ⴰⴷ ⵢⵓⵔⴰⵔ ⴰⴽⴷ ⴱⵓⴱ ⴷ ⴽⴰⵜ.	Yes
ⵉⵜⵜⵓⵜⵢ	ⵉⵜⵜⵓⵜⵢ ⴰⴷ ⵜ ⵉⵙⵙⵓⴼⵖ ⵍⵍⵉⴳ ⵉⴼⴼⵖ.	Yes
ⴰⵔ	ⵜⵍⵍⴰ ⵜⵅⵙ ⴰⵔ ⵜⴳⵡⵜ.	Yes
ⴱⴰⵀⵔⴰ	ⵜⴳⴰ ⵢⴰⵜ ⵜⴱⵔⴰⵀⵜ ⴱⴰⵀⵔⴰ!	Yes
ⴰⵔ	ⴳⴰⵏ ⵉⵎⴷⴷⵓⴽⴽⴰⵍ ⵉⴼⵓⵍⴽⵉⵏ ⴰⵔ ⵜⵜⵓⵔⴰⵔⵏ ⴽⵓ ⴰⵙⵙ.	Yes
ⴰⵔ	ⵉⴱⴷⴰ ⵎⵉⵎⵉ ⴰⵔ ⵉⵜⵜⵔ.	Yes
ⵖ	ⴰⵔ ⵉⵥⵕⵕⴰ ⴽⵓⵍⵍⵓ ⵖ ⵜⵙⴳⴰ ⵏ ⵜⴳⵎⵎⵉ.	Yes
ⵜⵏ	ⴰⵔ ⵜⵏ ⵜⵜⵎⵣⵉⵣⵡⵉⵔⵏ ⵅⴼ ⵜⵡⵔⵉⵔⵜ.	Yes
ⵏ	ⵉⴱⵖⴰ ⴰⴷ ⵜ ⵢⴰⵡⵉ ⵖⵔ ⵉⵎⴷⴷⵓⴽⴽⴰⵍ ⵏⵏⵙ ⵏ ⵓⵏⵛⵜ.	Yes
ⵢⴰⵜ	ⵢⴰⵜ ⵜⵉⵣⵉ, ⵜⵍⵍⴰ ⵢⴰⵜ ⵜⵎⴷⵉⵏⵜ ⵉⴼⵓⵍⴽⵉⵏ.	Yes
ⴷ	ⵉⴳⴰ ⴰⵎⵥⵥⵢⴰⵏ ⴷ ⵉⵎⵥⵥⵢⴰⵏ.	Yes
ⵊⵉⵎⵎⵉ	ⵢⴰⵏ ⵓⵔⴱⴰ ⴰⵎⵥⵥⵢⴰⵏ, ⵊⵉⵎⵎⵉ, ⵉⴷⴷⴰ ⵖⵔ ⴱⵕⵕⴰ ⴰⴼⴰⴷ ⴰⴷ ⵉⵙⴼⵙⵔ.	Yes
ⵓⵏⴳⴰⵙ	ⴱⵓⴱ ⴰⵔ ⵉⵜⵜⵔⵣⵣⵓ ⵅⴼ ⵡⴰⵎⴰⵏ ⵏ ⵓⵏⴳⴰⵙ.	Yes
ⵏ	ⵖⵓⵔⵙⵏ ⴽⵉⴳⴰⵏ ⵏ ⵓⴼⵔⴰ, ⵜⵡⵉⵏⴽⵍ ⵉⴼⵓⵍⴽⵉ ⴱⴰⵀⵔⴰ.	Yes
ⵉⵎⴷⴷⵓⴽⴽⴰⵍ	ⴱⴷⴰⵏ ⵉⵎⴷⴷⵓⴽⴽⴰⵍ ⵏⵏⵙ ⴰⵔ ⵜⵜⴹⵚⴰⵏ.	Yes
ⵡⴰⵢⴰ	ⵙ ⵡⴰⵢⴰ, ⵜⴳⴰ.	Yes
ⴱⵏ	ⵜⵃⵓⵍⴼⴰ ⵉ ⴱⵏ.	Yes
ⵉⴼⵓⵍⴽⵉⵏ	ⴽⵓⵍⵍⵓ ⵉⵎⵓⴷⴰⵔ ⵖⵓⵔⵙⵏ ⵢⴰⵏ ⵓⵏⵛⴽ ⵉⴼⵓⵍⴽⵉⵏ ⵅⴼ ⵜⵔⴰⵎⴱⵓⵍ.	Yes
ⴽⵉⴳⴰⵏ	ⴰⵔ ⵜⵜⴳⴳⴰⵏ ⴽⵉⴳⴰⵏ ⵏ ⵓⴼⵔⴰ.	Yes
ⵇⵇⵍⴻⵏ	ⵇⵇⵍⴻⵏ ⴷ ⵉⵎⴻⴷⴷⵓⴽⴰⵍ ⵢⴻⵍⵀⴰⵏ.	Yes
ⵜⴼⵔⴰⵔ	ⵙⵓ ⴰⵔ ⵜⴼⵔⴰⵔ ⴱⴰⵀⵔⴰ ⴰⵔ ⵜⵙⵙⵓⵎⵓⵎ ⴰⵙ ⵢⴰⵏ ⵓⴽⵙⵓⵎ.	Yes
ⵙ	ⵓ ⵎⴰⵔⵔⴰ ⴷⴷⴰⵔⴻⵏ ⵥⵉ ⵙ ⵜⵉⴷⴻⵜⵜ.	Yes
ⵡⴰⵙⵙ	ⵢⴰⵏ ⵡⴰⵙⵙ, ⴰⵙⵍⵎⴰⴷ ⵏⵏⵙ ⴳⵔⴰⵀⴰⵎ ⵉⵖⵔⴰ ⴰⵙ ⵖⵔ ⵢⵉⴷⵉⵙ.	Yes
ⴱⵓⵏⵉ	ⵍⵉⵍⵉ ⵜⵃⴻⵎⵎⴻⵍ ⴱⵓⵏⵉ.	Yes
ⴽⵓⵍⵍⵓ	ⴰⵔ ⵜⵜⵔⴰⵔⴰⵏ ⵉⵜⵔⴰⵏ ⴽⵓⵍⵍⵓ.	Yes
ⵜ	ⵜⵥⵕ ⵜ ⵍⵉⵍⵉ.	Yes
ⵉⴳⴹⴰⴹ	ⵓⵔ ⵉⴳⵉ ⵜⵉⵎ ⵓⵔ ⵉⴳⵉ ⴰⵎ ⵉⴳⴹⴰⴹ ⵢⴰⴹⵏⵉⵏ.	Yes
ⴷ	ⵟⵉⵎ ⴷ ⵎⵉⵢⴰ ⵜⵜⵃⵉⵙⵙⵉⴼⵏ ⴰⵔ ⵜⵜⴳⴳⴰⵏ.	Yes
ⴰⴷ	ⵔⵉⵖ ⴰⴷ ⵜⵙⵉⵡⵍ.	Yes
ⴳⴰⵔ-ⴰⵙⴻⵏ	ⵙⵙⴰⵔⴰⵎⴻⵏ ⴰⴷ ⵙⵙⴻⵏⵇⵙⴻⵏ ⴳⴰⵔ-ⴰⵙⴻⵏ.	Yes
ⴽⵓⵍⵍⵓⵜⵏ	ⴽⵓⵍⵍⵓⵜⵏ ⴼⵔⵃⵏ ⴱⴰⵀⵔⴰ.	Yes
ⵜⵟⵟⴰⴼ	ⵜⵟⵟⴰⴼ ⵅⴼ ⵓⵏⴳⴰⵙ.	Yes
ⵓⵎⵛⵉⵛ	ⵖⵓⵔⵙ ⵢⴰⵏ ⵓⵎⵛⵉⵛ ⵏ ⵜⵓⵔⴰⵔⵜ ⵉⵙⵎ ⵏⵏⵙ ⴽⵉⵜⵜⵉ.	Yes
ⵜⵎⴻⵍⵍⴰⵍⵜ	ⴰⵙⵙ-ⵏⵏⵉ, ⵜⴻⴱⴷⴰ-ⴷ ⵜⵎⴻⵍⵍⴰⵍⵜ ⴰⴷ ⵜⵜ-ⵜⴻⵙⵙⴻⵇⴷⴻⵛ.	Yes
ⴰⴽⴷ	ⵉⵣⴷⵖ ⵓⵍⵍⵢ ⴳ ⵢⴰⵏ ⵓⴳⵍⵎⴰⵎ ⴰⴽⴷ ⵜⵡⴰⵛⵓⵏⵜ ⵏⵏⵙ.	Yes
ⵢⴻⵙⵙⴻⵃⵣⴻⵏ-ⴷ	ⴰⵢⴰ ⵢⴻⵙⵙⴻⵃⵣⴻⵏ-ⴷ ⵎⵉⵜⵜⴻⵏ ⵢⴻⵔⵏⵓ ⴱⴷⴰⵏ ⵜⵜⵏⴰⵖⴻⵏ.	Yes
ⵢⴻⵔⵏⵓ	ⵓⵔ ⵢⴻⵙⵄⵉ ⴰⵔⴰ ⵜⴰⴽⴻⵕⵕⵓⵙⵜ-ⵏⵏⴻⵙ ⵏ ⵜⴽⵓⵔⵜ ⵏ ⵓⴹⴰⵔ ⵢⴻⵔⵏⵓ ⵢⴻⴱⵖⴰ-ⵜⵜ-ⵉⴷ.	Yes
ⵏ	ⴰⵙⵙ-ⴰ, ⵜⵓⴼⴰ-ⴷ ⴽⵔⴰ ⵏ ⵜⵖⴰⵡⵙⴰ ⵜⴰⵎⴻⵥⵢⴰⵏⵜ ⵎⵍⵉⵃ ⴷⴻⴳ ⵓⵏⵔⴰⵔ.	Yes
ⵖⴻⵔ	ⵢⵓⵙⴰ-ⴷ ⵢⴻⵎⵎⴰ ⵖⴻⵔ ⵜⴰⴷⴷⴰⵔⵜ, ⵜⴻⵥⵔⴰ-ⵜⴻⵏ ⵎⵍⵉⵃ.	Yes
ⵉⵣⵎⵉⵔ	ⴰⵔ ⵉⵥⵕⵕⴰ ⴽⵓ ⴰⵏⵙⴰ, ⵎⴰⵛⴰ ⵓⵔ ⵉⵣⵎⵉⵔ ⴰⴷ ⵜ ⵢⴰⴼ.	Yes
ⴰⵔ	ⵢⵓⴼⴰ ⴽⵔⴰ ⵏ ⵜⵡⵍⴰⴼⵉⵏ ⴰⵔ ⵜⵏⵜ ⵙⵙⵓⵖⵍⵖ.	Yes
ⵓⵍⴰ	ⵍⵍⴰⵏⵜ ⵜⵀⵉⵔⵉⵜⵉⵏ, ⵜⵉⴽⵕⵕⵓⵙⵉⵏ, ⵓⵍⴰ ⴷ ⵢⴰⵜ ⵜⴽⵓⵔⵜ ⵜⴰⵎⵇⵇⵔⴰⵏⵜ.	Yes
ⴰⴷ	ⵜⵙⵙⵏ ⵉⵙ ⵜⴳⴰ ⵢⴰⵜ ⵜⵖⴰⵡⵙⴰ ⵉⵛⵇⵇⴰⵏ, ⵎⴰⵛⴰ ⵜⵔⴰ ⴰⴷ ⵜⵄⵔⴹ.	Yes
ⴰⵎⵥⵥⵢⴰⵏ	ⵍⵍⵉⴳ ⵉⵍⵍⴰ ⵢⴰⵏ ⵓⵔⴱⴰ ⴰⵎⵥⵥⵢⴰⵏ ⵉⵙⵎ ⵏⵏⵙ ⵊⴰⴽ.	Yes
ⴰⵙⴻⵔⴷⵓⵏ	ⴰⵙⴻⵔⴷⵓⵏ ⵢⴻⵜⵜⴼⴻⴵⴵⵉⴵ ⴽⵓⵍⵍⴻⵛ ⴷ ⵊⴻⵏⵏⵉ.	Yes
ⵓⴹⴰⵔ-ⵏⵏⴻⵙ	ⴰⵎⵉ ⵜⴻⵍⵍⴰ ⵜⴻⵜⵜⵇⴻⵍⵍⴰⵇ ⴰⵛⴽⵓ ⵜⴻⵅⵚⴻⵔ ⵜⴰⴽⵓⵔⵜ ⵏ ⵓⴹⴰⵔ-ⵏⵏⴻⵙ.	Yes
ⵜⵃⴻⵎⵎⴻⵍ	ⵜⵃⴻⵎⵎⴻⵍ ⴰⴽⴰⵎⵢⵓⵏ ⵏ ⵟⵉⵎ, ⵎⴰⵛⴰ ⵜⴻⵜⵜⴰⵔⵔⴰ-ⴷ ⴷⴰⵖ ⴰⵣⴰⵍ ⵉ ⵜⴷⵓⵍⵉ-ⵏⵏⴻⵙ.	Yes
ⵎⵍⵉⵃ	ⵎⴰⵛⴰ ⵎⴰⵣⴰⵍ ⵢⵓⵍⵉ ⵎⵍⵉⵃ, ⵓⵍⴰ ⵉ ⵓⵎⵛⵉⵛ.	Yes
ⵏ	ⵢⴰⵜ ⵜⵉⵣⵉ, ⵍⵍⴰⵏⵜ ⴽⵔⴰ ⵏ ⵜⵡⵍⴰⴼⵉⵏ.	Yes
ⵙⴰⵔⴰ	ⵙⴰⵔⴰ ⴷ ⴱⵏ ⴱⴷⴰⵏ ⴰⵔ ⵜⵜⵎⵔⴰⵔⴰⵏ.	Yes
ⵉⵎⵓⴼⴰⵢⵏ	ⴳⴰⵏ ⵉⵎⵓⴼⴰⵢⵏ ⵏ ⵉⵎⴷⴷⵓⴽⴽⴰⵍ.	Yes
ⵓⵙⵎⵎⵉⴹ	ⴰⴼⵔⴰⴳ ⵉⴳⴰ ⵜ ⴽⵉⴳⴰⵏ ⵏ ⵓⵙⵎⵎⵉⴹ.	Yes
ⵜⵥⵔⵉ	ⵓⵔ ⵜⵥⵔⵉ ⵢⴻⵎⵎⴰ-ⵙ.	Yes
ⴳⴰⵏ	ⵓⵔ ⵉⵃⵎⵉⵍ ⵎⴽ ⵍⵍⵉ ⴳⴰⵏ ⴳⴳⵡⴷⵏ ⵏⵖ ⴷⴷⵉⵣⵣⵉ.	Yes
ⴱⴻⵍⵍⵉ	ⵓⵔ ⵜⵏⵏⵉ ⴰⵔⴰ ⴱⴻⵍⵍⵉ ⵜⴻⵍⵍⴰ ⴷ ⵜⴰⵄⴻⵢⴷⵉⵏⵜ.	Yes
ⵅⴼ	ⵜⵔⵡⵍ ⵖⵔ ⵜⴰⴷⴷⴰⵔⵜ ⵏⵏⵙ ⵜⵙⵙⵔⵇⴱ ⵅⴼ ⵜⵡⵡⵓⵔⵜ.	Yes
ⵉⵜⵜⵎⵙⴰⵙⴰ	ⴱⵓⴱ ⴰⵙⵡⵉⵏⴳⵎ ⴼⵍⵍⴰⵙ ⴰⵔ ⵉⵜⵜⵎⵙⴰⵙⴰ.	Yes
ⴰⵙ	ⵜⵙⵙⵔⵙ ⵜ ⴰⵔ ⵜⵙⵙⵓⴷⴷ ⴰⵙ ⵢⴰⵏ ⵓⵏⵛⴽ.	Yes
ⴽⵓⵍⵍⵓⵜⵏ	ⴽⵓⵍⵍⵓⵜⵏ, ⴼⵓⴽⴽⵏ ⵙⵙⵉⵔⴷⵏ ⴰⴽⴽⵡ ⵉⴼⵏⵓⵣⵏ.	Yes
ⵉⵙⵍⵎⴰⵏ	ⵊⵉⵙⵙⵉ ⴷ ⵉⵙⵍⵎⴰⵏ ⵖⵓⵔⵙⵏ ⴽⵉⴳⴰⵏ ⵏ ⵓⴼⵔⴰ.	Yes
ⵟⵉⵎ	ⵟⵉⵎ ⴷ ⵙⴱⵓⵜ ⴼⵕⵃⵏ ⵙ ⵙⵉⵏ ⵢⵔⵏⵓ ⵜⵜⵄⵓⵎⵓⵏ.	Yes
ⴷ	ⵏⵜⵜⴰ ⴷ ⴰⵙⵖⴰⵏ!	Yes
ⵜⴱⴱⵉ-ⴷ	ⵜⴱⴱⵉ-ⴷ ⵜⵛⵉⵔⵜ, ⵢⴻⵔⵏⴰ ⵜⴻⵄⵔⴻⴹ-ⴷ ⴱⴻⵄⴷⴰ.	Yes
ⵜⴰⴳⵍⴷⴰⵏⵜ	ⵜⴰⵎⵣⵡⴰⵔⵓⵜ, ⵔⵣⴰⵏ ⵅⴼ ⵜⵎⵖⴰⵔⵜ ⵜⴰⴳⵍⴷⴰⵏⵜ ⵖⵔ ⵢⵉⴷⵉⵙ ⵏ ⵜⵡⵡⵓⵔⵜ.	Yes
ⴽⵔⴰ	ⵉⵥⵔⴰ ⴽⵔⴰ ⵏ ⵉⴳⴹⴰⴹ.	Yes
ⵙⵒⵓⵜ	ⵙⵒⵓⵜ ⵢⴻⵍⵍⴰ ⴷ ⴰⵏⴻⵄⵔⵓⴹ ⵎⵍⵉⵃ.	Yes
ⴰⵡⴷ	ⵓⵔ ⵉⵙⵙⵏ ⴰⵡⴷ ⵢⴰⵏ ⵎⴰⴷ ⵉⵍⵍⴰⵏ ⴳ ⵓⴳⵏⵙⵓ.	Yes
ⵍⵉⵍⵉ	ⴰⵔ ⵜⵔⴰ ⵍⵉⵍⵉ ⴰⴷ ⵜⵍⵎⴷ ⴰⵡⴷ ⵏⵜⵜⴰⵜ.	Yes
ⵜⵊⴷⴷⵉⴳⵉⵏ	ⵥⵕⴰⵏ ⴽⵉⴳⴰⵏ ⵏ ⵜⵊⴷⴷⵉⴳⵉⵏ ⵜⵉⵇⴱⵓⵔⵉⵏ.	Yes
ⴰⴷ	ⵉⵔⴰ ⴰⴷ ⵢⴰⵙⵉ ⴰⵙⵡⵍⴼ ⵙⴳ ⵜⴰⵔⴱⴰⵜ.	Yes
ⴷ	ⵉⵙⵙⵏ ⵎⴰⵙ ⴷ ⵍⵉⵍⵉ ⵜⴳⴰ ⴰⵣⵔⴼ.	Yes
ⴷ	ⵉⵙⴻⵎ-ⴰ ⴷ ⵙⵒⵓⵜ.	Yes
ⵜⴽⵕⵕⵓⵙⵜ-ⵏⵏⵙ	ⵢⵓⵙⴰ-ⴷ ⵖⵔ ⵜⴽⵕⵕⵓⵙⵜ-ⵏⵏⵙ ⵢⵔⵏⵓ ⵢⵙⵙⵓⴼⴼⵖ-ⴷ.	Yes
ⴷ	ⵜⴰⵏⵎⵎⵉⵔⵜ, ⵟⵓⵎ ⴷ ⵍⵉⵍⵉ.	Yes
ⵢⴰⵏ	ⵜⵉⵎ ⵖⵓⵔⵙ ⵢⴰⵏ ⵓⵏⵛⴽ ⴰⵅⴰⵜⴰⵔ.	Yes
ⵉⵊⵊ	ⵉⵊⵊ ⵏ ⵙⵏⴰⵇ ⵉⵜⵜⵏⵖⴰⵏ, ⵉⵜⵜⵡⴰⵍⴻⵇ.	Yes
ⴰⵔⴰ	ⵓⵔ ⵜ-ⵜⴻⵜⵜⵄⴻⴹⴹⵉⵍ ⴰⵔⴰ!	Yes
ⵙⴰⴽⴽⵉⵏ	ⵙⴰⴽⴽⵉⵏ, ⵖⵓⵔⵙⵏ ⵢⴰⵜ ⵜⵡⵏⴳⵉⵎⵜ.	Yes
ⵉⵍⵍⴰ	ⵉⵍⵍⴰ ⵖⵓⵔⵙ ⵢⴰⵏ ⵓⵎⴷⴷⴰⴽⴽⵍ, ⴷ ⴰⵙⴼⴰⵢⵍⵓ ⵉⴼⵓⵍⴽⵉ ⴰⵡⴷ ⵏⵜⵜⴰ.	Yes
ⵊⴰⵣ	ⴰⵔ ⵉⵜⵜⵉⵔⵉ ⵓⵇⵛⵓⵛ ⴰⴷ ⵉⵙⵙⵏ ⴰⵥⴰⵡⴰⵏ ⵏ ⵊⴰⵣ.	Yes
ⴰⵔ	ⴰⵔ ⴱⴰⵀⵔⴰ ⵜⵜⵓⵙⴼⵙⴰⵔⵏ ⵉⵛⵉⵔⵔⴰⵏ ⴰⵔ ⵜⵜⴳⴳⵡⵏ ⵛⵡⵉⵢ.	Yes
ⵏⵏⵙⵏ	ⵎⵎⴰ ⵏ ⵙⴰⵎ ⵜⴼⵔⴰⵔ ⴱⴰⵀⵔⴰ ⵙ ⵜⵡⵉⵙⵉ ⵏⵏⵙⵏ.	Yes
ⴽⴰⵏ	ⴷ ⴽⴰⵏ ⵍⵓⵏⴰ.	Yes
ⵢⴻⵙⵄⴰ	ⴰⴳⴹⵉⴹ ⵢⴻⵙⵄⴰ ⴰⵟⴰⵙ ⵏ ⵜⵖⴰⵡⵙⵉⵡⵉⵏ.	Yes
ⵜⵏ	ⴰⵔ ⵜⵏ ⵜⵜⵉⵏⵉⵏ ⵅⴼ ⵙⵙⴽⵕ ⵉⴼⵓⵍⴽⵉⵏ.	Yes
ⵙⴰⴽⴽⵉⵏ	ⵙⴰⴽⴽⵉⵏ, ⵥⵔⴰⵏ-ⴷ ⵢⵉⵡⴻⵜ ⵏ ⵜⴽⴰⵎⵔⴰ ⴷⴻⴳ ⵡⴰⴽⴰⵍ.	Yes
ⴰⴽⴷ	ⵍⵉⵍⵉ ⴷ ⵙⴰⵎ ⵍⵍⴰⵏ ⴳ ⵓⵏⵔⴰⵔ ⴰⴽⴷ ⵎⵎⴰ ⵏⵏⵙⵏ.	Yes
ⵏ	ⵢⵓⵙⴰ-ⴷ ⴷⴰⵅⴻⵍ ⵏ ⵜⵃⴰⵏⵓⵜ ⵢⴻⵔⵏⵓ ⵢⵓⴼⴰ-ⴷ ⵜⴰⴽⵓⵔⵜ ⵜⴰⵎⴻⵇⵔⴰⵏⵜ.	Yes
ⵜⵍⵍⴰ	ⵜⵍⵍⴰ ⵜⵃⵍⴰ ⴱⴰⵀⵔⴰ.	Yes
ⴰⴼⵏ	ⵟⵉⵎ ⴷ ⵍⵉⵍⵉ ⵜⵜⴷⴷⵓⵏ ⴰⴷ ⴰⴼⵏ ⵙⴰⵎ.	Yes
ⵉⵙⵙⵓⵜⵍ	ⵎⴰⴽⵙ ⵉⵙⵙⵓⵜⵍ ⴰⵔ ⵉⵜⵜⴰⵊⵊⴰ ⴰⴱⴱⵍ ⵏⵏⵙ ⴰⴷ ⵉⴷⵔⵓ.	Yes
ⵜⵓⵎⵔⵜ	ⴰⵔ ⵜⵙⵙⵓⵎⵓⵎ ⵎⵎⴰ ⵏⵏⵙ ​​ⵙ ⵜⵓⵎⵔⵜ.	Yes
ⵟⵓⵎ	ⵎⴰⵛⴰ ⵟⵓⵎ ⵎⴰⵣⴰⵍ-ⵉⵜⵜ ⵜⴻⵜⵜⵡⴰⵃⵙⴻⴱ.	Yes
ⴰⴳⵉⵟⴰⵔ	ⵉⴹⵕ ⴰⵔ ⵉⵙⴽⵙⵉⵡ ⴰⴳⵉⵟⴰⵔ.	Yes
ⵙⴰⴽⴽⵉⵏ	ⵙⴰⴽⴽⵉⵏ, ⵓⴼⴰⵏ-ⴷ ⵜⴰⴽⴻⵕⵕⵓⵙⵜ ⵏ ⵓⵥⴰⵡⴰⵏ ⴷⴻⴳ ⵢⵉⵡⴻⵜ ⵏ ⵜⴽⴻⵕⵕⵓⵙⵜ ⵜⴰⵎⴻⵛⵟⵓⵃⵜ.	Yes
ⵙⵍⴰⵏ-ⴷ	ⵎⴰⵛⴰ ⵙⴰⴽⴽⵉⵏ, ⵙⵍⴰⵏ-ⴷ ⴰⵙⵓⵏⴷⴻⴷ ⵎⵍⵉⵃ.	Yes
ⵜⴷⴷⴰ	ⵢⴰⵏ ⵡⴰⵙⵙ, ⵜⴷⴷⴰ ⵢⴰⵜ ⵜⵣⵡⵉⵏⵏⵉⵜ ⵜⴰⵅⴰⵜⴰⵔⵜ ⵖⵔ ⵓⴳⵍⵎⴰⵎ.	Yes
ⵉⴹⵕ	ⵓⵔ ⵉⵔⵉ ⴰⴷ ⵉⴹⵕ.	Yes
ⴰⵔ	ⴰⵔ ⵉⵜⵜⴹⵚⴰ ⴰⵔ ⵉⵜⵜⵃⵢⵢⴰⵍ ⴽⵉⴳⴰⵏ!	Yes
ⵖⵔ	ⵙⴰⵎ ⴷ ⵟⵉⵎ ⴰⵔ ⵜⵜⵓⵖⵓⵍⵏ ⵖⵔ ⵜⴰⴷⴷⴰⵔⵜ.	Yes
ⵍⵉⵍⵉ	ⵜⴳⴰ ⵍⵉⵍⵉ ⵜⵜⴳⴳⵡ.	Yes
ⵜⵡⵔⵉⵔⵜ	ⴰⵔ ⵉⵜⵜⵙⵎⵓⵏ ⴷⴷⴰⵡ ⵏ ⵜⵡⵔⵉⵔⵜ, ⴰⵔ ⵉⵜⵜⴳⴳⴰ ⴰⵙⵓⵜⴳ ⵉⵣⴷⵉⵏ.	Yes
ⴷ	ⵢⴰⵜ ⵜⵉⵣⵉ, ⵉⴼⴼⵖ ⴷ ⵢⴰⵏ ⵓⵎⵛⵛⵉ ⴰⵎⴷⴷⴰⴽⴽⵍ ⴳ ⵓⵙⴰⵔⵓ.	Yes
ⴰⴽⵛⵛⵓⵎ	ⵃⴱⵙⵏ ⴰⴽⵛⵛⵓⵎ ⴰⵔ ⵜⵜⵓⵖⴰⵍⵏ ⴷ ⵉⵎⴷⴷⵓⴽⴽⴰⵍ ⵜⵉⴽⴽⵍⵜ ⵢⴰⴹⵏ.	Yes
ⵉⴳⴻⵔⴷⴰ	ⵥⵥⴰⵏ ⴰ ⵏⵏⵉ ⵉⴳⴻⵔⴷⴰ ⴷ ⵜⵥⴻⴳⵡⴰ.	Yes
ⵙⵎⵖⵔⵏ	ⵙⵎⵖⵔⵏ ⵜⵏ ⴷ ⵉⴼⴽⴰⵏ ⴰⵙⵏ ⵢⴰⵏ ⵓⵙⵓⵊⴷ.	Yes
ⴰⴽⵉⴷⵙⵏ	ⵔⴰⵏ ⴽⴰⵏ ⴰⴷ ⵉⵍⵉⵏ ⴰⴽⵉⴷⵙⵏ.	Yes
ⵉⵙⵎ	ⵉⵙⵎ ⵏⵏⵙ ⵢⵓⵊⵓ.	Yes
ⵙ	ⵎⴰⵛⴰ ⵙ ⵢⴰⵜ ⵜⵉⵣⵉ, ⴰⵣⵡⵓ ⵉⴼⴼⵖ ⴱⴰⵀⵔⴰ.	Yes
ⵉⵜⵜⵓⵖⵓⵍ	ⴰⵔ ⵉⵜⵜⵓⵖⵓⵍ ⵓⴽⵙⵓⵎ ⵙⴳ ⵓⴽⵙⵓⵎ.	Yes
ⵜⴻⴷⴷⵓ	ⵜⵃⴻⵎⵎⴻⵍ ⴰⴷ ⵜⴻⴷⴷⵓ ⴷ ⵛⵛⵏⴰ.	Yes
ⴽⵓⵍⵍⵓ	ⵍⵉⵍⵉ ⴷ ⵟⵓⵎ ⵟⵟⴼⵏ ⵉⴼⴰⵙⵙⵏ ⴰⵔ ⵜⵜⵓⵖⵓⵍⵏ ⴰⴽⵏⵓⴱ ⴽⵓⵍⵍⵓ.	Yes
ⵏⴻⵜⵜⴰ	ⴰⵙⴽⴻⵕ ⵏ ⵓⴽⴻⴼⴼⴰⵢ ⵢⴻⵥⵔⴰ-ⵜⵜ ⵢⴻⵔⵏⵓ ⵢⴻⵙⵙⵓⵎⵎⴻⵍ-ⵉⵜ-ⵉⴷ ⵓⵍⴰ ⴷ ⵏⴻⵜⵜⴰ.	Yes
ⵜⵃⵓⵣⴰ	ⵟⵉⵎ ⵜⵍⵍⴰ ⵜⵃⵓⵣⴰ ⴽⵉⴳⴰⵏ ⴷ ⵜⵅⵙ.	Yes
ⵜⵜⵉⵔⵉⵏ	ⵉⵇⵇⴰⵏⴷ ⴰⴷ ⵙⵙⴽⵔⵏ ⵢⴰⵜ ⵜⵡⵍⴰⴼⵜ ⵏ ⵓⵎⵓⴷⵔ ⵏⵏⵙⵏ ⵍⵍⵉ ⵜⵜⵉⵔⵉⵏ.	Yes
ⵢⴻⵍⵍⴰ	ⵙⵒⵓⵜ ⵢⴻⵍⵍⴰ ⵢⴻⵣⴷⴻⴳ ⵢⴻⵔⵏⵓ ⵢⴻⴼⵔⴻⵃ ⵜⵉⴽⴽⴻⵍⵜ ⵏⵏⵉⴹⴻⵏ.	Yes
ⵙ	ⴱⴹⴰⵏ ⵅⴼ ⵓⴽⵙⵓⵎ ⴰⵔ ⵜⵜ ⵜⵜⴻⵜⵜⴰⵏ ⵙ ⵓⴼⵓⵍⴽⵉ.	Yes
ⴼⵔⵃⵏ	ⴼⵔⵃⵏ ⴱⴰⵀⵔⴰ ⴰⵔ ⵜⵙⵏⵉⵎⵎⵔ ⴰⴳⴹⵉⴹ.	Yes
ⴰⵎⵥⵥⵢⴰⵏ	ⵢⴰⵏ ⵡⴰⵙⵙ, ⵢⵓⴼⴰ ⵢⴰⵏ ⵓⴽⵙⵓⵎ ⴰⵎⵥⵥⵢⴰⵏ ⵢⴰⵏ ⵓⵏⴳⴰⵍ.	Yes
ⵉⵎⴻⵇⵔⴰⵏⴻⵏ	ⵎⵉ ⴷ-ⵜⵜⴻⴷⴷⵓⵏ, ⵥⵔⴰⵏ-ⴷ ⵜⵉⵊⴻⴵⴵⵉⴳⵉⵏ ⵜⵉⵇⴱⵓⵔⵉⵏ ⴷ ⵢⵉⵥⵔⴰ ⵉⵎⴻⵇⵔⴰⵏⴻⵏ.	Yes
ⵡⴰⴽⵓⴷ	ⴷⴻⴼⴼⵉⵔ ⴽⵔⴰ ⵏ ⵡⴰⴽⵓⴷ, ⵓⵔ ⵢⴻⵇⴱⵉⵍ ⴰⵔⴰ ⵓⴳⴹⵉⴹ-ⴰ ⴰⴳⴹⵉⴹ.	Yes
ⴳ	ⵎⵉⵢⴰ ⵜⵔⴰ ⴰⴷ ⵜⵥⵕ ⵎⴰⴷ ⵉⵍⵍⴰⵏ ⴳ ⵓⴳⵏⵙⵓ.	Yes
ⵓⵔ	ⵓⵔ ⵜⵜⵄⴹⴹⵉⵍⵏ ⴰⵔⴰ, ⵜⴼⵓⴽ ⵜⵥⴳⵉ.	Yes
ⵉⴳⴰ	ⵉⴳⴰ ⵢⴰⵏ ⵡⴰⵙⵙ ⵉⴼⵓⵍⴽⵉⵏ ⵉ ⵟⵉⵎ ​​ⴷ ⵜⴰⵡⵊⴰ ⵏⵏⵙ.	Yes
ⵜⵉⴽⵡⵍⴰⵏ	ⵉⵍⵍⴰ ⵓⴳⵔⵉⵙ ⴳ ⴽⵓⵍⵍⵓ ⵜⵉⴽⵡⵍⴰⵏ ⴷ ⵉⴼⵔⴰ.	Yes
ⵉⵜⵜⵉⵖⵉⵍ	ⴰⵔ ⵉⵜⵜⵉⵖⵉⵍ ⵉⵙ ⴳⴰⵏ ⵜⵉⵡⵍⴰⴼⵉⵏ.	Yes
ⴷ	ⴰⵔ ⵜⵜⵉⵏⵉⵏ ⵎⴰⵙ ⴷ ⴰⵙⴼⴰⵢⵍⵓ ⴰⵔ ⵉⵜⵜⵓⵖⵓⵍ ⴰⵔ ⵉⵜⵜⵃⴹⵓ ⴰⴽⴰⵍ.	Yes
ⵜⴳⴰ	ⵎⴰⵛⴰ ⵢⴰⵏ ⵡⴰⵙⵙ, ⴱⵉⵣⴱⵓⵍ ⵜⴳⴰ ⵢⴰⵜ ⵜⵡⵜⵎⵜ.	Yes
ⵍⵉⵍⵉ	ⵍⵉⵍⵉ ⴷ ⵟⵓⵎ ⵍⵍⴰⵏ ⵜⵜⵓⵔⴰⵔⵏ ⴳ ⵓⵏⵔⴰⵔ.	Yes
ⴰⵣⴰⵍ	ⴰⵢⴻⵏ ⵢⴻⵙⵄⴰⵏ ⴰⵣⴰⵍ ⴷ ⴰⵎⴻⴽ ⴰⵢ ⵜⴻⵜⵜⵇⴰⴷⴰⵔⴻⵎ ⵡⵉⵢⴰⴹ ⴷ ⵢⵉⵎⴰⵏ-ⵏⵡⴻⵏ.	Yes
ⵜⵣⴻⵇⵇⴰ-ⵏⵏⴻⵙ	ⵢⵓⵔⴰⵔ-ⵉⵜⵜ-ⵉⴷ ⵙ ⵡⴰⵟⴰⵙ ⵢⴻⵔⵏⵓ ⵢⴻⵛⴽⴻⵕ-ⵉⵜ-ⵉⴷ ⴷⴻⴳ ⵜⵣⴻⵇⵇⴰ-ⵏⵏⴻⵙ.	Yes
ⴰⵅⵅⴰⵎ	ⴰⴳⴹⵉⴹ ⵢⴻⵙⵄⴰ ⵙⵉⵏ-ⵏⵏⵉ ⵏ ⵢⵉⴽⴻⵔⵙⵉⵢⴻⵏ ⵉⵣⴻⴳⵣⴰⵡⴻⵏ!	No
ⴰⵢⵜⵎⴰⵜⵏ	ⵟⵓⵎ ⴷ ⵢⵉⵎⴷⴷⵓⴽⴽⴰⵍ-ⵏⵏⵙ ⴼⵕⵃⵏ ⵎⵍⵉⵃ.	No
ⵜⴻⵜⵜⵡⴰⵍⵉ	ⵏⴻⵛⵛ ⴷ ⴰⵙⵓⵏⴷⴻⴷ ⵏ ⵓⵙⴻⴽⴽⵉⵍ.	No
ⵢⴻⵜⵜⵎⵓⵇⵓⵍ	ⵎⴰⵛⴰ, ⴽⵔⴰ ⵓⵔ ⵜⵜ-ⵜⴻⵜⵜⴰⵔⵔⴰ ⴰⵔⴰ !	No
ⴰⵣⵔⴻⴼ	ⵙⴱⵓⵜ ⵢⵓⵡⵢ ⵢⴰⵏ ⵓⵅⴰⵎ ⵙ ⵉⴼⴰⵙⵙⵏ ⵏⵏⵙ.	No
ⵓⵎⴻⵊⵊⴰⵢ	ⵟⵉⵎⵎⵉ ⵉⴼⵓⵍⴽⵉ ⴽⵉⴳⴰⵏ ⵍⵍⵉⵖ ⵉⵣⵔⵉ ⴱⵕⵕⴰ.	No
ⴰⴽⴽⵏ	ⵔⴰⴷ ⵉⴱⴷⵓ ⴰⴷ ⵉⴼⴼⵖ.	No
ⵜⴰⵜⵔⴰⵔⵜ	ⴰⵔ ⵜⵙⵙⴼⵍⵉⴷ ⴰⵙⵢⴰⴼⴰ ⵏⵏⵙ.	No
ⴰⵣⵡⵍ	ⴼⵔⵃⵖ ⵍⵍⵉⵖ ⵜⴳⴰ ⵉⵡⴰⴹⵓ ⵏⵏⵙ.	No
ⵜⵜ-ⵢⴻⵟⵟⴻⴼ	ⵜⴼⴽⴰ ⴰⵙ ⵎⵎⴰ ⵏⵏⵙ ​​ⵢⴰⵜ ⵜⴼⵍⵡⵉⵜ ⴷ ⵢⴰⵏ ⵓⴱⴰⵏⴰⵏ.	No
ⵏⵏⴳⵣⵏ	ⵖⵓⵔⵙⵏ ⴽⵉⴳⴰⵏ ⵏ ⵓⴼⵔⴰ.	No
ⵜⵜⵇⵍⵇⵏ	ⴰⵙⵙ ⴰⵏⴹⴼⵓⵕ, ⵜⴱⴷⴷⵍ ⵢⵎⵎⴰ ⵏ ⵜⵉⵎ.	No
ⵜⴼⵍⵡⵉⵜ	ⵙⵙⵏⴻⵏ ⴷⴰⴽⴽⴻⵏ ⴰⴷ ⵓⵔⴰⵔⴻⵏ ⵓⵔⴰⵔ-ⴰ ⵏ ⵓⴼⵔⴰⵇ ⵜⵉⴽⴽⴻⵍⵜ ⵏⵏⵉⴹⴻⵏ.	No
ⵉⵜⵜⵏⴼⴰⵍ	ⵜⵉⵇⵛⵉⵛⵉⵏ-ⴰ ⵍⵍⴰⵏⵜ-ⴷ ⴷⴰⵖ ⴷ ⵜⵉⵎⴻⵥⵢⴰⵏⵉⵏ.	No
ⵜⴰⵣⴰⵍⵖⵉ	ⵎⵉ ⴷ-ⵜⴻⵜⵜⴻⴷⴷⵓ, ⵊⴰⵏⴻ ⵜⴻⵥⵔⴰ ⵢⵉⵡⴻⵜ ⵏ ⵜⴽⵓⵔⵜ.	No
ⵜⵙⵎⵓⵏ	ⵜⵅⵎⵎⴻⵎ ⵄⵏⵉⵖ ⴽⵔⴰ ⵉⵖⵢ ⴰⴷ ⵜⵏ ⵉⵄⴰⵡⵏ.	No
ⴰⴼⵔⴰ	ⵜⵉⵎ ⵖⵓⵔⵙ ⵢⴰⵜ ⵜⵡⵏⴳⵉⵎⵜ.	No
ⵓⵙⵙⵓⵇ	ⴰⵔ ⵜⵜⵓⵖⵓⵍⵏ ⵖⵔ ⵜⴳⵎⵎⵉ.	No
ⵡⴰⵍⴰ	ⵉⵎⵎⴰ ⵜⵃⴻⵎⵎⴻⵍ ⴰⴷ ⵜⵓⵔⴰⵔ ⵙ ⵓⵙⴻⵎⵔⴻⵙ.	No
ⵉⴼⵀⵉⵎ	ⴰⵔ ⵜⵙⵏⵉⵎⵎⵉⵔ ⵎⵓⵎⵉ ⴷ ⴰⵡⵉⵏⵜⵉ.	No
ⵜⵎⵙⴽⵔⵜ	ⵛⵏⴰⵏ ⴽⵓ ⴰⵙⵙ.	No
ⴰⴳⴻⵏⵏⵉ	ⴰⵔ ⵉⵥⵕⵕⴰ ⵓⴳⴹⵉⴹ ⵢⴰⵏ ⵓⵔⴱⴰ ⴷⴷⴰⵡ ⵓⵙⴽⵡⴼⵍ.	No
ⵉⵎⴻⵇⵇⵔⴰⵏⴻⵏ	ⴱⵍⵉⵏⴽ ⴰⵔ ⵉⵜⵜⵉⵔⵉⵔ ⴰⵔ ⵉⵜⵜⴷⴷⵓ ⴰⵔ ⵉⵜⵜⵏⴹⵏ ⴳ ⵉⵟⵟⵉⵊ.	No
ⵣⴷⴰⵜ	ⵢⴰⵏ ⵡⴰⵙⵙ, ⵟⵉⵎ ⵉⵥⵕⴰ ⵢⴰⵜ ⵜⵏⴼⵓⵍⵜ ⵜⴰⵎⵇⵇⵔⴰⵏⵜ.	No
ⴷ-ⵢⵓⵖⴰⵍ	ⵓⵔ ⵢⴻⵣⵎⵉⵔ ⴰⵔⴰ ⴰⴷ ⵢⴻⵃⴱⴻⵙ.	No
ⵓⵅⵅⴰⵎ	ⴰⵔⴳⴰⵣ ⵖⵓⵔⵙ ⵢⴰⵜ ⵜⴳⵍⴰⵢⵜ ⵉⴼⵓⵍⴽⵉⵏ.	No
ⵓⵎⵥⵍⴰⵢ	ⵜⴰⵏⵎⵎⵉⵔⵜ ⵎⵎⴰ ⴰⵔ ⵜⵜⵓⵖⵓⵍⵏ ⵖⵔ ⵜⴳⵎⵎⵉ.	No
ⵉⵜⵜⴰⵔⵡ	ⵎⵉⴰ ⵜⴻⵟⵟⴻⴼ ⵜⵉⴽⴻⵕⵕⵓⵙⵉⵏ ⴰⵢ ⵜⵜ-ⵉⴷ-ⵢⴻⵜⵜⴰⵡⵉⵏ.	No
ⵉⵜⵜⴰⵎⵥ	ⵜⵉⵎ ⵜⵍⵍⴰ ⵜⵃⵓⵣⴰ ⴰⵔ ⵜⴳⴷⵍ.	No
ⵜⵜⴱⴱⵉⵏ	ⴰⵔ ⵜⵜⵔⵣⵣⵓⵏ ⵅⴼ ⵜⵙⵓⵔⴰ.	No
ⵄⴰⵡⴷ	ⴷ ⵏⵉⵜⵏⵉ ⵙⵙⴻⴽⵏⴻⵏ-ⴷⴷ ⵜⴰⵎⴻⴷⴷⵓⵔⵜ ⵏⵙⴻⵏ.	No
ⵟⴰⵎ	ⵎⴰⵛⴰ ⵢⵓⵙⴰ-ⴷ ⵎⵍⵉⵃ.	No
ⴰⵙⴳⵏⴰⴼ	ⵙⵓ ⵉⵙⵙⵏ ⵎⴰⵙ ⴷ ⵟⵓⵎ ⵓⵔ ⵉⴳⵉ ⴰⵙⵃⵉⵙⵙⴼ.	No
ⵜⴹⵕ-ⴷ	ⴼⵔⵉⴷⵉ ⵉⴱⴷⴷ ⵙⴳ ⵓⵏⴳⴰⵙ ⴳ ⵡⴰⵎⴰⵏ.	No
ⴰⵏⴱⵔⴰⵣ	ⵜⴹⵚⴰ ⵍⵉⵍⵉ ⴰⵔ ⵜⵙⵎⵎⴰ ⵎⴰⴽⵙ.	No
ⴰⵖⵔⴷⴰⵢ	ⵜⵥⵕⴰ ⵢⴰⵜ ⵜⵖⴰⵡⵙⴰ ⵓⵔ ⵉⴳⵉⵏ ⵜⵉⵏ ⵜⵉⴷⵜ.	No
ⴼⴼⵖⴻⵖ	ⵢⴰⵏ ⵡⴰⵙⵙ, ⵖⵜⵙⵏ ⴰⴷ ⵙⵖⵉⵡⵙⵏ ⵢⴰⵜ ⵜⵡⵓⵔⵉ ⴱⴰⵀⵔⴰ ⵉⵥⵍⵉⵏ.	No
ⵙⵙⵓⵔⴼⴻⵏ	ⴰⵏⵏⴰ ⴷ ⴱⵏ ⵃⴱⵙⵏ ⵉⵎⵏⵖⵉ ⴰⵔ ⵥⵕⵕⴰⵏ ⵎⵎⴰ ⵏⵏⵙⵏ.	No
ⵉⵖⵢ	ⵢⴰⵜ ⵜⵉⵣⵉ, ⵜⵍⵍⴰ ⵢⴰⵜ ⵜⵡⵓⵔⵉ ⵏ ⵉⵎⵖⴰⵔⵏ.	No
ⵓⵄⵔⵔⵉⵎ-ⵏⵏⵙ	ⵜⵏⵏⴰ ⵎⴰⵙ ⴷ ⵏⵜⵜⴰ ⴰⵢⴷ ⵉⴳⴰⵏ ⵢⴰⵏ ⵓⴽⵙⵓⵎ ⵉⴼⵓⵍⴽⵉⵏ ⴽⵓⵍⵍⵓ.	No
ⵜⴻⵥⵔⴰ-ⵜⵜ	ⵜⵅⵎⵎⴻⵎ ⵉⵙ ⵜⴳⴰ ⵢⴰⵜ ⵜⵖⴰⵡⵙⴰ ⵉⵖⵓⴷⴰⵏ ⴱⴰⵀⵔⴰ ⴷ ⵜⴰⵥⵓⵕⴰⵏⵜ.	No
ⵜⵖⵜⵙ	ⴰ ⵉⴼⵓⵍⴽⵉ ⴽⵉⴳⴰⵏ!	No
ⵔⵉⵎⵉ	ⴱⵏⴰⵏ ⵜⵓⴷⵔⵉⵏ, ⵜⵉⵖⵔⵎⵉⵏ, ⴷ ⵜⵓⵥⵥⴻⴳⴳⴰⵔ ⵙ ⵉⵖⵥⴰⵏ.	No
ⵜⵏⵇⵉⴹⵜ	ⵜⵜⴻⵜⵜⴰⵏ-ⵜ ⴰⴽⴽⴻⵏ ⴽⴰⵏ ⵢⴻⵔⵏⵓ ⵜⵜⴰⵔⵔⴰⵏ-ⵜ-ⵉⴷ.	No
ⵜⴰⴽⴻⵕⵕⵓⵙⵜ-ⵏⵏⴻⵙ	ⵉⴳⴰ ⵢⴰⵏ ⵓⵏⵛⴽ ⵉⴼⵓⵍⴽⵉⵏ ⴷ ⵓⵎⵍⵍⴰⵍ.	No
ⵡⵓⵛⵛⴰⵏ	ⵢⴰⵏ ⵡⴰⵙⵙ, ⵉⵥⵕⴰ ⵓⵎⵛⵛⵉ ⵢⴰⵏ ⵓⵥⵟⵟⴰ ⴰⵅⴰⵜⴰⵔ ⵏ ⵜⵡⵍⴰⴼⵉⵏ.	No
ⵜⵣⵡⵉⵏⵏⵉⵜ	ⵖⵓⵔⵙⵏ ⵢⴰⵜ ⵜⵓⵚⴽⵉⵡⵜ ⵢⴰⴹⵏ.	No
ⵉⴼⴰⵡⵏ	ⵜⵉⵎ ⴰⵔ ⵉⵜⵜⵃⵢⵢⴰⵍ ⴰⴷ ⵜⵏ ⵉⵥⵕ ⴰⵔ ⵜⵜⴷⴷⵓⵏ.	No
ⵜⴻⵖⵍⵉ-ⴷ	ⴳ ⵜⴳⵉⵔⴰ, ⵜⵍⵍⴰ ⵖⵓⵔ ⵓⵖⵔⴷⴰ ⴽⵉⴳⴰⵏ.	No
ⴰⵙⵓⵙⵎⴰⵏ	ⵜⴳⴰ ⵉⵎⵎⴰ ⴰⵔ ⵜⵜⵉⵏⵉⵏ “ⵀⵓⵔⵔⵉ, ⵏⴰⵜ!	No
ⵖⴰⵙ	ⵙⵙⵏⴻⵏ ⴱⴻⵍⵍⵉ ⵣⴻⵎⵔⴻⵏ ⴰⴷ ⵜ-ⵙⵙⵓⴷⴷⵙⴻⵏ.	No
ⵓⵖⵢⴰⵢ	ⵎⴰⴽⵙ ⵉⵣⴷⵖ ⵖ ⵜⴰⵎⴰ ⵏ ⵢⴰⵏ ⵓⴷⵔⴰⵔ ⴰⵎⵇⵇⵔⴰⵏ.	No
ⵙⵙⵉⵡⴹⴻⵖ	ⴰⵔ ⵉⵜⵜⵉⵔⵉ ⵓⴷⵔⴰⴳ ⴰⴷ ⵉⵙⵙⵔⵇⴱ ⵜⵉⵖⵔⵎⵜ.	No
ⵣⵓⵍⵉⴼ	ⵟⵓⵎ ⴷ ⵍⵉⵍⵉ ⵄⵔⴹⵏ.	No
ⵜⵍⴻⵎⵎⵉⵥⵉⵏ	ⴰⵔ ⵜⵜⵉⵏⵉⵏ ⴽⵔⴰ ⵏ ⵓⵏⴳⴰⵙ.	No
ⵎⵎⵉ	ⵜⴷⴷⴰ ⴰⴷ ⵜⵥⵕ ⵎⴰⴷ ⵉⴳⴰⵏ.	No
ⵜⴰⵣⴻⵖⵖⴰ-ⵏⵏⴻⵙ	ⵙⵙⵓⵔⴼⵖ ⴱⴰⵀⵔⴰ, ⵟⵓⵎ.	No
ⵜⴻⵜⵜⵡⴰⵣⴻⵏⵣ	ⵙⴰⵔⴰ ⴷ ⴱⴻⵏ ⴷ ⴰⴽⵏⵉⵡ, ⵎⴰⵛⴰ ⴳⴰⵏ ⴱⴰⵀⵔⴰ ⵉⵎⵥⵢⴰⵏⵏ.	No
ⵉⵙⴻⵎ	ⴰⵔⴱⴰ ⴰⵔ ⵉⵜⵜⵓⵖⵓⵍ ⴰⵔ ⵉⵜⵜⵓⵖⵓⵍ ⵙ ⵜⵡⵏⵖⴰ ⵏⵏⵙ.	No
ⴰⴼⵓⵙ	ⴱⴰⴱⴰ ⵏⵏⵙ ​​ⵉⵎⵙⴰⵙⴰ, ⴰⵔ ⵜⵜⴰⵡⵉⵏ ⴰⴼⵔⴰⴳ ⴽⵓⵍⵍⵓ.	No
ⴰⵙⵓⵙⵎⴰⵏ	ⴰⵔ ⵉⵜⵜⴼⵊⵊⵉⵊ ⵓⴽⵙⵓⵎ.	No
ⵉⵙⵍⵍⵡ	ⴱⴷⴰⵏ ⴰⵔ ⵜⵜⵏⴰⵖⵏ.	No
ⵜⴽⵎⵎⵍ	ⴰⵔ ⵉⵜⵜⴰⵎⵥ ⵢⴰⵏ ⵓⴽⵙⵓⵎ.	No
ⵙⵙⵓⵖⵍⵖ	ⴷⴰⵢⵙⵉ ⵉⴳⴰ ⵢⴰⵏ ⵓⵏⵎⵖⵓⵔ ⴱⴰⵀⵔⴰ!	No
ⵢⴻⵜⵜⵡⴻⵊⵊⴻⴷ	ⴰⵔ ⵜⵜⴷⴷⵓⵏ ⵙⴳ ⵓⴽⵙⵓⵎ.	No
ⵜⵜⴻⵡⵜⴻⵏ	ⴰⴳⴹⵉⴹ ⵢⴻⴱⵖⴰ ⴰⴷ ⵢⴻⵄⴰⵡⴻⵏ ⴰⴳⵍⵉⵎ.	No
ⴰⴱⵍⴽⵉⵎ	ⵉⴱⵖⴰ ⴰⴷ ⵉⵙⴽⵔ ⴰⵙⴼⵙⵔ ⵏ ⵜⴰⴷⴷⴰⵔⵜ ⵏⵏⵙ ⵜⴰⵎⴰⵢⵏⵓⵜ.	No
ⴰⵙⴼⴻⵍ	ⴰⵔ ⵜⵜⵍⵓⵥⵖ ⴷ ⴰⵔ ⵜⵜⵏⴰⵍⵖ.	No
ⵉⴽⴽⴰ	ⴽⴽⴰⵏ ⴷ ⵓⵙⵉⵏⴷ ⴰⴷ ⵜ ⵥⵕⵉⵏ ⴰⵔ ⵜⵜⵉⵔⵉⵔⵏ ⴱⴰⵀⵔⴰ.	No
ⴰⴼⵓⵙ-ⵏⵏⴻⵙ	ⵉⴳⴰ ⵎⵇⵇⵓⵔⵏ ⴷ ⴰⵣⴳⴳⵡⴰⵖ.	No
ⵢⴻⵍⵍⴰⵏ	ⵢⵓⵙⴰ-ⴷ ⵙ ⵜⴱⵔⴰⵜ-ⴰ ⵢⴻⵔⵏⵓ ⵢⴻⵥⵔⴰ ⵜⴰⵏⵇⵉⴹⵜ.	No
ⵉⵣⵎ	ⵢⵓⵛⴽⴰ ⵖⵔ ⵎⵎⴰ ⵏⵏⵙ ​​ⴰⵔ ⵜⵜ ⵉⵜⵜⵃⵢⵢⴰⵍ.	No
ⵜⵜⴰⵊⵊⴰⵏ	ⵜⵉⵏⴰ ⵢⵓⵎⵥ ⴰⵙ ⵎⵙⵙⴰⵏ !	No
ⵉⵜⵜⵅⵙ	ⵉⴳⴰ ⵎⵇⵇⵓⵔⵏ ⴷ ⴰⵎⵍⵍⴰⵍ.	No
ⵉⵜⵜⴱⴱⵉⵏ	ⴰⵙⵡⴰⵏ ⴰⵔ ⵉⵜⵜⵓⵖⵓⵍ ⴰⵔ ⵉⵜⵜⵓⵖⵓⵍ.	No
ⵉⵙⵎⵖⵔ	ⴽⴽⴰⵏ ⵜⵜ ⵉⵏⵏ ⴳⴰⵏ ⴰⵔ ⵜⵜⴱⴱⵉⵏ ⵖⵔ ⵜⴳⵓⵔⵉ ⵏⵏⵙ.	No
ⵉⴱⴱⵉⵏ	ⴰⵔ ⵜⵜⵉⵔⵉⵏ ⴰⴷ ⵓⵔⴰⵔⵏ ⴳ ⵓⵏⵔⴰⵔ.	No
ⵜⵊⴻⴵⴵⵉⴳⵜ	ⴰⵏⴻⵀⵀⴰⵕ ⵏ ⵓⴽⴰⵎⵢⵓⵏ ⵢⴻⵍⵍⴰ ⵢⴻⴼⵔⵃ ⵎⵍⵉⵃ.	No
ⵜⵜⵅⴻⵎⵎⵉⵎⴻⵎ	ⵢⴻⵏⵏⴰ-ⴷ ⴱⴻⵏ, ⵢⴻⴼⴼⴻⵔ ⴷⴻⴼⴼⵉⵔ ⵢⵉⵡⴻⵜ ⵏ ⵜⵙⴻⵍⵡⵉⵜ.	No
ⵜⴰⴽⵓⵔⵜ	ⵜⵛⵛⴰ ⵜⵉⵎ ⴷ ⴰⵙⴰⵏⴷⵡⵉⵛ ⴰⵔ ⵜⵃⵎⵉⵍ ⵎⵍⵉⵃ.	No
ⴰⴽⵉⴷⵙⵏⵜ	ⵉⵥⵕⴰ ⵢⴰⵏ ⵓⵥⵕⵓ ⵉⵣⴷⴷⵉⴳⵏ ⴳ ⵡⴰⴽⴰⵍ.	No
ⵙⵍⵍⵏ-ⴰⵙ	ⵎⴰⵛⴰ ⵓⵔ ⵉⵣⵎⵉⵔ ⴰⴷ ⵉⵎⵓⵙⵙⵓ ⵏⵖ ⴰⴷ ⵉⵙⴰⵡⵍ.	No
ⵜⴰⵎⴻⵇⵇⵔⴰⵏⵜ	ⵜⴰⵡⵊⴰ ⵜⵔⴰ ⴰⴷ ⵜⴷⴷⵓ ⴳ ⵢⴰⵏ ⵓⵎⵓⴷⴷⵓ.	No
ⵉⵥⵥⴰⵏ	ⵎⵉⵢⴰ ⵜⴳⴰ ⵢⴰⵜ ⵜⵖⴰⵡⵙⴰ ⵉⵛⵇⵇⴰⵏ ⴱⴰⵀⵔⴰ.	No
ⵉⵎⵓⵙⵙⵓ	ⴰⵔ ⵉⵜⵜⵇⵇⵉⵎ ⴰⴽⵉⴷⵙⵏ ⴰⵔ ⵜⵏ ⵉⵜⵜⵃⴹⵓ.	No
ⵢⵔⵏⵓ	ⵢⴰⵜ ⵜⵉⵣⵉ ⵍⵍⵉⵖ ⵜⵍⵍⴰ ⵢⴰⵜ ⵜⵔⴱⴰⵜ ⵜⴰⵎⵥⵥⵢⴰⵏⵜ ⵉⵙⵎ ⵏⵏⵙ ⵜⵉⵎⵉ.	No
ⵜⵉⵥⴻⴳⵡⴰ	ⵏⵏⴰⵏ: “ⴰⵙ-ⴷ ⴰⴽⵉⴷⵏⴻⵖ, ⵓⵍⵉ.	No
ⵡⴰⵔⵔⴰⵡ	ⵉⴳⴰ ⴰⵣⴳⴳⵡⴰⵖ ⴷ ⴰⵔ ⵉⵜⵜⵓⵖⵓⵍ ⴰⵔ ⵉⵜⵜⵓⵖⵓⵍ.	No
ⵜⵙⵙⴽⴰⵏⵏ	ⵉⴳⴰ ⵢⴰⵏ ⵓⵥⵕⵓ ⴰⵎⵥⵥⵢⴰⵏ, ⵉⵣⴷⴷⵉⴳⵏ.	No
ⵓⴹⴰⵔ	ⵉⵖⵢ ⴰⴷ ⵉⵙⵎⵔⵙ ⴱⴰⵀⵔⴰ ⵣⵉⴽ.	No
ⵜⴽⴽⴰ	ⵜⵉⵎ ⵖⵓⵔⵙ ⵢⴰⵏ ⵓⴽⵍⵓ ⵍⵍⵉ ⵖ ⵉⵍⵍⴰ ⴽⵉⴳⴰⵏ.	No
ⵉⵙⵓⵔⵉⴼⵏ	ⵎⴰⵛⴰ ⵙⴰⴽⴽⵉⵏ, ⴽⵔⴰ ⵓⵔ ⵜⵜ-ⵜⴻⵜⵜⴰⵔⵔⴰ ⴰⵔⴰ.	No
ⵍⴰⵥ	ⵓⵔⴰⵔⵏ ⴷⴷⴰⵡ ⵏ ⵓⵙⴽⵡⴼⵍ ⴰⵔ ⵜⵜⴹⵚⴰⵏ ⴽⵓⵍⵍⵓ.	No
ⵜⴻⵟⵟⴻⴼ	ⴰⵔ ⵜⵜⴰⵡⵉⵏ ⴰⴽⴰⵜⴰⵔ ⵙⴳ ⵢⴰⵏ ⵡⴰⵢⴹ.	No
ⴰⵍⵍⵢ	ⵉⵟⵉⵊ ⵉⵡⵛⴰ ⴰⵙⵉⴷⴷ ⴷ ⴰⴼⵓⴷ ⵉ ⴽⵓ ⵢⴰⵏ.	No
ⵓⵎⴽⴽⵓⵥ	ⵜⴰⴽⴻⵔⵔⵓⵙⵜ-ⴰ ⵜⴻⵥⵔⴰ-ⴷ ⴰⵙⵓⵏⴷⴻⴷ ⴰⵖⴻⵣⴼⴰⵏ ⵢⴻⵔⵏⴰ ⴷ ⵡⵉⵏ ⴰⵢⴷⴻⴳ ⵜⵜⵉⵍⵉⵏⵜ ⵜⴽⴻⵕⵕⵓⵙⵉⵏ.	No
ⵉⵡⴷⴰⵏ	ⵜⵔⵡⵍ ⵖⵔ ⵜⴼⵍⵡⵉⵜ ⴰⵔ ⵜⴽⴽⵙ ⴰⵙ ⵉⵙⵓⵔⵉⴼⵏ.	No
ⴷ-ⵢⴻⴼⴼⴻⵖ	ⵉⴱⴷⴰ ⵍⵉⵍⵉ ⴰⵔ ⵉⵜⵜⵔⴽⴰⴷ, ⴰⵔ ⵜⵜ ⵥⵕⵕⴰⵏ ⵉⵎⴷⴷⵓⴽⴽⴰⵍ ⵏⵏⵙ.	No
ⵜⵜⵡⴰⵍⵉⵏ	ⵉⵖⴰⵍ ⵉⵙ ⵔⴰⴷ ⵉⴳ ⴰⵙⴼⵍⵙ.	No
ⵜⵡⴰⵍⴰ	ⴰⵔⵔⴰⵣ-ⴰ ⵢⴻⵍⵍⴰ-ⴷ ⵙ ⵍⴻⵃⵣⴻⵏ ⴰⵛⴽⵓ ⵢⴻⵍⵍⴰ ⴷⵉⵎⴰ ⵡⴰⵀⴷⴻⵙ.	No
ⵀⵓⵔⵔⵉ	ⵟⵉⵎ ⵉⴳⴰ ⵢⴰⵏ ⵓⵔⴱⴰ ⴰⵏⴰⵎⵓⵏ ⵍⵍⵉ ⵉⵔⴰⵏ ⴰⴷ ⵢⵓⵔⴰⵔ ⴱⵕⵕⴰ.	No
ⵉⵙⵡⵍⴰⴼ	ⴷⴰⵅⴻⵍ ⵏ ⵜⴽⴻⵕⵕⵓⵙⵜ, ⵙⴰⵍⵉ ⵢⵓⴼⴰ-ⴷ ⵓⵔⴻⵖ!	No
ⴱⴷⴰⵏ	ⵜⵉⵎ ⴰⵔ ⵉⵜⵜⵉⵔⵉⵔ ⴰⴷ ⵉⵙⴽⵔ ⵜⵉⵖⴰⵡⵙⵉⵡⵉⵏ ⵙ ⵜⵓⵔⴰⵔⵉⵏ ⵏⵏⵙ ⵉⵖⵍⴰⵏ.	No
ⵜⵓⴼⴰ	ⴽⴽⴰⵏ ⵜⵜ ⵉⵏⵏ ⵙⴽⵔⵏ ⵙⴳ ⴱⵏ.	No
ⵓⵖⴰⵍⴻⵏ	ⴼⴼⵖⵏ ⴷ ⴰⵔ ⵜⵜⵓⵔⴰⵔⵏ ⵙ ⵙⵉⵏ ⴳ ⵢⵉⴳⵏⵏⴰ.	No
ⵜⴼⴻⵍⵡⵉⵜ	ⴰⵔ ⴱⴰⵀⵔⴰ ⵜⵜⵃⵢⵢⴰⵍⵏ ⵓⵔ ⵜⵜⵓⵜⵜⵓⵏ ⴰⴷ ⵏⴹⴼⵓⵕ ⵉⵍⵓⴳⴰⵏ!	No
ⵜⴰⵡⵔⴰⵖⵜ	ⵟⵓⵎ ⵉⴼⵓⵍⴽⵉ ⴱⴰⵀⵔⴰ ⴰⵔ ⵉⵜⵜⴻⵜⵜ ⴽⵓⵍⵍⵓ ⵡⵓⵛⵛⵉ.	No
ⵜⴰⴷⵓⴷⴰ	ⵖⵓⵔⵙⵏ ⴽⵉⴳⴰⵏ ⵏ ⵓⴼⵔⴰ!	No
ⵢⴻⵜⵜⵡⴰⵄⵔⴻⴹ	ⵥⵔⴰⵏ ⵢⴰⵏ ⵓⴽⵙⵓⵎ ⴰⵎⵇⵇⵔⴰⵏ ⴰⵔ ⴷ ⵉⵜⵜⴷⴷⵓ.	No
ⵓⵏⵥⴰ	ⵖⵓⵔⵙⵏ ⴽⵉⴳⴰⵏ ⵏ ⵓⴼⵔⴰ.	No
ⵜⵓⵣⵣⵢⴰ	ⵎⵉⵢⴰ ⵉⴼⵓⵍⴽⵉ ⴱⴰⵀⵔⴰ.	No
ⵜⵜⵇⵔⵔⴰⴱ	ⴰⴼⵓⴽ ⴰⵔ ⵉⵜⵜⵃⵢⵢⴰⵍ.	No
ⴰⵙⴰⵍⴰⵢ	ⵖⵓⵔⵙⵏ ⴰⵙⵜⴰⴽ ⵉ ⵉⵎⵏⵙⵉ.	No
ⵡⴰⵢⴰ	ⴰⵙⵉⴳⵏⵡ ⵉⴳⴰ ⴰⵎⵍⵍⴰⵍ ⴷ ⵓⴼⴼⵓⵙ.	No
ⵉⴽⵓⵛⴻⵏ	ⵜⵃⴻⵎⵎⴻⵍ ⵛⵡⵉⵟ ⵛⵡⵉⵟ ⴰⵙⴽⴻⵕ.	No
ⵙⴽⵉ	ⵙⴰⵎ ⴷ ⴱⴰⴱⴰ ⵥⵕⴰⵏ ⵜⴰⴼⵓⵏⴰⵙⵜ.	No
ⴰⵎⵛⵉⵛ	ⴳ ⵢⴰⵜ ⵜⵉⵣⵉ ⵉⵥⵕⴰ ⴽⵔⴰ ⵏ ⵓⵏⴳⴰⵙ ⴳ ⴱⵕⵕⴰ.	No
ⵢⴻⴱⴷⴰ	ⵙⴳ ⵡⴰⵙⵙ-ⵏⵏⵉ, ⵟⵉⵎ ⴰⵔ ⴱⴰⵀⵔⴰ ⵉⵜⵜⴰⵣⵣⴰⵍ ⵅⴼ ⵜⴽⵔⴽⴰⵙ ⵉⴼⵓⵍⴽⵉⵏ.	No
ⴰⵙⴻⵍⴽⵉⵎ-ⵏⵏⴻⵙ	ⴰⵙⴻⴳⵎⵉ ⵢⴻⵣⵎⴻⵔ ⴰⴷ ⵢⴻⵙⵙⴻⵔⵙ ⴰⴼⵓⵙ-ⵏⵏⴻⵙ ⴰⵔⵎⵉ ⴷ ⴷⴷⴰⵡ.	No
ⵜⴻⵙⵍⴰ	ⵢⵓⵙⴰ-ⴷ ⴽⴰⵏ ⴷ ⴰⵏⴻⴱⴳⵉ ⵙⴻⴳ ⵓⵎⴻⴷⴷⴰⴽⴻⵍ-ⵏⵏⴻⵙ, ⵊⵓ.	No
ⴰⴳⵓⵎ	ⵜⵟⵟⴼ ⵟⵉⵎ ⵖⵔ ⵡⴰⵏⵙⴰ ⵏ ⵓⴽⵛⵛⵓⵎ ⵏ ⵡⴰⴼⵔⵉⵡⵏ.	No
ⵊⴰⵏ	ⵓⵔⴰⵔⴻⵏ-ⵜ-ⵉⴷ ⵡⴰⵎⴰⵏ ⵢⴻⵔⵏⵓ ⵙⵙⴰⵡⴹⴻⵏ ⴰⴷ ⵙⵙⵉⵡⴹⴻⵏ ⵖⴻⵔ ⵡⴰⵢⴰ.	No
ⵢⴰⵍ	ⵉⵣⵔⵉ ⴰⵙⵓⴽ ⵙ ⵜⵛⴰⵎⵎⴰ ⵏⵏⵙⵏ.	No
ⵜⴰⵇⴻⵛⵡⵉⵟ-ⵏⵏⵉ	ⵍⵉⵍⵉ ⵜⴼⵔⴰⵔ ⴱⴰⵀⵔⴰ.	No
ⵜⴰⵇⵛⵔⵉⵜ	ⵙⵙⵏⴻⵏ ⴱⴻⵍⵍⵉ ⵖⵓⵔⵙⵏ ⵜⴰⵎⴷⵔⴰⵡⵜ ⵉⴼⵓⵍⴽⵉⵏ.	No
ⵉⴽⴰⵔⴱⵉⵜⵏ	ⵉⴳⴰ ⴰⵎⴹⴰⵏ ⴰⵎⵣⵡⴰⵔⵓ.	No
ⵖⵓⵔⵙⵏ	ⴰⵔ ⵜⵥⵕⵕⴰ ⵜⵉⵡⵍⴰⴼⵉⵏ ⴳ ⴽⵓⵍⵍⵓ ⴰⵏⵙⴰ.	No
ⵉⵎⵖⵏⴰⵡⵏ	ⴰⴳⵍⵎⴰⵎ ⵉⴳⴰ ⴱⴰⵀⵔⴰ ⵉⵖⵓⴷⴰⵏ.	No
ⵜⵖⵎⵔⵜ	ⵉⴳⴰ ⵢⴰⵏ ⵓⴱⵖⵓⵔ ⴰⵎⵥⵥⵢⴰⵏ!	No
ⵢⵓⵡⵢ-ⴷ	ⵢⴰⵜ ⵜⵉⵣⵉ, ⵜⵍⵍⴰ ⵢⴰⵜ ⵜⴱⵓⵔⴽⴰⵏⵜ ⵜⴰⵎⵥⵥⵢⴰⵏⵜ.	No
ⵉⵙⵙⵔⵄⴰⴱ	ⵙⴰⵎ ⵢⵓⵎⵥ ⴰⵙⴰⴼⵓ ⵖⵔ ⵜⴰⴷⴷⴰⵔⵜ ⵏⵏⵙ ⴳ ⵓⵙⴽⵡⴼⵍ.	No
ⵉⵍⵇⵢⵏ	ⵜⵏⵏⴰ ⵎⴰⵙ ⵜⵣⵎⵔ ⵙⴰⵔⴰ ⴰⴷ ⵜⵙⵙⴽⵔ ⵉⵅⴼ ⵏⵏⵙ ⵏⵖⴷ ⵍⵉⵍⵉ.	No
ⴰⵙⵉⵔⴰ	ⵎⵉⵎⵉ ⴼⴻⵕⵃ ⵢⴻⵔⵏⵓ ⵜⴻⴱⵖⴰ ⴰⴷ ⵜⵓⵔⴰⵔ ⵓⵍⴰ ⴷ ⵏⴻⵜⵜⴰⵜ.	No
ⵜⵍⵓⵥ	ⴽⵉⵜⵜⵉ ⵜⵃⴻⵎⵎⴻⵍ ⴰⴷ ⵜⴻⵜⵜⴻⵜⵜⴻ ⵢⴻⵔⵏⵓ ⴰⴷ ⵜⵓⵔⴰⵔ ⴽⵓⵍⵍⴻⵛ ⴰⵙⵙ.	No
ⵜⴻⵍⵍⴰ-ⴷ	ⵙⵒⵓⵜ ⵢⴻⵙⵙⴽⴰⵏⴰⵢ-ⴷ ⴼⵍⵓⴼⵉ ⴰⵎⴻⴽ ⴰⵔⴰ ⵢⴻⵙⵙⴻⵔⵙ ⴷⴻⴳ ⵡⴰⵎⴰⵏ.	No
ⴷⴷⵉⴼ	ⵟⵉⴱ ⵜⵛⴰⵔ ⵕⵕⵓⵃ ⵏⵏⵙ ⴷ ⴽⵓ ⵢⴰⵏ.	No
ⵉⵜⵜⵇⵍⵇⵏ	ⴰⵔ ⵥⵕⵕⴰⵏ ⴰⵙⴼⵙⵔ.	No
ⵍⵓⴽⵉ	ⵍⵉⵍⵉ ⵜⴻⵄⵔⴻⴹ ⵜⵉⴽⴽⴻⵍⵜ ⵏⵏⵉⴹⴻⵏ ⴰⴽⴽⴻⵏ ⴰⴷ ⵜⴻⵙⵙⴻⵡⵊⴻⴷ ⵉⴱⴻⵔⴽⴰⵏⴻⵏ.	No
ⵓⵙⵎⵎⵉⴹ	ⵜⵙⵙⵓⴼⵖ ⵜ ⴰⵔ ⵜⵙⵙⵏ ⴰⴳⵍⵉⵎ ⵏⵏⵙ ⵉⴼⵓⵍⴽⵉⵏ.	No
ⵓⵖⵔⴷⴰⵢ	ⵜⵃⴻⵎⵎⴻⵍ-ⵉⵜⴻⵏ ⵙ ⵙⵉⵏ-ⵏⵏⵉ ⵓⵇⴱⴻⵍ ⵎⴰ ⵜⴻⴼⴼⴻⵖ-ⴷ.	No
ⵥⵉⵒ	ⵟⵉⵎ ⵜⵃⵓⵍⴼⴰ-ⴷ ⴰⵣⴰⵍ ⴷ ⵉⴼⵓⵍⴽⵉⵏ.	No
ⵉⵙⵉⴳⵏⵉⵡ	ⵉⴳⴰ ⴰⵙⵃⵉⵙⵙⴼ ⴷ ⴰⵔ ⵉⵜⵜⵓⵖⵓⵍ.	No
ⵜⵜⵥⵕⵕⴰⵏ	ⵜⵙⵙⵓⴼⵖ ⵜ ⴰⵔ ⵜ ⵜⵙⵙⴽⵔ ⵖⵔ ⵎⵎⴰ ⵏⵏⵙ.	No
ⵉⵙⴻⵀⵍⴻⵏ	ⵟⵓⵎ ⴷ ⵙⴰⵎ ⵖⵍⵉⵏ ⴳ ⵡⴰⵎⴰⵏ.	No
ⵉⵜⵜⵏⵖⴰⵏ	ⵍⵓⵎⵉ ⴰⵔ ⵉⵜⵜⵉⵔⵉⵔ ⴰⴷ ⵉⴼⴼⵖ ⴳ ⵡⴰⴹⵓ.	No
ⵢⵙⵄⴰ	ⵜⵔⴰ ⴰⴷ ⵜⵏ ⵜⵥⵕ ⵙ ⵙⵉⵏ.	No
ⵜⴰⵍⵖⴰ	ⵢⵓⵙⵉ ⴰⴽⵉⴷⵙ ⴳ ⵜⴰⴷⴷⴰⵔⵜ.	No
ⴱⵓⵏⵙ	ⵙⴰⵔⴰ ⴷ ⵜⵓⵎ ⴰⵔ ⵜⵜⵢⴰⵔⵓ ⴳ ⵜⴷⴰⵍⴰ.	No
ⵜⵥⵕ	ⵔⴰⴷ ⵜⵏ ⵜⵙⵙⴽⵔ ⴰⴷ ⵙⵙⵏⵏⵜ ⴷ ⵓⴼⵔⴰⴽ ⴷ ⵉⴼⵓⵍⴽⵉⵏ.	No
ⵓⵍⵉ	ⵔⴰⴷ ⵜ ⵉⵏⵏⵓⵕⵥⵎ, ⴷ ⵔⴰⴷ ⵉⴼⴼⵖ.	No
ⵉⵙⵖⵓⴷⵓ	ⴰⵔ ⵉⵜⵜⵃⴰⵙⴰⴱ ⵅⴼ ⵓⵏⵍⵍⵉ ⵏ ⵜⴳⵎⵎⵉ ⴷⴷⴰⵡ ⵏ ⵉⴼⵔⴰⴳⵏ ⵏⵏⵙ.	No
ⵜⴳⴰ	ⵎⴰⴽⵙ ⵉⵙⵙⵍⵎⴷ ⴰⵙⵓⵜⵍ ⵏⵏⵙ ⴽⵓ ⴰⵙⵙ.	No
ⵢⴻⴼⴼⴻⵖ-ⴷ	ⵀⴰⵔⵍⵉ ⵉⴳⴰ ⵢⴰⵏ ⵓⴳⵍⵍⵉⴷ ⴰⵏⴼⵍⵓⵙ.	No
ⴰⵢⴻⵏ	ⵛⴻⴽ ⴷ ⴰⵎⵛⵉⵛ ⵉⵅⵓⵚⵚⴻⵏ ⴷ ⵡⵉⵏ ⵓⵔ ⵏⴻⵍⵀⵉ.	No
ⵥⵔⴰⵏ-ⵜⴻⵏ	ⵉⴳⴰ ⴰⵣⴳⴳⵡⴰⵖ ⴰⵔ ⵉⵜⵜⵉⵍⵉ ⵖⵓⵔⵙ ⵢⴰⵏ ⵓⴽⵙⵓⵎ ⴷ ⵢⴰⵏ ⵓⴽⵙⵓⵎ.	No
ⴰⴳⴰⴷⴰⵣ	ⵟⵉⵎ ⵓⵔ ⵜ-ⵜⴻⵜⵜⴰⵔⵔⴰ ⴰⵔⴰ ⴰⵛⴽⵓ ⵢⵓⵓ-ⵜ-ⵉⴷ ⴰⴷ ⵉⴱⴻⴷⴷⴻⵍ ⵜⴰⵡⵡⵓⵔⵜ.	No
ⵄⴰⵡⵏⴻⵏ	ⵎⵉ ⵢⴻⵍⵍⴰ ⵢⴻⵜⵜⵏⴰⴷⵉ ⵖⴻⴼ ⵡⵓⵞⵞⵉ, ⴱⵓⴱ ⵢⴻⵥⵔⴰ ⵢⵉⵡⴻⵜ ⵏ ⵜⴽⴻⵕⵕⵓⵙⵜ.	No
ⵜⴻⵜⵜⵇⴰⴷⴰⵔ	ⴰⵔ ⵉⵜⵜⵉⵔⵉ ⴰⴷ ⵢⵓⵔⴰⵔ ⴱⵕⵕⴰ ⴳ ⵡⴰⴽⴰⵍ.	No
ⵜⵡⵍⴰⴼⵜ	ⴰⵔ ⵥⵕⵕⴰⵏ ⴰⵙⴼⵙⵔ.	No
ⵜⵉⵍⵉⵥⵔⵉ	ⴷⴷⵔⴻⵏ ⵙ ⵍⴼⴻⵕⵃ ⴷⴻⴳ ⵜⵥⴻⴳⵡⴰ ⵜⴰⵎⴻⵇⵇⵔⴰⵏⵜ.	No
ⵜⴽⴻⵕⵕⵓⵙⵜ	ⴽⵓⵍⵍⵓ ⴰⵔ ⵜⵜⵉⵔⵉⵏ ⴰⵙⵓⵏⴽ ⵏ ⴰⴼⵓⴽⴰⴷⵓ.	No
ⵉⵍⵎⴷ	ⵎⴰⵎⴰ ⵖⵓⵔⵙ ⵢⴰⵜ ⵜⵡⵏⴳⵉⵎⵜ.	No
ⴰⵎⵍⵍⴰⵍ	ⴰⵙⴽⴻⵕ ⵢⴻⴱⵖⴰ ⴰⴷ ⵢⵉⵍⵉ ⴷ ⴰⵏⴼⴰⵔⴰⵙ ⵓⴳⴰⵔ ⵉ ⵡⴰⵙⵓⵏ.	No
ⵉⴼⵔⵉ	ⴰⵔ ⵉⵜⵜⵓⵖⵓⵍ ⵓⵎⵓⵙⴽⵓ ⴳ ⵜⵎⵔⴰⵔⵓⵜ ⴰⵔ ⵉⵜⵜⴼⴼⵖ.	No
ⵜⴷⴰⵍⴰ	ⵔⵡⵍⵏ, ⵏⵏⴹⵏ, ⴰⵔ ⵜⵜⴹⵚⴰⵏ ⴽⵓⵍⵍⵓ.	No
ⵊⵊⴻⵀⴷ	ⵉⵟⵟⴻⴼ-ⵉⵜ-ⵉⴷ ⵢⴻⵔⵏⵓ ⵢⴻⵙⵙⴻⵔⵙ-ⵉⵜⵜ-ⵉⴷ ⵜⵉⴽⴽⴻⵍⵜ ⵏⵏⵉⴹⴻⵏ.	No
ⵜⵙⵙⵓⴷⴷ	ⴰⵔ ⵉⵜⵜⵉⵔⵉ ⵓⵇⵛⵓⵛ ⴰⴷ ⵉⵔⴰⵔ ⴰⵔ ⵉⵜⵜⴰⵎⵥ ⵜⴰⴽⵓⵔⵜ.	No
ⵜⴰⴽⵓⵔⵜ	ⵜⴻⵜⵜⵉⴷⵉⵔ ⴳ ⵢⴰⵏ ⵓⵙⴳⵓⵎ ⴰⵎⵥⴰⵏ ⴷ ⵉⵎⵓⴷⴰⵔ ⵢⴰⴹⵏ.	No
ⴰⵙⵙ-ⴰ	ⵓⵔ ⵜⴻⵍⵍⵉ ⴰⵔⴰ ⴷ ⵜⴰⵄⴻⵢⵢⴰⵏⵜ.	No
ⵜⴼⵊⵊⵉⵊ	ⵙⵙⵔⵇⴱⵏ ⵜⴰⴽⵓⵔⵜ ⵏ ⵛⵛⴽⵓⵍⴰ.	No
ⴷ-ⵢⴰⴼ	ⴰⵔ ⴱⴰⵀⵔⴰ ⵜⵜⵉⵔⵉⵖ ⴰⴷ ⵛⵛⴹⵖ ⴰⵡⴷ ⵏⵜⵜⴰ.	No
ⴰⵜⴰⵢ	ⵉⴱⵖⴰ ⴰⴷ ⵉⵥⵕ ⵎⵛⵜⴰ ⵍⵍⵉ ⵖ ⵉⵍⵍⴰ.	No
ⵜⴻⵣⴷⵓ	ⵢⴰⵏ ⵓⵔⴱⴰ ⵉⵙⵎ ⵏⵏⵙ Tim ⵖⵓⵔⵙ ⵢⴰⵜ ⵜⴽⵔⴽⴰⵙ ⵜⴰⵣⴳⴳⵡⴰⵖⵜ.	No
ⵜⴰⴽⴰⵔⴹⴰ	ⴰⴱⴰⵔⴰⵣ-ⴰ ⵢⴻⵍⵍⴰ ⵢⴻⵜⵜⵅⴻⵎⵎⵉⵎ ⴰⴷ ⵢⴻⵙⵙⴻⵔⵖ ⵉⵖⴻⴼ ⴷⴻⴳ ⵜⵃⴰⵏⵓⵜ-ⵏⵏⴻⵙ.	No
ⵜⵙⵙⴽⵔ	ⵉⴱⵖⴰ ⴰⴷ ⵉⵔⵥⵎ ⵜⴰⵔⵣⵣⵉⴼⵜ.	No
ⴰⵏⵖⵎⴰⵙ	ⵙⵙⴻⵔⵙⴻⵏ-ⴷ ⵜⴰⵙⴰⵔⵓⵜ ⴷⴻⴳ ⵜⴽⴻⵕⵕⵓⵙⵜ ⵢⴻⵔⵏⵓ ⵙⵙⴻⵔⵙⴻⵏ-ⵜⵜ.	No
ⵓⵜⴰⵢ	ⵙⵙⵓⴼⵖⵏ-ⴷ ⴰⴽⵍⵓⵜ-ⴰ ⵢⵔⵏⵓ ⴳⴰⵏ-ⴷ ⴰⴼⵓⵔⴽ ⴰⵎⵇⵔⴰⵏ.	No
ⵜⵎⴰⵛⵉⵏⵉⵏ	ⵢⵄⵔⴹ-ⴷ ⵢⵔⵏⵓ ⵢⵄⵔⴹ, ⵎⴰⵛⴰ ⴰⵣⴰⴳⵍⵓ ⵓⵔ ⵢⴼⴼⵉⵖ ⴰⵔⴰ.	No
ⵜⴼⵍ	ⵉⵙⵍⴰ ⵟⵓⵎ ⵢⴰⵏ ⵓⵏⵣⵡⵉ ⵉⵣⴷⴷⵉⴳⵏ ⵍⵍⵉ ⴷ ⵉⵜⵜⴷⴷⵓⵏ ⵙⴳ ⵓⵏⵔⴰⵔ.	No
ⵉⴼⵏⵓⵣⵏ	ⵎⴰⴽⵙ ⴰⵔ ⵉⵜⵜⵓⵔⴰⵔ ⴳ ⵓⵏⴳⴰⵍ.	No
ⵜⴻⵜⵜⴻⴽⴽⵉ	ⵎⴰⴽⵙ ⴷ ⵍⵉⵍⵉ ⵉⵅⵚⵚⴰ ⴰⴷ ⴼⴼⵖⵏ ⵙⴳ ⵜⵃⴰⵏⵓⵜ.	No
ⵉⵜⵜⵓⴳⴰ	ⵎⴰⵛⴰ ⵎⵉ ⴰⵔⴰ ⵜ-ⵉⴷ-ⵙⵙⵓⴼⴼⵖⴻⵏ, ⴽⵔⴰ ⵓⵔ ⵏⴻⵜⵜⵡⴰⵍⵉ ⴰⵔⴰ ⵢⴻⴹⵔⴰ.	No
ⴰⴽⵉⴷⵙⵏⵜ	ⴹⴼⴼⵉⵔ ⵡⴰⵢⴰ, ⵜⵔⵥⵎ ⵜⵏⵇⵉⴹⵜ, ⵢⵔⵏⵓ ⵛⵡⵉⵟ ⴽⴰⵏ ⴰⵢ ⴷ-ⵢⵍⵍⴰⵏ!	No
ⵜⵥⵕ	ⵜⴰⴽⵓⵔⵜ ⵜⴰⵎⵥⵢⴰⵏⵜ ⵜⵔⵡⵍ ⴰⵔ ⵜⴼⴼⵖ, ⴹⴼⴼⵉⵔ ⵏ ⵜⵏⵇⵇⵉⴹⵜ.	No
ⵢⴻⴼⴽⴰ-ⴰⵙ-ⴷ	ⵜⴽⵛⵎ ⴰⵔ ⵜⴷⴷⵓ ⵙ ⵢⴰⵜ ⵜⵖⴰⵔⴰⵙⵜ ⵉⵣⴷⴷⵉⴳⵏ ⴰⵔ ⴰⴳⴰⴷⵉⵔ.	No
ⴰⵙⵖⴰⵏ	ⵙ ⵡⴰⵢⴰ, ⵙⴰⵍⵢ ⵢⴻⵖⵜⴻⵙ ⴰⴷ ⵢⴻⵙⵙⴻⵎⵖⴻⵔ ⴰⵙⵡⵉⵔ-ⴰ ⵢⴻⵜⵜⵡⴰⵔⵥⵎⴻⵏ.	No
ⵜⵔⵡⵍ	ⵢⴰⵏ ⵡⴰⵙⵙ, ⵉⵎⵛⴰⵛ ⵉⵎⵍⴰⵍⴰ ⴷ ⵢⴰⵏ ⵓⴳⵓⴷⵉ ⴰⵅⴰⵜⴰⵔ.	No
ⴰⵏⴷⵉ	ⵟⵓⵎ ⵉⵙⵡⵉⵏⴳⵎ ⴽⵔⴰ ⵏ ⵜⵉⵣⵉ ⴰⵔ ⵉⵜⵜⴰⵍⵙ ⵢⴰⵏ ⵓⵙⴽⵡⴼⵍ.	No
ⴷⴰⴷⵉ	ⵎⴰⵛⴰ, ⴰⵏⴷⴽⴰⵙⵍ ⵉⴳⴰ ⴰⵙⵃⵉⵙⵙⴼ!	No
ⵜⴼⵍⵡⵉⵜⵉⵏ	ⴼⵔⵃⵏ ⴷ ⴰⵔ ⵜⵜⵓⵙⵎⵔⴰⵙⵏ ⴳ ⵓⵙⴽⵡⴼⵍ ⴰⵎⵇⵇⵔⴰⵏ.	No
ⵢⴰⵍ	ⵉⴱⴷⴰ ⴰⵔ ⵉⵜⵜⵓⵖⵓⵍ ⴰⵔ ⵉⵜⵜⵓⵖⵓⵍ.	No
ⵉⵙⴽⵔⵏ	ⵙⴰⵎ ⴷ ⵟⵉⵎ ⴳⴰⵏ ⵉⵎⴷⴷⵓⴽⴽⴰⵍ ⵉⵖⵓⴷⴰⵏ.	No
ⵙⵙⴼⵍⵉⴷⵏ	ⴳ ⵓⵏⵔⴰⵔ, ⵜⵔⵡⵍ ⵟⵉⵎ ⵙ ⵜⵔⴰⴱⴱⵓⵜ.	No
ⴰⴱⴱⵉⵜ	ⴰⵢⴰ ⵢⴻⴵⴵⴰ-ⵜⵜ ⴰⴷ ⵜⴻⵙⵄⵓ ⴰⵣⴰⵍ ⵢⴻⵔⵏⵓ ⴷ ⵜⵉⵏ ⵏ ⵍⴰⵎⴰⵏ.	No
ⵜⴷⴰⴱⵓⵜ	ⴰⴳⴹⵉⴹ-ⴰ ⵢⴻⵙⵙⴻⵔⵙ-ⴷ ⵉⴼⴻⵔⵔⴰⵡⴻⵏ-ⵏⵏⴻⵙ.	No
ⵉⵔⴳⴰⵣⵏ	ⵜⵔⴰ ⴰⴷ ⵜⵉⵍⵉ ⵜⴳⴰ ⵢⴰⵜ ⵜⵖⴰⵡⵙⴰ ⵉⵖⵓⴷⴰⵏ ⴷ ⵜⴰⵎⴰⵙⵙⴰⵏⵜ.	No
ⵉⵜⵜⵉⴳⴳⵉⵍ	ⴰⵔ ⵉⵜⵜⵉⵔⵉⵔ ⴰⴷ ⵢⵓⵔⴰⵔ ⵙ ⵓⵥⵔⵓ ⵏⵏⵙ.	No
ⵓⵎⵅⴰⵔⵔⴻⴱ	ⴹⴼⴼⵉⵔ ⵡⴰⵢⴰ, ⵥⵔⴰⵏ ⴰⵎⴷⴷⵓⴽⴽⵍ-ⵏⵙⵏ, ⵙⴰⵎ.	No
ⴰⵎⵙⵍⵍⵃ	ⵔⴰⵏ ⴰⴷ ⵥⵕⵏ ⵎⴰⵏ ⴰⵢⴰ ⵍⵍⵉ ⴱⴰⵀⵔⴰ ⵉⵜⵜⵓⵙⵎⵔⴰⵙⵏ.	No
ⵜⵔⴰⵎⴱⵓⵍ	ⵔⴰⵏ ⴽⴰⵏ ⴰⴷ ⵓⵔⴰⵔⵏ ⵙ ⵉⴱⵔⴷⴰⵏ ⵏⵏⵙⵏ ⵏ ⵜⵓⵔⴰⵔⵉⵏ.	No
ⵓⴷⴰⴳⴳⵯⴰⵔ	ⴰⵢⴰ ⴷ ⴰⵢⴻⵏ ⵢⴻⵙⵙⴻⵡⵀⴰⵎⴻⵏ.	No
ⵙⵏⴰⵜ-ⴰ	ⵎⴰⵛⴰ ⵙⴰⴽⴽⵉⵏ, ⵢⵓⵙⴰ-ⴷ ⵢⵉⵡⴻⵏ ⵏ ⵓⵎⴻⴷⴷⴰⴽⴻⵍ-ⵏⵏⴻⵙ ⵎⵍⵉⵃ ⴰⴽⴽⴻⵏ ⴰⴷ ⵢⴻⵄⴰⵡⴻⵏ.	No
ⵉⵜⵜⴱⴷⴷⴰ	ⵢⴰⵜ ⵜⵉⵣⵉ, ⵉⵍⵍⴰ ⵢⴰⵏ ⵉⵣⵎ ⴰⵅⴰⵜⴰⵔ.	No
ⵜⴻⵜⵜⵄⴻⴷⴷⵉ-ⴷ	ⵜⵔⴰ ⴰⴷ ⵜⵙⵙⵏ ⴽⵓⵍⵍⵓ ⵖⵉⵍⴰⴷ.	No
ⵉⵙⵙⵖⵍⴼ	ⵥⵔⴰⵏ ⵢⴰⵏ ⵓⵙⴽⵡⴼⵍ ⴰⵅⴰⵜⴰⵔ ⵙ ⵜⴼⵍⵡⵉⵜⵉⵏ ⵜⵉⵇⴱⵓⵔⵉⵏ.	No
ⵡⴰⵎⴰⵏ	ⵛⵛⵉⴽ ⴰⵎⵥⵥⵢⴰⵏ ⵉⴼⵓⵍⴽⵉ ⴱⴰⵀⵔⴰ.	No
ⵉⵎⴷⴷⵓⴽⴽⴰⵍ-ⴰ	ⵊⴰⵏ ⵜⵙⵙⵔⵇⴱ ⴰⵙ ⵢⴰⵏ ⵓⵏⵛⴽ ⴰⵔ ⵜⵥⵕⵕⴰ ⴰⵙ ⴰⵔ ⵉⵜⵜⴷⴷⵓ.	No
ⴰⴽⵉⴷⵙⵏ	ⵜⵉⵎ ⵉⵔⴰ ⴰⴷ ⵉⵔⴰⵔ ⵢⴰⵜ ⵜⴰⵣⴰⵍⵖⵉ.	No
ⴰⴹⴰⵔ	ⴰⴼⴻⵍⵍⴰⵃ ⵢⴻⵍⵍⴰ ⵢⴻⴼⵔⴻⵃ ⵎⵍⵉⵃ.	No
ⵜⵎⵙⴽⵉⵔⵜ	ⴰⵔ ⵜⵜⵉⵏⵉⵏ ⵎⵎⴰ ⵏⵏⵙⵏ ⴷ ⴱⴰⴱⴰ ⵏⵏⵙⵏ ⵀⴰⵏ.	No
ⵉⵜⵜⴻⵜⵜ	ⵟⵓⵎ ⴰⵔ ⵉⵜⵜⵃⵢⵢⴰⵍ ⴰⵔ ⵉⵜⵜⵃⵢⵢⴰⵍ.	No
ⴰⵎⴰⴹⴰⵍ	ⵉⵍⴰⵇ ⴰⴷ ⵏⵃⴻⴱⴱⴻⵙ ⴷⴻⴳ ⵜⴰⴼⴰⵜ ⵜⴰⵣⴻⴳⵣⴰⵡⵜ.	No
ⵜⴰⵔⵣⵣⵉⴼⵜ	ⵎⴰⵛⴰ ⵙⴰⴽⴽⵉⵏ, ⴽⵔⴰ ⵓⵔ ⵜⵜ-ⵜⴻⵜⵜⴰⵔⵔⴰ ⴰⵔⴰ !	No
ⴰⴳⵎⴰⵔ	ⵙⴰⵎ ⵉⴳⴰ ⵢⴰⵏ ⵓⴳⵣⵣⵓⵎ ⴱⴰⵀⵔⴰ ⵉⵜⵜⵢⴰⴳⴳⵏ, ⵎⴰⵛⴰ ⵉⵙⵓⵍ ⵉⴳⴰ ⴰⴱⵔⵙⴳⴳⵡⴰⴷ.	No
ⴰⵙⵍⴽⵉⵏ	ⵙⵙⴽⵔⵖ ⵡⵉⴱ ⴰⴷ ⴰⴼⴰⴷ ⴰⴷ ⵟⵟⴼⵖ ⵉⴱⵔⴷⴰⵏ ⵓⵔ ⵉⵃⵍⵉⵏ.	No
ⵉⵔⵣⴼ	ⵉⵔⴰ ⴰⴷ ⵢⵉⵏⵉ ⵉ ⵎⵎⴰ ⵏⵏⵙ ​​ⵅⴼ ⵜⴱⵔⵣⴰ.	No
ⵜⵉⵎⵥⵕⴰ	ⵉⴳⴰ ⴰⴱⵔⴽⴰⵏ ⴷ ⵓⵏⵣⵉⵍ.	No
ⵜⵛⵉⵔⵜ	ⵉⵙⵍ ⵍⵉⵍⵉ ⴷ ⴱⵏ.	No
ⵜⴱⵓⵔⴽⴰⵏⵜ	ⵜⵉⵎ ⵉⵣⵔⵉ ⴰⵔ ⵜⴷⴷⵓ.	No
ⵓⵏⴹⴰⴼ	ⴱⵓⴱ ⴰⵔ ⵉⵜⵜⵉⵔⵉⵔ ⴰⴷ ⵉⵜⵜⵛ ⵙⵙⵉⵍⵉ.	No
ⵜⴽⵔⵉⴽⵜ	ⵜⵔⴰ ⴰⴷ ⵜⵙⵙⴽⵔ ⵎⴰⵙ ⵜⴳⴰ ⵜⴰⵏⴼⵔⵓⵜ.	No
ⵜⵔⴽⴱ	ⵜⴹⴼⴰⵔ ⵜ ⵖⵔ ⵓⴳⵔⵉⵙ.	No
ⵉⵄⴰⵡⴻⵏ-ⵉⵜ	ⵢⴰⵜ ⵜⵉⵣⵉ, ⵜⵍⵍⴰ ⵢⴰⵜ ⵜⵔⴱⴰⵜ ⵜⴰⵎⵥⵥⵢⴰⵏⵜ.	No
ⵜⴻⵜⵜⴻⴳ	ⵜⵥⵕⴰ ⵢⴰⵏ ⵓⵏⴳⴰⵙ, ⴰⵔ ⵜⵜⵉⵔⵉⵔⵖ ⵖⵔⵙ.	No
ⵜⵜⴼⵓⴽⴽⵓⵏ	ⴰⵢⴰ ⴷ ⵊⴰⴳⵓⴰⵔ.	No
ⵓⵎⵛⵉⵛ-ⴰ	ⵜⵉⴽⴽⴻⵍⵜ-ⴰ, ⵜⵃⴻⵎⵎⴻⵍ ⴰⵙⴻⵎⵎⵉⴹ ⴰⵣⴻⵎⵎⵓⵔ.	No
ⵜⵉⵙ	ⵍⵎⴷⵏ ⴰⴷ ⴱⴹⵓⵏ ⴷ ⴰⴷ ⵃⴹⵓⵏ ⵢⴰⵏ ⵡⴰⵢⴹ.	No
ⵜⵓⴷⵔⵜ	ⴰⵔ ⵉⵜⵜⵓⵖⵓⵍ ⴰⵔ ⵉⵜⵜⵓⵖⵓⵍ ⴰⵔ ⵉⵜⵜⵓⵖⵓⵍ ⴰⵔ ⵉⵜⵜⵓⵖⵓⵍ.	No
ⵢⴻⵏⴼⴻⵍ	ⴳ ⵓⴼⵔⴰⴳ ⴰⴷ, ⵍⵍⴰⵏ ⴽⵉⴳⴰⵏ ⵏ ⵉⵎⵓⴷⴰⵔ.	No
ⴱⵉⵜⵣⴰ	ⵜⵖⵜⵙ ⴰⴷ ⵜⵛⵏⵏⵓ ⵢⴰⵜ ⵜⵣⵍⵉⵜ ⵉ ⴱⴰⴱⴰ ⵏⵏⵙ.	No
ⵙⴰⴽⴽⵉⵏ	ⵓⵔⴰⵔⵏ ⴽⵓⵍⵍⵓ ⴰⵙⵙ ⴰⵔ ⵜⵜⵓⵔⴰⵔⵏ ⴽⵉⴳⴰⵏ ⵏ ⵓⴼⵔⴰ.	No
ⵜⵇⵛⵓⵛⵉⵏ	ⵢⵓⵙⴰ-ⴷ ⵖⵔ ⵓⵎⴷⴷⴰⴽⵍ-ⵏⵏⵙ, ⴰⵎⵉⵖⵉⵙ ⴰⵎⵖⴰⵢ.	No
ⴰⵎⴻⵟⵟⵓⵏⴻⴽ	ⴱⴰⴱⴰ-ⵙ ⵢⴻⵍⵍⴰ ⵢⴻⵜⵜⵡⴻⵇⵄⴻⴷ ⵢⴻⵔⵏⵓ ⵢⴻⵜⵜⵇⴻⵍⵍⴰⵇ.	No
ⵓⵅⴰⵎ	ⵎⴰⵛⴰ ⵟⵓⵎ ⵜⴳⴰ ⵜⴰⴷⵓⵙⵉ.	No
ⴰⵙⴷⴷⵉ	ⵍⵉⵍⵉ ⵜⵍⵍⴰ ⵜⴼⵓⵍⴽⵉ ⴱⴰⵀⵔⴰ ⵉ ⵓⴳⴹⵉⴹ.	No
ⵜⵎⵛⵛⵉⵜ	ⵉⵃⴻⵎⵎⴻⵍ ⵓⵍⴰ ⴷ ⵊⵊⴻⵀⴷ!	No
ⴰⵙⵎⵓⵙⵙⵓ	ⵜⴰⴽⴰⵔⴹⴰ-ⴰ ⵜⴻⵙⵄⴰ ⵜⴰⵡⵍⴰⴼⵜ ⵏ ⵢⵉⵡⴻⵜ ⵏ ⵜⵇⵛⵉⵛⵜ ⵉⴼⴰⵣⴻⵏ ⵛⵛⴹⴻⵃ.	No
ⵜⵏⴽⵔ	ⵡⵉ ⴷ ⵜⴰⵡⴰⵛⵓⵍⵜ.	No
ⵜⵜ-ⵜⴻⵙⵙⴻⵔⵙ	ⵙⴰⵎ ⵉⵔⴰ ⴰⴷ ⵢⵉⵏⵉ ⵎⴰⴽⵙ, ⵎⴰⵛⴰ ⵎⴰⴽⵙ ⵓⵔ ⵉⵙⵍⵍ.	No
ⵜⵏⵜⵥⵔⵉ	ⴰⵔⵢⴰⵥ ⵜⵓⵖⴰ ⵉⵙⵙⴻⵇⵙⴰ ⵉⵅⴻⴼ ⵏⵏⴻⵙ ⴷⵉ ⴷⴷⴰⵡ.	No
ⵄⴻⵔⴹⴻⵖ	ⵢⴻⵎⵎⴰ-ⵙ ⵜⴻⵄⵔⴻⴹ ⵓⵍⴰ ⴷ ⵏⴻⵜⵜⴰⵜ.	No
ⵡⴰⵀⴰ	ⵟⵉⵎ ⴷ ⵓⴽⵙⵓⵎ-ⴰ ⵙⵙⴼⵔⵖⵏ-ⴷ ⵎⵍⵉⵃ ⵢⵔⵏⵓ ⴼⵔⵃⵏ-ⴷ ⵓⵍⴰ ⴷ ⵏⵉⵜⵏⵉ.	No
ⵉⵜⵜⴰⵣⵣⴰⵍ	ⵏⵏⴰⵏ-ⴷ ⵙⵉⵏ-ⴰ ⵀⴻⵢⵢⴰ.	No
ⵢⴻⴱⵖⵉ	ⵏⴻⵜⵜⴰ ⵉⵥⴻⵎⵎⴰⵔ ⴰⴷ ⴰⵏⴻⵖ ⵉⵛⵛ ⵏⵉⵖ ⴰⴷ ⴰⵖ-ⴷ-ⵢⴻⵙⵙⴻⵔⵙ.	No
ⵉⵙⵔⵙ	ⴰⵔ ⵜⵙⵙⵏ ⴽⵔⴰ ⵏ ⵜⵖⴰⵡⵙⴰ ⵅⴼ ⵓⵖⴱⴰⵍⵓ ⵏⵏⵙ.	No
ⵙⵙⴰⵔⴰⵎⵏ	ⵍⵉⵍⵉ ⵜⵃⴻⵎⵎⴻⵍ ⴰⴷ ⵜⵓⵔⴰⵔ ⵙ ⵉⴱⴻⵔⴷⴰⵏ.	No
ⵉⴱⵍ	ⵙⴰⵎ ⴰⵔ ⵉⵜⵜⵃⵢⵢⴰⵍ.	No
ⵜⴻⵎⵍⵉⵍⵉⵜ	ⵉⵙⵍⴰ ⵉ ⵢⴰⵏ ⵓⵎⵔⵡⴰⵙ ⵉⵣⴷⴷⵉⴳⵏ.	No
ⵜⴼⵀⵉⵎ	ⵊⵉⵍ ⵜⵙⵡⵉⵏⴳⵎ ⴽⵔⴰ ⵏ ⵜⵉⵣⵉ, ⴰⵔ ⵜⵙⵙⵓⵎⵓⵎ ⵉⴼⴰⵙⵙⵏ ⵏⵏⵙ.	No
ⵥⵕⵕⴰⵏ	ⴳⴳⵡⴷⵏ ⵓⵔ ⵙⵙⵉⵏⵏ ⵎⴰⴷ ⵔⴰⴷ ⵙⵙⴽⵔⵏ.	No
ⵍⴻⵄⴱⴰⵔ	ⵙⵙⵔⵙⵏ ⴱⴰⵜⵔⵓⴱ ⴳ ⵜⵎⴰⵛⵉⵏⵜ.	No
ⵉⵜⵜⵓⵔⴰⵔ	ⴱⵓⴷⵉ ⵉⴱⵔⵔⵃ ⴰⵔ ⵉⵜⵜⴰⵔⵎ ⴰⴷ ⵉⵔⵡⵍ.	No
ⵜⴰⵙⴻⵎⵎⵉⵡⵜ	ⵉⵖⴰⵍ ⵉⵙ ⵉⴳⴰ ⵢⴰⵏ ⵓⵏⴳⴰⵍ ⴰⵎⴰⵢⵏⵓ ⵉⴼⵓⵍⴽⵉⵏ.	No
ⵜⵉⵏⴰ	ⵎⵉ ⵍⵍⴰⵏ ⵜⵜⵄⴻⵢⵢⵏⴻⵏ, ⵥⵔⴰⵏ-ⴷ ⵉⵙⴻⵍⵎⴰⵏ ⵉⴱⴻⵔⴽⴰⵏⴻⵏ.	No
ⵙⵙⵍⵖ	ⵉⵖⴻⵔⵙⵉⵡ-ⵉⵜ-ⵉⴷ ⵢⴻⵔⵏⵓ ⵢⴻⵙⵙⴻⵔⵙ-ⵉⵜ-ⵉⴷ ⵓⴷⴻⵎ-ⵏⵏⴻⵙ.	No
ⴰⵖⴰⵔⵉⵎ	ⵎⵎⴰ ⴰⵔ ⵜⵏ ⵜⵜⵣⵓⵅⵓ.	No
ⵜⵙⵙⴰⵔⴰⵎ	ⵎⵉ ⵜⴻⵜⵜⵡⴰⵙⵙⴻⴼⵔⴰⵢ, ⵎⴰⵎⴰ ⵜⴻⵙⵙⴻⵔⵙ ⴽⵓⵍⵍⴻⵛ ⵙ ⵡⴰⵟⴰⵙ.	No
ⵜⵉⴽⴽⴰⵍ	ⵉⴱⵖⴰ ⴰⴷ ⵢⵓⵔⴰⵔ ⵙ ⵜⴽⴻⵕⵕⵓⵙⵉⵏ ⵏⵏⵙ.	No
ⵜⴻⵖⴱⴰⵍⵓⵜ-ⴰ	ⴼⵔⵃⵏ ⴷ ⴰⵔ ⵜⵜⵉⵔⵉⵔⵏ.	No
ⵉⵇⵇⵉⵎⵏ	ⵍⵍⵉⴳ ⵏⵏ ⴰⵡⴹⵏ ⵖⵔ ⵓⴼⵍⵍⴰ, ⵥⵕⴰⵏ ⴽⵔⴰ ⵓⵔ ⵜⵜ-ⵉⵄⴹⴹⵉⵍⵏ.	No
ⵜⴼⴼⵔ	ⵜⵥⵕⴰ ⵜⵉⵎ ⵙ ⵓⵙⵎⵎⵉⴹ ⵏ ⵉⵊⴷⴷⵉⴳⵏ.	No
ⴰⵏⵜ	ⵍⵉⵍⵉ ⴷ ⴷⴰⵉⵙⵉ ⵜⵜⵏⴼⴰⵍⵏ ⵅⴼ ⵜⵡⵔⵉⵔⵜ ⴽⵓⵍⵍⵓ.	No
ⵜⵔⴰⵔ	ⵉⴱⵖⴰ ⴰⴷ ⵉⵙⵙⴽⵏ ⴰⵎⴷⴷⴰⴽⴽⵯⵍ ⵏⵏⵙ, ⵙⴰⵎ.	No
ⴷ-ⵓⵚⵕⴻⵏ	ⵎⴰⵛⴰ ⴹⴼⴼⵉⵔ ⴰⵙ, ⵉⵙⵍⴰ ⵢⴰⵏ ⵓⵎⵙⵍⵉ ⵉⵣⴷⵉⵏ.	No
ⴷ-ⵢⴻⴽⴽⴰⵏ	ⵎⴰⵛⴰ ⴰⵎⵙⵓⵍⵜⴰ ⵉⴳⴰ ⴱⴰⵀⵔⴰ ⴰⵔ ⵉⵜⵜⵓⵖⵓⵍ ⴰⵔ ⵉⵜⵜⵓⵖⵓⵍ.	No
ⵉⵎⴻⴷⴷⵓⴽⴽⴰⵍ	ⵜⵔⵡⵍ ⴰⵔ ⵜⵏⵏⵓⵕⵥⵎ ⴰⵔ ⵜⵉⴳⵉⵔⴰ, ⵜⵔⵥⵎ.	No
ⵉⵙⴻⵎ	ⴰⵔ ⴱⴰⵀⵔⴰ ⵉⵜⵜⵉⵔⵉⵔ ⴰⴷ ⵉⴳ ⵢⴰⵏ ⵓⵏⵛⴽ.	No
ⵉⵙⵡⵓⴷⴷⵓ	ⵉⵙⵔⵙ ⴰⴽⴽⵡ ⵜⵉⵡⵍⴰⴼⵉⵏ ⵏⵏⵙ ⴷ ⵜⴽⵔⴽⴰⵙ ⵏⵏⵙ ⴳ ⵜⴼⵍⵡⵉⵜ.	No
ⴰⵏⵉⵎⴰⵏ	ⵜⵔⵡⵍ ⴰⵔ ⵜⵜ ⵜⵥⵕⵕⴰ ⴰⵔ ⵜⵜ ⵏⵏ ⵉⵜⵜⴰⵣⵣⴰⵍ.	No
ⵉⵍⵍⵉ	ⴷ ⵡⵉⴷ ⵎⵎⵓⵜⴻⵏ ⵙ ⵙⵉⵏ ⴷⴻⴳ ⵡⴰⵢⴰ!	No
ⵜⴼⴼⵔ	ⵜⵃⴻⵎⵎⴻⵍ ⴰⴷ ⵜⵓⵔⴰⵔ ⴷⴻⴳ ⵓⵏⵔⴰⵔ.	No
ⵙⵙⵉⴳⴳⵉⵔⵏ	ⵜⵍⵍⴰ ⵖⵍⴰⵢ ⴱⴰⵀⵔⴰ ⴷ ⵜⴰⵎⵥⵍⴰⵢⵜ.	No
ⵉⴷⵡⵍ	ⵢⴰⵏ ⵡⴰⵙⵙ, ⴽⵉⵜⵜⵉ ⵜⵥⵕⴰ ⵢⴰⵏ ⵓⴳⴹⵉⴹ ⵅⴼ ⵢⴰⵏ ⵓⵙⴽⵡⴼⵍ ⵢⴰⵜⵜⵓⵢⵏ.	No
ⵓⵙⵏⴼⵍⵓⵍ	ⴰⵢⴰ ⵓⵔ ⵉⴳⵉ ⵉⴼⵓⵍⴽⵉⵏ.	No
ⵜⴻⴼⵀⴻⵎ	ⵜⵟⵟⴰⴼ ⵜⴰⴳⵍⴷⵓⵏ ⵙⴳ ⵓⴼⵓⵙ ⵏ ⵙⴰⵔⴰ.	No
ⵜⴱⴻⴷⴷⴻⵎ	ⴰⵔⴱⴰ ⵉⴼⵔⴰⵔ ⴰⵔ ⵉⵙⵏⵎⵎⵔ ⴰⵏⵏ.	No
ⵜⵉⴽⵍⵉ	ⴰⵔ ⴽ ⵜⵜⵉⵔⵉⵖ, ⴰⵔ ⵜⵜⵎⵙⴰⵡⴰⵍⵖ.	No
ⵜⴰⴳⴳⴰⵔⴰ	ⵜⵉⵎ ⴷ ⵎⵎⴰ ⵏⵏⵙ ​​ⴰⵔ ⵜⵜⴹⵚⴰⵏ ⴰⵔ ⵜⵜⵎⵢⴰⵡⴰⴹⵏ ⵉⴼⴰⵙⵙⵏ ⵏⵏⵙⵏ.	No
ⵜⵉⵎⴰⵢⵏⵓⵜⵉⵏ	ⵖⵔⴰⵏ ⴰⴼⴰⵢⵍⵓ ⴰⵔ ⵜⵜⴹⴼⴰⵔⵏ ⴰⵙⵍⴳⵏ.	No
ⵜⵎⵙⵓⵊⵊⵉⵜ	ⵉⵥⵕⴰ ⵢⴰⵏ ⵓⵏⴳⴰⵙ ⴰⵎⵥⵥⵢⴰⵏ ⵉⴼⴼⵖ ⵙⴳ ⵓⵅⴰⵎ.	No
ⵢⵓⵡⵙ	ⵓⵔ ⵜⵃⵎⵉⵍ ⴰⴱⵔⴰ.	No
ⵜⵙⵔⴰⴳⵜ	ⴼⵊⵊⵉⵊⵏ ⴰⵔ ⵜⵜⵓⵔⴰⵔⵏ ⵙ ⵜⵡⵍⴰⴼⵉⵏ ⴽⵓ ⴰⵙⵙ.	No
ⴽⵓⵏ	ⵙⴰⵎ ⵉⵙⵙⵓⵙⵎ ⴰⵔ ⵉⵎⵙⴰⵙⴰ.	No
ⵉⵙⴽⵓⵜⵔⵏ	ⵍⵍⴰⵏ ⴰⴽⴽ ⵜⵜⴰⵔⵓⵏ ⴰⵙⴼⴻⵍ ⴷⴻⴳ ⵡⴰⵎⴰⵏ.	No
ⴰⴳⵔⵓⴷ	ⵣⴰⵕⴰ ⵉⵥⵔⴰ ⵢⴰⵏ ⵓⵙⴽⵡⴼⵍ ⴰⵅⴰⵜⴰⵔ ⵙ ⵢⴰⵏ ⵓⵅⴱⵓ ⴳⵉⵙ ⴳⵉⵙ.	No
ⵎⴰⵙⵙ	ⵢⵓⵍⵉ ⵓⴽⵙⵓⵎ ⵖⵔ ⵓⵙⵎⵎⵉⴹ ⴰⴼⴰⴷ ⴰⴷ ⵜ ⵉⵔⴽⴱ.	No
ⵓⵣⵎⵣ	ⵜⴰⴽⴰⵔⴹⴰ ⵜⴻⵔⵔⴰ-ⴷ ⴰⴽⵍⵓ ⴰⵣⴻⴳⵣⴰⵡ ⵢⴻⵔⵏⵓ ⵜⴻⵜⵜⵄⴻⴷⴷⵉ-ⴷ ⵙ ⵜⴽⴻⵕⵕⵓⵙⵜ!	No
ⵉⵜⵜⴰⵔⵎ	ⴳ ⵓⵏⵔⴰⵔ, ⵜⵍⵍⴰ ⵢⴰⵜ ⵜⵔⴰⴱⴱⵓⵜ.	No
ⴹⴰⵕⵜ	ⴰⵙⴱⴹⴹⵓ ⵉⴳⴰ ⵜ ⴰⵙⴽⵙⵡ.	No
ⴰⴽⴰⵍ	ⵜⴷⴷⴰ ⵖⵔ ⵜⵡⵡⵓⵔⵜ.	No
ⵜⴽⴻⵕⵕⵓⵙⵉⵏ-ⵏⵙⴻⵏ	ⴰⵔ ⵜⵙⵙⴼⵍⵉⴷ ⴰⵔ ⵜⴹⵚⴰ.	No
ⵢⴻⵎⴳⴻⵔⵔⴰⴷⴻⵏ	ⵜⵍⵍⴰ ⵜⵙⵙⴼⵍⴷ ⴽⵉⴳⴰⵏ.	No
ⵇⵇⵉⵎⵏ	ⵜⴰⴽⴻⵍⵙⴰ ⵜⴻⵍⵍⴰ ⵜⴻⵜⵜⴻⵡⵡⴻⵜ!	No
ⵜⵅⵍⵍⵚⴷ	ⵉⵎⵓⴷⴰⵔ ⵢⴰⴹⵏⵉⵏ ⵙⵍⵍ ⴰⵙ ⴰⵔ ⴰⵙ ⵉⵔⵡⵍ ⵖⵔ ⵓⵙⵏⴼⵍⵓⵍ ⵏⵏⵙ.	No
ⵢⴻⵙⵙⴻⵔⵙ-ⵉⵜ-ⵉⴷ	ⴳ ⵜⴳⵉⵔⴰ, ⵜⴼⵓⴽⴽⵓ ⵜⵍⴳⴳⵡⵉⵜ.	No
ⵉⵙⵔⵙ	ⴰⵔ ⵜⴷⴷⵓ, ⵜⵛⵏⴰ ⵢⴰⵜ ⵜⵣⵍⵉⵜ ⵉⴼⵓⵍⴽⵉⵏ.	No
ⴷ-ⵢⴻⴽⴽⴰⵏ	ⴰⵖⴻⵔⵙⵉⵡ-ⴰ ⵢⴻⵍⵍⴰ ⵢⴻⵜⵜⵓⵔⴰⵔ.	No
ⵉⵜⵜⴰⵊⵊⴰ	ⵜⴻⵟⵟⴻⴼ-ⴷ ⵜⴰⴽⴻⵕⵕⵓⵙⵜ ⵢⴻⵔⵏⵓ ⵜⴻⵙⵙⴻⵎⵖⴻⵔ-ⴷ ⵜⵉⴽⴻⵕⵕⵓⵙⵉⵏ ⵜⵉⵇⴱⵓⵔⵉⵏ.	No
ⵉⵛⵛ	ⵙⵓ ⵜⵍⵍⴰ ⵜⵃⵓⵣⴰ, ⵎⴰⵛⴰ ⵜⵙⵙⵏ ⵎⴰⵎⴽ ⵔⴰⴷ ⵜ ⵉⵙⵖⵓⴷⵓ.	No
ⵜⵙⵎⵎⵔ-ⵉⵜⵜ	ⴰⵔ ⵜⵜⵉⵔⵉⵏ ⴰⵔ ⵜⵜⵎⵢⴰⵡⴰⴹⵏ ⴳ ⵓⵙⴼⵙⵔ.	No
ⵎⵉⵢⴰ	ⵢⴰⵏ ⵓⴽⵙⵓⵎ ⴰⵎⵥⵥⵢⴰⵏ, ⴰⵎⵍⵍⴰⵍ ⴰⵔ ⵉⵜⵜⵉⴷⵉⵔ ⴳ ⵓⴽⵙⵓⵎ.	No
ⵜⵙⴳⴰ	ⵜⵃⵓⵍⴼⴰ-ⴷ ⴼⴻⵕⵕⴻⵙ ⵢⴻⵔⵏⵓ ⵜⴻⵙⵏⴻⵎⵎⴻⵔ.	No
ⴰⵎⴻⵇⵇⵔⴰⵏ	ⴰⵔ ⴰⵙⵏ ⵜⵜⵉⵏⵉⵏ ⵅⴼ ⵜⵏⴼⵍⵉⵜ ⵏⵏⵙⵏ.	No
ⵜⵎⴻⴷⵢⴰⵣⵜ	ⵜⴷⴷⴰ ⵍⵓⵛⵉ ⵖⵔ ⵜⴰⴷⴷⴰⵔⵜ ⵏ ⵓⵎⴷⴷⴰⴽⴽⵍ ⵏⵏⵙ ⵟⵓⵎ.	No
ⵜⵜⵏⵇⵙⵏ	ⵉⴼⴽⴰ ⵓⵎⵙⵙⵉⵖ ⴰⵣⵔⵉⵔⵉⴳ ⵉ ⵙⵓ.	No
ⴰⵛⴽⵓ	ⵉⵥⵕⴰ ⵢⴰⵜ ⵜⵇⵛⵓⵛⵜ ⵏ ⵛⵛⵔⴰⴱ.	No
ⴹⴼⴼⵉⵔ	ⵎⴰⵛⴰ ⵙⴰⴽⴽⵉⵏ, ⴽⵔⴰ ⵓⵔ ⵜⵜ-ⵜⴻⵜⵜⴰⵔⵔⴰ ⴰⵔⴰ.	No
ⵜⴳⴳⴰⵏ	ⴱⴻⵏ ⴷ ⵍⵉⵍⵉ ⵍⵍⴰⵏⵜ-ⴷ ⴷⴻⴳ-ⵙⴻⵏⵜ ⵜⴽⴻⵕⵕⵓⵙⵉⵏ-ⵏⵙⴻⵏ ⵙ ⵢⵉⴱⴻⵔⴷⴰⵏ.	No
ⵢⵓⴼⵔⴰⵔ	ⵜⵖⵜⵙ ⵎⴰⵙ ⴷ ⴰⵎⵛⵉⵛ ⵉⴳⴰ ⴰⵎⴷⴷⴰⴽⴽⵍ ⵏⵏⵙ ⴰⵎⴰⵢⵏⵓ.	No
ⵜⵣⵖⵖⴰ	ⵢⴰⵏ ⵡⴰⵙⵙ, ⵉⴷⴷⴰ ⵢⴰⵏ ⵓⴳⴹⵉⴹ ⴰⵎⵥⵥⵢⴰⵏ ⵖⵔ ⵓⵏⴳⴰⵙ.	No
ⵢⴻⵍⵍⴰ-ⴷ	ⵎⴰⵛⴰ ⵏⴻⵜⵜⴰⵜ ⵜⴻⵡⵡⴻⴹ ⵙ ⵜⵡⴰⵍⴰ ⴷⵉ ⵜⵚⴻⴽⴽⴰ.	No
ⵃⴻⵎⵎⵍⴻⵏ	ⴰⵔ ⵉⵜⵜⵓⵖⵓⵍ ⵓⴳⴹⵉⴹ ⴷ ⵓⵎⵥⵥⵢⴰⵏ ⴷ ⵉⵎⴷⴷⵓⴽⴽⴰⵍ.	No
ⵢⵓⵄⵍⴰ	ⵖⵜⵙⵏ ⵓⵔ ⵃⵡⴰⵊⵏ ⴰⵣⴰⵎⵓⵍ ⴷⴼⴼⵉⵔ ⵏ ⴽⵓⵍⵍⵓ.	No
ⵜⵓⴳⵏⴰ-ⴰ	ⵎⵉ ⴰⵔⴰ ⵢⴻⴷⴷⵓ ⵓⵎⵛⵉⵛ-ⵏⵏⵉ, ⵢⵓⴼⴰ-ⴷ ⵢⵉⵡⴻⵏ ⵏ ⵓⵥⵔⵓ ⴰⵏⴻⴳⴳⴰⵔⵓ.	No
ⵓⵢⴰ	ⵜⵙⵇⵙⴰ ⵙⴰⵔⴰ, ⵜⵟⵟⴼ ⵢⴰⵏ ⵓⴷⵓⵍ ⵏ ⵓⴱⵔⵙⵉⵡⴷ.	No
ⵓⴼⴼⵉⵔ	ⵢⴰⵜ ⵜⵉⵣⵉ, ⵉⵍⵍⴰ ⵢⴰⵏ ⵓⵏⴳⴰⵙ ⴰⵅⴰⵜⴰⵔ.	No
ⵜⴽⵕⵕⵓⵙⵜ-ⵏⵏⵙ	ⴰⵔ ⵉⵜⵜⵃⵢⵢⴰⵍ ⵎⵎⴰ ⵏⵏⵙ ​​ⴰⵔ ⵉⵜⵜⵉⵏⵉⵏ ⵜⴰⵏⵎⵎⵉⵔⵜ.	No
ⵜ-ⵜⵃⴻⵎⵎⴻⵍ	ⵢⴰⵏ ⵡⴰⵙⵙ, ⵉⵥⵕⴰ ⵢⴰⵏ ⵓⴽⵙⵓⵎ ⴰⵎⵇⵇⵔⴰⵏ ⴳ ⵓⵏⵔⴰⵔ.	No
ⵉⵎⵥⵢⴰⵏⵏ	ⵎⴰⵛⴰ ⵙⴰⴽⴽⵉⵏ, ⴽⵔⴰ ⵓⵔ ⵜⵜ-ⵜⴻⵜⵜⴰⵔⵔⴰ ⴰⵔⴰ.	No
ⴱⵉⵔⴷⵉ	ⵍⵉⵍⵉ ⴷ ⴱⴻⵏ ⵙⴻⵎⵙⴰ.	No
ⵢⴻⵃⵡⵉⵊ-ⴷ	ⵜⵥⵕⴰ ⵎⵎⴰ ⵏⵏⵙ ​​ⴰⵔ ⵜⵥⵕⵕⴰ.	No
ⵜⵙⵔⴰⴳⵜ	ⴰⵙⵇⵙⴰⵢ ⵉⵙⵇⵙⴰ ⵅⴼ ⵓⵏⴱⴹⵉ ⵅⴼ ⵜⵡⵉⵙⵉ.	No
ⴼⵓⴽⴻⵏ	ⵙⵎⵔⵙⵏ ⵜⵉⴼⵍⵡⵉⵏ, ⵉⴼⴼⴻⵔ, ⴷ ⵎⵓⴷ.	No
ⵢⴻⵔⵡⴻⵍ	ⵙⵓ ⵜⵔⴰ ⴰⴷ ⵜⵙⵖⵓⴷⵓ ⵜⴰⴳⵡⵎⵎⴰ.	No
ⵉⴱⴷⵔ-ⴷ	ⵃⴻⵎⵎⵍⴻⵏ ⴰⴷ ⵙⵙⴻⵏⵇⵙⴻⵏ ⵜⵉⴼⴻⵍⵡⵉⵢⵉⵏ ⵢⴻⵔⵏⵓ ⴰⴷ ⴳⴻⵏ ⵜⵉⴼⵔⴰⵜⵉⵏ.	No
ⵉⵎⵓⴼⴰⵢⵏ	ⵜⴳⴰ ⵢⴰⵜ ⵜⴼⵍⵡⵉⵜ ⵉⴼⵓⵍⴽⵉⵏ ⵙ ⵉⴽⵡⵍⴰⵏ ⵉⵖⵓⴷⴰⵏ.	No
ⴽ-ⵢⴻⴵⴵ	ⴷⴷⴰⵡ ⵏ ⵓⵙⴽⵡⴼⵍ, ⵜⵍⵍⴰ ⵢⴰⵜ ⵜⵡⵍⴰⴼⵜ ⵜⴰⵎⵇⵇⵔⴰⵏⵜ, ⴰⵔ ⵜⵙⵙⵔⵇⴰⴱ.	No
ⴰⵢⴷ	ⵍⵉⵍⵉ ⵜⵍⵍⴰ ⵜⵙⵙⵏ ⴱⴰⵀⵔⴰ.	No
ⵍⵉⵍⵓⵏ	ⵉⵖⵔⴰ ⵉ ⵉⵎⴷⴷⵓⴽⴽⴰⵍ ⵏⵏⵙ ⴰⴷ ⴰⵙ ⴷ ⵉⴷⴷⵓ ⴰⴷ ⵥⵕⵏ.	No
ⴰⵔⵎⵏ	ⵎⴰⵛⴰ ⵜⵣⵎⵔⴷ ⴰⴷ ⵜⵓⵔⴰⵔⴷ ⴽⵓⵍⵍⵓ.	No
ⵢⴻⵜⵜⵅⴻⵎⵎⵉⵎ	ⵢⴰⵏ ⵡⴰⵙⵙ ⵍⵍⵉⵖ ⵜⵍⵍⴰ ⵜⴷⴷⴰ, ⵙⵓⴼⵢⴰ ⵉⵎⵍⴰⵍⴰ ⵢⴰⵏ ⵓⵔⴳⴰⵣ.	No
ⵇⴱⴻⵍ	ⵓⵔ ⴱⵖⵉⵏ ⴰⴷ ⵓⵔⴰⵔⵏ ⵙ ⵜⴽⵓⵔⵜ ⵏⵏⵉⴹⵏ.	No
ⵜⴻⵖⵥⵓⵔⵜ	ⵃⴻⵎⵎⵍⴻⵏ ⴰⴽⴽ ⵜⴰⴼⴻⵍⵡⵉⵜ-ⴰ ⴷ ⵜⵎⴻⴷⵢⴰⵣⵜ.	No
ⴽⵓⵎⴱ	ⵓ ⵎⴰⵔⵔⴰ ⴷⴷⴰⵔⴻⵏ ⵥⵉ ⵙ ⵜⵉⴷⴻⵜⵜ.	No
ⵓⵎⴻⴷⴷⴰⴽⴻⵍ-ⵏⵏⴻⵙ	ⵟⵓⵎ ⵜⵍⵍⴰ ⵜⵙⵙⵓⵙⵎ ⴽⵉⴳⴰⵏ!	No
ⵢⵄⵔⴹ-ⴷ	ⵢⵓⵙⴰ-ⴷ ⵓⵎⵛⵉⵛ ⴰⵍⴻⵎⵎⴰⵙ ⵖⴻⵔ ⵓⵏⵔⴰⵔ.	No
ⵖⵓⵔⵙ	ⴳ ⵢⵉⵍⵍ ⴰⴷ, ⵉⵍⵍⴰ ⵢⴰⵏ ⵓⵙⵍⵎⴰⵏ ⴰⵎⵥⵥⵢⴰⵏ ⵉⵙⵎ ⵏⵏⵙ ⴼⵉⵏ.	No
ⴰⴼⵓⵔⴽ	ⵢⴰⵏ ⵡⴰⵙⵙ, ⵙⴰⵎ ⵉⵥⵕⴰ ⵢⴰⵏ ⵓⵏⴳⴰⵙ ⴰⵅⴰⵜⴰⵔ ⴳ ⵡⴰⴽⴰⵍ.	No
ⵜⴻⵡⵡⴰⵔⵜ	ⴰⵔ ⴰⵙ ⵉⵜⵜⵔ.	No
ⵜⴻⴱⴷⴰ-ⴷ	ⵙⵓ ⵢⵓⵡⵢ-ⴷ ⵖⵔ ⴷⴼⴼⵉⵔ, ⵢⵓⴳⴰⵔ ⴷ ⵢⵓⴳⴰⵔ.	No
ⴷ-ⵜⵜⴻⴷⴷⵓⵏ	ⵙ ⵡⴰⵢⴰ, ⵟⵉⵎ ⴷ ⵢⴻⵎⵎⴰ-ⵙ ⵙⵙⴻⵔⵙⴻⵏ-ⴷ ⵜⴰⴽⴻⵕⵕⵓⵙⵜ.	No
ⵜⵜ-ⵜⵖⴰⵔ	ⵜⵍⵍⴰ ⴳ ⵜⵡⵓⵔⵉ.	No
ⵜⵃⵓⵣⴰ-ⴷ	ⵎⴰⵛⴰ ⵙⴰⴽⴽⵉⵏ, ⴽⵔⴰ ⵓⵔ ⵜⵜ-ⵜⴻⵜⵜⴰⵔⵔⴰ ⴰⵔⴰ.	No
ⵉⵏⵏⴱⴹ	ⴰⵔ ⵉⵜⵜⵓⵖⵓⵍ ⴰⵔ ⵉⵜⵜⵓⵖⵓⵍ ⴰⵔ ⵉⵜⵜⵓⵖⵓⵍ ⴰⵔ ⵉⵜⵜⵓⵖⵓⵍ ⴰⵔ ⵉⵜⵜⵓⵖⵓⵍ.	No
ⵙⵙⵉⴳⴳⵉⵔⵏ	ⴰⴽⵙⵓⵎ ⵓⵔ ⵉⴳⵉ ⵉ ⴽⵓⵏ.	No
ⵢⴻⵏⵏⴰ-ⴷ	ⵟⵉⵎ ⵜⴹⵕ-ⴷ ⵓⵍⴰ ⴷ ⵏⵜⵜⴰⵜ ⵢⵔⵏⵓ ⵢⵙⵙⴽⵔ-ⴷ ⴰⴹⴰⵔ-ⵏⵏⵙ.	No
ⵜⴼⵓⴽ	ⵙ ⵡⴰⵢⴰ, ⵢⴻⵄⵔⴻⴹ ⴰⴷ ⵢⴻⵔⵥⴻⵎ ⵜⴰⵡⵡⵓⵔⵜ.	No
ⵜⵊⴰⴽⵉⵜ	ⵜⴻⴷⴷⴰ-ⴷ ⵜⴽⴻⴱⴱⴰⵏⵉⵜ-ⴰ ⵎⵍⵉⵃ.	No
ⵉⵃⵡⴰⵊ	ⵓⵔⴰⵔⵏ ⴽⵓⵍⵍⵓ ⴰⴽⴷ ⵜⴱⵔⵣⴰ ⴰⵔ ⵜⵜⵎⵢⴰⵡⴰⴹⵏ.	No
ⵜⵔⵓⵃ	ⴰⵔ ⵉⵜⵜⵉⵔⵉⵔ ⵜⵉⴽⵕⵕⵓⵙⵉⵏ ⵏⵏⵙ.	No
ⵢⵉⵊⵊ	ⵜⵓⵔⴰⵔ ⴷⵉⵏⵏⴰ ⴽⵓ ⴰⵙⵙ.	No
ⵓⴹⴰⵕ	ⴽⵓⵍⵍⵓⵜⵏ ⵖⵓⵔⵙⵏ ⵢⴰⵏ ⵓⵣⵎⵣ ⵉⴼⵓⵍⴽⵉⵏ.	No
ⵜⵉⴼⵓⵍⴽⵉⵏ	ⴰⵎⵛⵉⵛ ⵉⴳⴰ ⴰⵙⵃⵉⵙⵙⴼ.	No
ⵜⵜⵀⴻⵢⵢⵉⵏ-ⴷ	ⵜⴰⴽⴰⵕⴹⴰ-ⴰ ⵜⴻⵙⵙⴽⴰⵏⴰⵢ-ⴷ ⴰⵟⴰⵙ ⵏ ⵢⵉⵎⵓⴽⴰⵏ ⴷ ⵢⵉⴱⵔⵉⴷⴻⵏ ⴷ ⵢⵉⴽⵡⵍⴰⵏ.	No
ⵜⴼⵓⴽ	ⵥⵔⴰⵏ-ⴷ ⵢⴻⵔⵏⵓ ⵥⵔⴰⵏ-ⴷ ⵢⵉⵡⴻⵏ ⵏ ⵢⵉⵍⴻⴼ ⴰⵎⴻⵇⵔⴰⵏ.	No
ⵙⵔⴰ	ⴰⵔ ⵉⵜⵜⵉⵔⵉⵔ ⴰⵔ ⵉⵜⵜⴹⵚⴰ ⴰⵔ ⵉⵙⵙⴹⵚⴰ ⵉⵡⴷⴰⵏ.	No
ⵄⵔⴹⵏ	ⴰⵣⵡⵓ ⵎⴰⵣⴰⵍ-ⵉⵜ ⴷ ⴰⵎⴻⵇⵔⴰⵏ, ⵎⴰⵛⴰ ⵇⵇⵉⵎⴻⵏ ⵜⵜⴻⴷⴷⵓⵏ.	No
ⵙⵙⵏⵏ	ⴳ ⵓⴳⵏⵙⵓ, ⵉⵥⵕⴰ ⵜⴰⴽⵓⵔⵜ ⵏⵏⵙ!	No
ⵜⵜⵔⵣⵣⵓⵏ	ⵟⵓⵎ ⵜⵔⴰ ⴰⴷ ⵜⵓⵔⴰⵔ ⴰⴽⴷ ⵙⴰⵎ.	No
ⵜⴻⵃⵃⴰⵙ	ⵟⵓⵎ ⵢⴻⵏⵏⴰ-ⴷ ⵉ ⵢⵉⵎⴻⴷⴷⵓⴽⴰⵍ-ⵏⵏⴻⵙ ⵖⴻⴼ ⵜⴽⴻⵕⵕⵓⵙⵜ.	No
ⵉⵣⴻⵎ-ⴰ	ⴹⴼⴼⵉⵔ ⵡⴰⵢⴰ, ⴽⵔⴰ ⵓⵔ ⵏⵙⵄⵉ ⴰⵔⴰ ⵢⴹⵔⴰ.	No
ⵢⵉⴽⴻⵔⵙⵉⵢⴻⵏ	ⵟⵉⵎ ⴷ ⵙⵓ ⵖⵜⵙⵏ ⴰⴷ ⵔⴽⴱⵏ ⵉⴱⵔⴷⴰⵏ ⵏⵏⵙⵏ ⵙ ⵙⵉⵏ.	No
ⵉⴱⴱⵉ-ⴷ	ⵙⴰⴽⴽⵉⵏ, ⵢⴻⴼⴼⴻⵖ-ⴷ ⵓⴳⴹⵉⴹ-ⴰ ⵢⴻⵔⵏⵓ ⵙⵓⵙⵉ ⵢⴻⵇⵇⴻⵍ ⵖⴻⵔ ⵓⵅⵅⴰⵎ.	No
ⵜⵎⴻⴷⵢⴰⵣⵜ	ⵟⵓⵎ ⵓⵔ ⴷⴰ ⵉⵙⵍ.	No
ⵢⵣⵔⵉ	ⵢⴰⵏ ⵡⴰⵙⵙ ⵏ ⵜⴰⴼⵓⴽⵜ, ⵢⵓⴼⴰ ⵙⴱⵓⵜ ⵢⴰⵏ ⵓⴽⵙⵓⵎ ⵅⴼ ⵡⴰⴽⴰⵍ.	No
ⵓⴱⴰⵏⴰⵏ	ⵎⴰⵛⴰ ⵙⴰⴽⴽⵉⵏ, ⴳⵎⴰ ⵏⵏⵙ ​​ⵟⵓⵎ ⵉⵥⵕⴰ ⵜⴰⴽⵡⵓⵔⵜ.	No
ⵢⵉⵎⵉ	ⵔⴰⵏ ⴰⴷ ⴰⵡⴹⵏ ⴰⴼⵍⵍⴰ.	No
ⵢⴻⵙⵙⴻⵡⵀⴰⵎⴻⵏ	ⵉⵥⵕⴰ ⵜⴰⴽⵕⵕⵓⵙⵜ ⵜⴰⵅⴰⵜⴰⵔⵜ, ⵓⵔ ⵉⵜⵜⵢⴰⵙⵙⵏⵏ ⴷ ⴰⵔ ⴱⴰⵀⵔⴰ ⵉⵜⵜⵓⵙⵎⵔⴰⵙ.	No
ⵜⴰⵇⵛⵔⵉⵜ	ⵉⴳⴰ ⵢⴰⵏ ⵓⵏⵥⴰ ⴰⵔ ⵉⵜⵜⵉⵍⵉ ⵖⵓⵔⵙ ⵢⴰⵏ ⵓⴽⵙⵓⵎ ⵉⵖⵣⵣⵉⴼⵏ.	No
ⴰⴱⵔⵉⴷ	ⵎⴰⵛⴰ ⵓⵔ ⵉⴳⵉ ⵢⴰⵏ ⵓⵎⵖⴰⵢ ⴰⵙⴽⵍⴰⵏ.	No
ⵢⴰⵔⵓ	ⴰⵔ ⵉⵜⵜⵉⵔⵉⵔ ⴰⴷ ⵉⵛⵛ ⴽⴰⵔⵔⵓⵟ ⴽⵓⵍⵍⵓ ⴰⵙⵙ.	No
ⵜⵓⴷⵔⵜ	ⴱⵓⴷⵉ ⵉⵣⵎⵔ ⴰⴷ ⵉⵙⴽⵔ ⵢⴰⵜ ⵜⴽⵓⵔⵜ ⵉⴱⵄⴷⵏ ⴽⵉⴳⴰⵏ.	No
ⵜⵜⴼⵍⵙⵏ	ⵉⴱⴱⵉ ⵜⴰⴽⵔⴹⴰ ⵏ ⵜⵓⵎ.	No
ⴰⵙⴷⴷⵉⴷ	ⵎⴰⵛⴰ ⴽⵔⴰ ⵓⵔ ⵜⵜ ⵏⵏ ⵉⴽⴽⵉⵏ!	No
ⴼⵔⵓⵙⵜⵉ	ⵙⵙⴰⵔⴰⵎⴻⵏ ⴰⴷ ⵇⵇⵉⵎⴻⵏ ⴷⴻⴳ ⵜⵓⵣⵣⵢⴰ ⵜⴰⵇⴱⵓⵔⵜ.	No
ⵍⵍⴰⵏ-ⴷ	ⴰⵔ ⵥⵕⵕⴰⵏ ⵢⴰⵏ ⵓⵙⴽⵡⴼⵍ ⴰⵅⴰⵜⴰⵔ ⵙ ⵜⵊⴷⴷⵉⴳⵉⵏ ⵜⵉⵣⴳⵣⴰⵡⵉⵏ.	No
ⵜⴰⵡⴰⵍⵉⵜ	ⵜⵔⴰ ⴰⴷ ⵜⵜ ⵉⵏⵏ ⵜⴹⵕ ⴼⵍⵍⴰⵙ.	No
ⵉⴱⵏⴰ	ⵍⵉⵍⵉ ⵜⵍⵍⴰ ⵖⵓⵔⵙ ⵢⴰⵜ ⵜⴷⴰⴱⵓⵜ ⵍⵍⵉ ⵜⵔⴰ ⴳ ⵜⴰⴷⴷⴰⵔⵜ ⵏⵏⵙ.	No
ⵜⴽⵕⵕⵓⵙⵜ	ⵉⴷⵍⵉⵙⵏ ⴰⴽⴽⵡ ⴳⴰⵏ ⴰⴽⴽⵡ ⴰⴽⵡⵍⴰⵏ ⴷ ⵉⴽⵙⴰⵢⵏ.	No
ⵓⴽⵍⵉⵙ	ⵢⵓⵙⴰ-ⴷ ⴷⴰⵅⴻⵍ ⵏ ⵜⴽⴻⵕⵕⵓⵙⵜ ⵢⴻⵔⵏⵓ ⵢⴻⵜⵜⵕⴰⵊⵓ.	No
ⴰⴼⵉⵍⵎ	ⴰⵔ ⵉⵜⵜⵉⵔⵉⵔ ⵟⵉⵎ ⴰⴷ ⵉⵍⵎⵎⴷ ⵜⵉⵖⴰⵡⵙⵉⵡⵉⵏ ⵜⵉⵎⴰⵢⵏⵓⵜⵉⵏ.	No
ⴰⴳⵓⵎ	ⵟⵓⵎ ⵖⵓⵔⵙ ⵓⵍ ⴰⵎⵇⵇⵔⴰⵏ ⴰⵔ ⴱⴰⵀⵔⴰ ⵉⵜⵜⴰⵡⵙ ⵡⵉⵢⵢⴰⴹ.	No
ⵉⴳⵔ	ⵛⴻⴽ ⵡⴰⵔ ⵜᵉⵜⵜⵉⵍⵉ ⵛⴰ.	No
ⵍⵉⵢⵓ	ⴰⵔ ⵜⵜⴷⴷⵓⵏ ⵙ ⵜⴼⵍⵡⵉⵜ ⴰⵔ ⵜⵜⴰⵡⵉⵏ ⵜⵉⴼⵍⵡⵉⵏ.	No
ⵡⴻⵎⴽⴰⵏ	ⴱⴹⴰⵏ ⵜⵉⴼⵍⵡⵉⵜⵉⵏ, ⵙⴰⵏⴷⵡⵉⵛ, ⴷ ⴽⵓⵛⴽ.	No
ⴰⴱⵔⴽⴰⵏ	ⵓⵔ ⵜⵜⵄⴹⴹⵉⵍⵏ ⴰⵔⴰ, ⴰⴼⵜⴰⵙ-ⴰ ⵢⵍⵍⴰ-ⴷ ⴷ ⴰⵙⵓⵔⵉⴼ.	No
ⵜⵙⵙⵓⵎⵓⵎ	ⵜⵟⵟⴼ ⵜⴰⴳⵓⵔⵉ ⵜⴰⵏⵎⵖⵓⵔⵜ.	No
ⵉⵜⵜⵓⵖⵓⵍ	ⵃⴻⵎⵎⵍⴻⵏ ⴰⴷ ⵄⵓⵎⴻⵏ ⵢⴻⵔⵏⵓ ⴰⴷ ⵙⵙⴱⴻⵖⵙⴻⵏ ⵢⴻⵔⵏⵓ ⴰⴷ ⵥⵔⴻⵏ ⵉⵙⴻⵍⵎⴰⵏ.	No
ⵓⴷⴼⵏ	ⵉⴽⴽⴻⵙ ⵓⴷⵎⴰⵡⴻⵏ-ⵏⵙⴻⵏ ⵢⴻⵔⵏⵓ ⵢⴻⵙⵙⴻⵔⵙ-ⴷ ⴰⴼⵓⵙ-ⵏⵏⴻⵙ.	No
ⵜⵉⵟⵟⴰⵡⵉⵏ-ⵏⵏⵙ	ⵥⵔⴰⵏ ⵢⴰⵜ ⵜⴽⵓⵔⵜ ⵜⴰⵎⵇⵇⵔⴰⵏⵜ, ⵜⴰⵣⴳⴳⵡⴰⵖⵜ ⵜⴰⵎⴰ ⵏ ⵜⴼⵍⵡⵉⵜ.	No
ⴰⴱⴰⵔⴰⵣ	ⵓⵔ ⵜⵜⵄⴹⴹⵉⵍⵏ ⴰⵔⴰ, ⵢⵍⵍⴰ ⵛⵡⵉⵟ ⵛⵡⵉⵟ ⵛⵡⵉⵟ.	No
ⵎⵙⵙⴰⵏ	ⵉⵥⵕⴰ ⴰⴼⵓⵙ ⵏⵏⵙ ⴰⵔ ⵜ ⵉⵜⵜⵔⴰⵔ.	No
ⴰⵙⴻⴼⵔⵓ	ⵉⵙⵇⵙⴰ ⵅⴼ ⵓⵎⴷⴷⴰⴽⴽⵍ ⵏⵏⵙ, ⵢⴰⵏ ⵓⴳⴹⵉⴹ, ⴰⴷ ⵜ ⵢⴰⵡⵉ.	No
ⴰⵏⴻⵀⵀⴰⵕ	ⴰⵔ ⵜⵜ ⵜⵜⴰⵡⵙⵏ ⵙ ⵜⴽⵔⴽⴰⵙ ⵏⵏⵙ ⴷ ⵡⴰⴼⵔⵉⵡⵏ ⵏⵏⵙ.	No
ⵜⴻⵖⵡⴰⵍⵜ	ⵙⵙⴰⵔⴰⵎⴻⵏ ⵓⵔ ⵜⵜ-ⵉⴷ-ⵜⴻⵜⵜⴰⵔⵔⴰ ⴰⵔⴰ ⴽⵔⴰ ⵏ ⵢⵉⵇⵛⵉⵛⴻⵏ.	No
ⵜⴳⵣⵎ-ⵉⵜⵜ	ⴰⵔ ⵜⵏ ⵉⵜⵜⴰⵣⵣⴰⵍ ⵓⴽⵙⵓⵎ ⴽⵉⴳⴰⵏ.	No
ⵜⵣⴻⵇⵇⴰ-ⵏⵏⴻⵙ	ⵡⵉ ⴷ ⵉⵎⵉⵣⵉ.	No
ⵉⵍⵉⵍⴰ	ⴰⵔ ⵜⵜⵉⵏⵉ ⵎⴰⵙ ⴷ ⵜⵖⵔⵎⵜ ⵜⴳⴰ ⴱⴰⵀⵔⴰ.	No
ⵥⴻⵎⵎⴰⵔⴻⵏ	ⵖⵜⵙⵏ ⴰⴷ ⵓⵔⴰⵔⵏ ⵙ ⵙⵉⵏ ⵅⴼ ⵉⴱⵔⴷⴰⵏ ⴳ ⵓⴷⵖⴰⵔ ⵏⵏⵙ.	No
ⵓⵔⴳⴰⵣ-ⴰ	ⵉⴳⴰ ⵢⴰⵏ ⵓⴱⵔⵉⴷ ⴰⵅⴰⵜⴰⵔ, ⵉⵖⵍⴰⵏ ⵙ ⴽⵉⴳⴰⵏ ⵏ ⵜⵀⵉⵔⵉⵜⵉⵏ.	No
ⵃⵡⴰⵊⵏ	ⴱⴻⵏ ⵉⵃⴻⵎⵎⴻⵍ ⴰⴷ ⵢⴻ ⵛⵛⴹⴻⵃ.	No
ⴰⵎⵙⵙⵉ	ⵟⵉⵎ ⵜⵔⵣⴰ ⵖⵔ ⴷⴰⵅⵍ ⴰⵔ ⵜⵥⵕⵕⴰ ⴽⵉⴳⴰⵏ ⵏ ⵜⵡⵍⴰⴼⵉⵏ.	No
ⵉⵍⵎⴷ	ⵜⵉⵎ, ⵎⵎⴰ ⵏⵏⵙ, ⴷ ⵓⴳⴹⵉⴹ ⴽⵓⵍⵍⵓ ⵜⵜⵓⵙⴼⵍⵙⵏ ⴽⵉⴳⴰⵏ.	No
ⵎⴽⵍⵍⵉ	ⵜⵔⵡⵍ ⴰⵔ ⵜⴹⵚⴰ, ⵜⴹⵚⴰ ⵙ ⵜⵓⵎⵔⵜ.	No
ⵜⴰⵎⵖⴰⵔⵜ-ⴰ	ⵟⵉⵎ ⵢⵍⵍⴰ ⵢⵜⵜⵃⵓⵍⴼⵓ ⵎⵍⵉⵃ ⵢⵔⵏⵓ ⵢⵙⵙⵏⵇⵙ-ⴷ ⴰⵇⴻⵔⵔⵓ-ⵏⵏⵙ.	No
ⵜⵜ-ⵜⴻⴹⵍⴻⵏ	ⵟⵉⵎ ⴷ ⵢⵎⵎⴰ-ⵙ ⴼⵕⵃⵏ ⵎⵍⵉⵃ.	No
ⵢⵉⵎⴰⵏ-ⵏⵡⴻⵏ	ⵍⵍⵉⴳ ⵉⴽⵛⵎ ⵟⵓⵎ, ⵉⵥⵕⴰ ⵢⴰⵏ ⵓⴳⴹⵉⴹ ⵉⵙⵎ ⵏⵏⵙ ⴱⵉⵍⵉ.	No
ⵅⴰⵍⵜ	ⵉⵎⴷⴷⵓⴽⴽⴰⵍ ⵏ ⵎⵉⵢⴰ ⴰⵔ ⵜⵜⵉⵔⵉⵏ ⴽⵓⵛⴽ ⵏⵏⵙ ⵉⵣⴷⴷⵉⴳⵏ.	No
ⵉⴼⵔⵅⴰⵏ	ⵢⴰⵏ ⵡⴰⵙⵙ, ⵜⵎⵍⴰⵍⴰ ⴷ ⵢⴰⵏ ⵓⵎⵛⵛⵉ ⴰⵅⴰⵜⴰⵔ ⵍⵍⵉ ⵉⴳⴰⵏ ⴰⵙⵃⵉⵙⵙⴼ.	No
ⵜⵜⵡⴰⴱⵥⵏ	ⵜⵣⵎⵔⴷ ⴰⴷ ⵜⵉⵍⵉⴷ ⵜⴰⴽⵓⵔⵜ ⵏⵏⴽ ⵜⴰⵣⴳⵣⴰⵡⵜ.	No
ⵉⵜⵜⵓⵜⵜⵓ	ⴷⵉⵏⵏⴰ, ⵜⵓⴼⴰ ⵢⴰⵏ ⵓⵙⴽⵡⴼⵍ ⴰⵎⵇⵇⵔⴰⵏ ⵍⵍⵉ ⵖ ⵉⵍⵍⴰ ⵢⴰⵏ ⵓⵙⴽⴰⵏ.	No
ⵜⴹⵔⴰ	ⵜⵉⵎ ⵉⴳⴰ ⵢⴰⵏ ⵓⵔⴱⴰ ⵍⵍⵉ ⵖ ⵉⵍⵍⴰ ⵓⵏⴳⴰⵙ.	No
ⵜⵙⵙⵔⵇⴰⴱ	ⵎⴰⵛⴰ ⵙⴰⴽⴽⵉⵏ, ⵊⵉⵏ ⵖⵓⵔⵙ ⵢⴰⵜ ⵜⵡⵏⴳⵉⵎⵜ.	No
ⵜⵉⵇⵛⵔⵉⵏ-ⵏⵏⵙ	ⴰⵔ ⵉⵜⵜⴳⴳⴰ ⵓⵙⵉⵔⵔⵉ ⴰⴷ ⵉⴼⵓⵍⴽⵉ.	No
ⵢⵎⵍⵉⵍ	ⵓⵔ ⵜⵜⵉⵍⵉ ⴰⵔⴰ ⴷ ⴰⵏⴰⵎⴻⴽ.	No
ⵓⴽⵍⵉⵙ	ⵍⵉⵍⴰ ⴷ ⴱⴻⵏ ⴰⵔ ⵜⵜⵉⵔⵉⵔ.	No
ⵓⵏⵍⵎⴰⴷ	ⴼⵔⵃⵏ ⴷ ⵖⵓⵔⵙⵏ ⵢⴰⵏ ⵡⴰⵙⵙ ⵉⴼⵓⵍⴽⵉⵏ.	No
ⵢⴻⵍⵎⴻⴷ	ⴰⵔ ⵜⵜⴻⵜⵜⴰⵏ ⵙⵉⵏ ⵙⵉⵏ ⴽⵓⵍⵍⵓ.	No
ⴰⵎⵙⵍⵍⵃ	ⵜⵉⵎ ⵉⴼⵔⴰ ⴱⴰⵀⵔⴰ.	No
ⴰⴹⵕⵉⵚ	ⵜⴷⴷⴰ ⵟⵉ ⵖⵔ ⵜⴰⴷⴷⴰⵔⵜ ⵏ ⵙⴰⵎ ⵙ ⵜⴼⵍⵡⵉⵜ.	No
ⵜⵙⴰⵡⵍⴷ	ⵜⵔⵥⵎ ⵜⵡⴰⵍ ⵅⴼ ⴽⵉⴳⴰⵏ ⵏ ⵜⴳⵣⵣⵓⵎⵉⵏ.	No
ⵓⴳⴳⴰⵔ	ⵢⴰⵏ ⵡⴰⵙⵙ, ⵉⴷⴷⴰ ⵟⵉⵎ ⵖⵔ ⵓⵏⵔⴰⵔ ⴰⴽⴷ ⵢⵎⵎⴰ-ⵙ.	No
ⵓⵎⴷⴷⴰⴽⵍ	ⵜⴻⵔⵥⴻⵎ ⵜⴰⴽⴻⵕⵕⵓⵙⵜ-ⵏⵏⵉ ⵢⴻⵔⵏⵓ ⵜⴰⴽⴻⵕⵕⵓⵙⵜ-ⵏⵏⵉ ⵜⴻⵍⵍⴰ ⴷ ⵜⵉⵍⴻⵎⵎⴰⵙⵉⵏ.	No
ⵢⴻⴼⵔⴻⵃ	ⴰⵖⴱⴰⵍⵓ-ⴰ ⵢⴻⵍⵍⴰ ⵢⴻⵟⵟⴻⴼ ⴰⴱⴰⵏⴰⵏ.	No
ⵉⵎⵓⵍⵏ	ⴰⴼⵉⵍⵎ ⵏ ⵢⵉⵟⵉⵊ ⴷ ⴰⵎⴷⴷⴰⴽⴽⵍ ⵏⵏⵙ ⴰⵎⵇⵇⵔⴰⵏ.	No
ⵜⵜⵏⵇⵙⵏ	ⵜⵙⵙⵔⵙ ⴰⵙ ⴰⴼⴰⵔⵙ ⴰⵔ ⵜⵟⵟⴰⴼ ⴰⵙⵍⴽⵉⵏ ⵏ ⵎⴰⴽⵙ.	No
ⵜⴼⵔⴰ	ⵜⵙⵙⵓⵙⵎ ⵍⵉⵍⵉ ⴰⵔ ⵜⵜ ⵜⵙⵙⵓⵎⵓⵎ.	No
ⵉⵖⴻⵔⵙⵉⵡⴻⵏ	ⵜⵙⵙⵎⵔⵙ ⴰⴽⵍⵓ ⴰⵣⴳⴳⵡⴰⵖ ⵉ ⴽⵓⵎⴱ.	No
ⵛⵛⵏⴰⵏ	ⵜⵅⵚⵚⴰ ⵜⴰⵎⵍⴰⵍⵜ ⵏⵏⵙ.	No
ⴰⵣⴰⵎⵓⵍ-ⵏⵏⴻⵙ	ⵉⴳⴰ ⵢⴰⵏ ⵓⵏⵙⵎⴰⵙⵙⵓ ⵓⵏⵣⵉⵍ.	No
ⵜⴻⴼⵜⵉⵙⵜ	ⴰⵔ ⵜⵙⵙⵓⵜⵓⵔ ⴰⵔ ⵜⴼⴼⵔ ⴰⵙⵍⴽⵉⵏ ⵏⵏⵙ ⴷⴷⴰⵡ ⵏ ⵓⵙⴰⵔⵓ ⵏⵏⵙ.	No
ⵜⴳⴰⵜ	ⵢⴰⵏ ⵡⴰⵙⵙ, ⵜⵓⴼⴰ ⵍⵉⵍⵉ ⵢⴰⵜ ⵜⵍⵍⵓⵏⵜ ⵜⴰⵎⵥⵥⵢⴰⵏⵜ.	No
ⵉⵙⵙⴻⵍⵎⴰⴷ	ⴱⴷⴰⵏ ⴽⵓⵍⵍⵓ ⴰⵔ ⵜⵜⵎⵢⴰⵡⴰⴹⵏ ⴰⵔ ⵜⵜⵎⵢⴰⵡⴰⴹⵏ ⵉ ⵓⴽⵙⵓⵎ.	No
ⵜⵎⵙⵉⵔⵜ	ⵓⵔ ⵜⵣⵎⵉⵔ ⴰⴷ ⵜⵜⴰⵎⵏ ⵎⵛⵜⴰ ⵍⵍⵉ ⵜ ⵉⴳⴰⵏ!	No
ⵉⵣⵎⵉⵔ	ⵟⵓⵎ ⴰⵔ ⵉⵜⵜⵥⵕⵕⴰ ⴳ ⴽⵓ ⴰⵏⵙⴰ.	No
ⵢⴻⵣⵔⵉ-ⴷ	ⵜⵍⵍⴰ ⵜⵃⵡⴰⵊ ⴱⴰⵀⵔⴰ ⴷ ⵜⵔⴰ ⴰⴷ ⵜⵙⵙⵏⵊⵎ ⴰⵙⵎⴹⵍ ⵏⵏⵙ.	No
ⵉⵜⵜⴰⴼⴰ	ⵉⵙⵙⵏ ⵉⵙ ⵉⵖⵢ ⴰⴷ ⵉⴼⵙⵉ ⵓⴳⵓⵔ ⴰⴷ.	No
ⴰⵙⵍⴻⵖⵎⵓ-ⴰ	ⵟⵓⵎ ⴰⵔ ⵉⵜⵜⵃⵢⵢⴰⵍ.	No
ⵉⵣⵎⵔ	ⵉⴱⴷⴰ ⵢⴰⵏ ⵓⴽⵙⵓⵎ ⴰⴽⴷ ⵔⵓⵣ ⴰⵔ ⵜⵜ ⵉⵜⵜⵔⵔⴰ.	No
ⵉⵜⵜⵢⴰⵙⵙⵏⵏ	ⵜⵣⴷⵖ ⵅⴰⵍⵜ ⵏⵏⵙ ⴱⵄⴷⴰ ⵓⵔ ⵜⵣⵎⵉⵔ ⴰⴷ ⵜⵔⵣⵓ ⴽⵉⴳⴰⵏ.	No
ⵉⵙⴰⵡⵍ	ⴰⵔ ⵜⵜⵉⵏⵉⵏ ⴰⵔ ⵜⵜⵉⵏⵉⵏ.	No
ⵏⴻⵙⵙⴻⵔⵡ-ⵉⴽⴻⵏ	ⵉⴳⴰ ⴰⵎⵢⴰⴳ ⴷ ⵓⵏⴳⴰⵙ.	No
ⴰⵔⵎⵏ	ⵜⵙⵙⵔⵙ ⵢⴰⵏ ⵓⴽⵙⵓⵎ ⵅⴼ ⵎⴰⴽⵙ ⴰⴼⴰⴷ ⴰⴷ ⵜ ⵜⵃⴹⵓ.	No
ⵢⴻⵙⵙⵓⵏⴼⵓ	ⴹⴹⵙⵏ ⴰⵔ ⵜⵜⵓⵔⴰⵔⵏ ⴽⵓⵍⵍⵓ.	No
ⵍⴻⵅⵚⴰⵔ	ⵢⴰⵏ ⵡⴰⵙⵙ, ⵉⵥⵕⴰ ⵙⴱⵉⴽ ⵢⴰⵜ ⵜⵎⴰⵜⴰⵔⵜ ⴳ ⵓⴱⴰⵔⴰⵣ.	No
ⴰⵙⴼⴻⵍ-ⵏⵏⴻⵙ	ⵉⴳⴰ ⴰⵏⴼⵍⵓⵙ ⴷ ⵉⵔⴰ ⴰⴷ ⵢⵓⵔⴰⵔ ⴰⴽⵉⴷⵙ.	No
ⵉⵍⵉⴼⴰⵏⵜ	ⵉⵙⵏⵎⵎⵔ ⴰⴼⵔⴰⴳ ⴰⵔ ⵜⵜⵓⵖⵓⵍⵏ ⴷ ⵉⵎⴷⴷⵓⴽⴽⴰⵍ.	No
ⵜⵜⵓⵙⵍⵍⵡⵏ	ⴰⴳⴹⵉⴹ-ⴰ ⵢⵓⵖⴰⵍ ⴷ ⴰⵎⴻⴷⴷⴰⴽⴻⵍ ⵏ ⵎⵎⴰ-ⵙ, ⵢⴻⵔⵏⵓ ⵓⵔⴰⵔⴻⵏ ⴰⴽⴽ.	No
ⵉⴱⴰⵊⴰⵎⴰ	ⵜⵉⵎ ⵜⵍⵍⴰ ⵜⵓⵔⴰⵔ ⵙ ⵢⴰⵏ ⵓⵙⵎⵖⵔ ⵏ ⵓⵔⴰⵔ.	No
ⵜⵜⴰⵖ	ⵓⵔ ⴰⵙ ⵉⵙⵍⵉ ⵉ ⵜⵎⴰⵜⴰⵔⵜ.	No
ⵙⵙⴻⵔⵙⴻⵏ-ⵜ-ⵉⴷ	ⵜⴷⴷⴰ ⵅⴼ ⵢⴰⵏ ⵡⴰⵏⵙⴰ ⵏ ⵜⵔⴱⴰⵜ ⵜⴰⵎⵥⵥⵢⴰⵏⵜ.	No
ⵢⴻⵜⵜⵡⴰⵖⴻⵍⵇ	ⵢⵓⵙⴰ-ⴷ ⵖⵔ ⵜⵣⵖⵖⴰ ⵏ ⵍⵉⵍⵉ ⵢⵔⵏⵓ ⵢⵟⵟⴼ ⵜⴰⵇⵛⵉⵛⵜ.	No
ⵉⵙⵙⵔⵇⴱ	ⵢⴰⵜ ⵜⵉⵣⵉ, ⵜⵍⵍⴰ ⵢⴰⵜ ⵜⵡⵜⵎⵜ ⵜⴰⵎⴰⵢⵏⵓⵜ.	No
ⵜⴼⴼⵔ	ⵉⵟⵉⵊ ⵉⴼⴼⵖ ⴳ ⵢⵉⴳⵏⵏⴰ ⵍⵍⵉⴳ ⵉⴷⴷⴰ ⵙⴰⵎ ⵖⵔ ⵜⴰⴷⴷⴰⵔⵜ.	No
ⵜⵜⵎⵓⵏⵏⵜ	ⴰⴳⵎⵓⴹ-ⴰ ⵢⴻⵜⵜⵄⴰⵡⴰⵏ-ⵉⵜⴻⵏ ⴰⴽⴽ.	No
ⵜⵜⵎⵙⵍⴰⵢⵏ-ⵜ	ⵜⵉⵎ ⴷ ⵉⵎⴷⴷⵓⴽⴽⴰⵍ ⵏⵏⵙ ⴰⵔ ⴱⴰⵀⵔⴰ ⵜⵜⵓⵙⵎⵔⴰⵙⵏ.	No
ⵜⴰⵎⴻⴷⴷⵓⵔⵜ	ⵜⵥⵕⴰ ⵢⴰⵏ ⵓⵙⴽⵡⴼⵍ ⴰⵅⴰⵜⴰⵔ ⴰⵔ ⵜ ⵉⵜⵜⴰⵔⴰ.	No
ⵡⵓⵔⴰⵔ	ⵓⵔ ⵊⵊⵓ ⵜⵥⵕⴰ ⵢⴰⵏ ⵓⵎⵓⴷⵔ ⵓⵔ ⵉⵜⵜⵢⴰⵙⵙⵏⵏ ⴷⴰⵜ.	No
ⵉⵔⴳⴰⵣⵏ	ⵢⴰⵏ ⵡⴰⵙⵙ, ⵉⴷⴷⴰ ⵢⴰⵏ ⵓⴳⴹⵉⴹ ⴰⵣⴳⴳⵡⴰⵖ ⴰⵎⵥⵥⵢⴰⵏ ⵖⵔ ⵓⵙⴽⵡⴼⵍ.	No
ⵉⴱⵔⴽⴰⵏ	ⴰⵔⵥⵓⵏ ⴽⵓⵍⵍⵓ ⴰⵔ ⵜⵜⴱⴹⴹⵓⵏ ⵜⴰⴽⵓⵔⵜ ⵏ ⵓⴹⴰⵕ ⵜⴰⵡⵔⴰⵖⵜ.	No
ⵜⵓⴳⵏⴰ	ⴰⵔ ⵉⵜⵜⵉⵖⵉⵍ ⵉⵙ ⵉⴳⴰ ⴰⵙⵃⵉⵙⵙⴼ.	No
ⵎⵙⴻⴼⵀⴰⵎⴻⵏ	ⴰⵢⴷⴻⵏ ⵢⴻⵍⵍⴰ ⵢⴻⵃⵡⴰⵊ, ⵎⴰⵛⴰ ⴷⴻⴳ ⵜⴳⴰⵔⴰ ⵢⴻⴷⴷⴰ.	No
ⴰⵙⵉⵔⴰ	ⴰⵙⴻⴽⴽⵉⵍ-ⴰ ⴷ ⵡⵉⵏ ⴰⵢⴷⴻⴳ ⵢⴻⵍⵍⴰ ⵡⴻⵥⵔⵓ ⵢⴻⵔⵏⵓ ⵢⴻⵙⵄⴰ ⵜⴰⴼⵓⴽⵜ ⵜⴰⵎⴻⵛⵟⵓⵃⵜ.	No
ⵜⵙⴽⵔⵎ	ⵍⵉⵍⵉ ⵜⴼⵔⴰⵔ ⵍⵍⵉⵖ ⵜⵍⵎⴷ ⵅⴼ ⵜⴼⵍⵡⵉⵏ ⵏ ⵓⴼⵔⴰⴳ.	No
ⴻⵊⵊ	ⵍⵍⵉⴳ ⵢⵓⵄⵔ, ⵉⴷⴷⴰ ⵙ ⵉⵣⵉⴱⴱ, ⵣⵉⵒ, ⵥⵉⵒ, ⵣⵉⴽ.	No
ⵜⵙⵙⴷⵔⵉⵙ	ⵜⵡⴻⴹ-ⴷ-ⵉⴷ-ⵉⵚⴻⵔⵎⴻⵏ ⵉ ⵓⴷⵍⵉⵙ-ⴰ.	No
ⵎⵛⵜⴰ	ⵎⵓⵍⵉ ⴰⵔ ⵉⵜⵜⵓⵖⵓⵍ ⴰⵔ ⵉⵜⵜⵓⵖⵓⵍ.	No
ⵉⵍⵓⴳⵏ	ⵙⵙⵏⴻⵏ ⴱⴻⵍⵍⵉ ⴳⴳⵉⵏ ⵛⴰ ⵏ ⵜⵖⴰⵡⵙⴰ ⵓⵔ ⵏⴻⵍⵀⵉ.	No
ⵢⴻⵜⵜⵃⵓⴷⴷⵓ	ⴼⵔⵃⵏ ⵎⴰⵙ ⵜⵙⵖ ⵎⵎⴰ ⵓⴳⴳⴰⵔ ⵏ ⵜⵊⴷⴷⵉⴳⵉⵏ.	No
ⵜⵉⵏⵎⵍ	ⵜⴻⵏⵏⴰ-ⴷ ⴷⴰⴽⴽⴻⵏ ⵣⴻⵎⵔⴻⵏ ⴰⴷ ⵙⵙⵉⵡⴹⴻⵏ ⵖⴻⵔ ⵢⵉⵡⴻⵜ ⵏ ⵜⴽⴻⵕⵕⵓⵙⵜ ⵙⴰⴽⴽⵉⵏ.	No
ⴱⴻⴷⴷⴻⵏ	ⴷⵉ ⵜⴰⵍⵍⵉⵜ-ⵏⵏⵉ ⴽⴰⵏ, ⵢⴻⵍⵍⴰ-ⴷ ⵢⵉⵡⴻⵏ ⵏ ⵡⴻⵇⵛⵉⵛ ⴰⵎⴻⵇⵔⴰⵏ ⴷⴻⴳ ⵜⵃⴰⵏⵓⵜ.	No
ⵢⴻⵜⵜⵡⴰⵔⵓⵏ	ⵍⵍⵉⴳ ⵉⵔⵥⵎ ⵜⵉⵎ ⵜⵉⵟⵟⴰⵡⵉⵏ ⵏⵏⵙ, ⵓⵔ ⵜⵍⵍⵉ ⵓⴳⴹⵉⴹ.	No
ⵎⴰⵏⵉ	ⵙⵓ ⴷ ⴱⵓⴱ ⵛⵛⵏⴰⵏ ⵜⵉⵣⵍⵉⵜ ⵉⴼⵓⵍⴽⵉⵏ ⴰⴽⴷ ⵢⴰⵏ.	No
ⵜⴼⵔⵔⵃⴷ	ⵓⵔ ⵉⴳⵉ ⵓⴽⵙⵓⵎ ⴰⵏⵖⵎⴰⵙ, ⵎⴰⵛⴰ ⵉⴼⵓⵍⴽⵉ ⴱⴰⵀⵔⴰ.	No
ⴷⴷⵔⵏ	ⴰⵔ ⵜⵜⵉⵔⵉⵏ ⴰⴷ ⵓⵔⴰⵔⵏ ⵙ ⵜⵡⵍⴰⴼⵉⵏ ⵏⵏⵙⵏ ⴳ ⵓⴱⴰⵔⴰⵣ.	No
ⴰⵎⵖⴰⵔ	ⵟⵓⵎ ⵢⵍⵎ-ⴷ ⵜⴰⵎⵙⵉⵔⵜ-ⵏⵏⵙ.	No
ⴰⵏⴹⴼⵓⵕ	ⵓⵔ ⴰⵙ ⵉⵙⵍⵍⵡ ⴰⵢⵢⴷ.	No
ⵢⵙⵙⴰⵡⴹ	ⴰⵔ ⵜⵜⵃⴰⵙⴰⴱⵏ ⴰⵔ ⵜⵜⴳⴳⵡⵏ.	No
ⵉⵙⴼⵍⴷ	ⴹⴼⴼⵉⵔ ⵡⴰⵢⴰ, ⴽⵔⴰ ⵓⵔ ⵏⵙⵄⵉ ⴰⵔⴰ ⵢⴹⵔⴰ!	No
ⵓⵙⵉⴳⵏⴰ	ⵢⵓⵙⵉ ⴽⵔⴰ ⵏ ⵉⴳⵓⵎⵎⴰ ⴰⵔ ⵜⵏ ⵉⴱⴹⴰ ⴰⴽⴷ ⵉⵎⴷⴷⵓⴽⴽⴰⵍ ⵏⵏⵙ.	No
ⵜⵜⵛⴹⴹⵕⵏ	Sue ⵜⵥⵕⴰ ⵟⵓⵎⴰⵟⵓ ⴰⵣⴳⴳⴰⵍ ⵏ ⵟⵉⵎ ⴰⵔ ⵜ ⵉⵜⵜⴰⵣⵣⴰⵍ.	No
ⵏⵙⵏ	ⴷ ⴰⵙⴱⵖⵉⵜⵜⵉ ⴷ ⵓⴽⵙⵓⵎ.	No
ⵜⵉⵣⵡⵓ	ⵎⵎⴰ ⵏⵏⵙ ​​ⵜⵍⵍⴰ ⵜⵜⵣⵓⵅⵓ.	No
ⵢⵓⴼⴰ-ⴷ	ⵙ ⵢⵉⵟⵉⵊ ⵢⴻⵜⵜⴼⴻⴵⴵⵉⴵ, ⵢⴻⴱⴷⴰ-ⴷ ⵓⴽⴻⵔⵙⵉ ⵏ ⵊⵉⵏ.	No
ⵓⴹⴰⵕ	ⵏⴻⵙⵙⵓⵜⵓⵔ ⴰⴷ ⴽⴻⵏ-ⵏⵄⴰⵡⴻⵏ ⴰⴽⴽⴻⵏ ⴰⴷ ⵜⴱⴻⴷⴷⴻⵍⴻⵎ ⴰⵙⴻⵍⴽⵉⵎ ⴰⵣⴻⵡⵡⴰⵖ.	No
ⵓⵙⵡⵍⴼ	ⵊⴻⵔⵔⵉ ⵢⴻⵟⵟⴻⴼ-ⴷ ⵜⴰⵙⴻⴽⴽⵉⵍⵜ-ⵏⵏⵉ ⵢⴻⵔⵏⵓ ⵢⴻⵙⵙⴻⵔⵙ-ⵉⵜⵜ-ⵉⴷ ⵖⴻⴼ ⵓⴳⴻⵍⵎⵉⵎ.	No
ⴰⵙⴽⴽⵉⵍ	ⵎⴰⵛⴰ ⴰⵖⴻⵔⵙⵉⵡ ⵓⵔ ⵢⴻⵍⵍⵉ ⴰⵔⴰ ⴷ ⴰⵎⴻⵄⵔⵓⴼ.	No
ⵜⴰⵍⵍⵉⵜ-ⵏⵏⵉ	ⴼⴽⴰⵏ ⴰⵙ ⴰⵎⴰⵏ ⴷ ⵜⴰⵢⵔⵉ.	No
ⴰⵥⵓⵕⴰⵏ	ⵓⵔ ⵔⴰⵏ ⴰⴷ ⴱⴹⵓⵏ.	No
ⵢⴻⵇⵔⴻⴱ	ⴰⵔ ⴱⴰⵀⵔⴰ ⵉⵜⵜⵓⵙⵎⵔⴰⵙ ⵙ ⵜⵡⵓⵔⵉ ⵏⵏⵙ.	No
ⵜⴰⵎⵙⴰⵍⵜ-ⴰ	ⵓⴼⴰⵏ ⵢⴰⵏ ⵡⴰⵏⵙⴰ ⵉⴼⵓⵍⴽⵉⵏ ⴷⴷⴰⵡ ⵏ ⵢⴰⵏ ⵓⵙⴽⵡⴼⵍ ⴰⵅⴰⵜⴰⵔ.	No
ⴰⵎⵙⵙⵓⴷⵙ	ⵜⴰⴽⵓⵔⵜ ⵜⴰⵣⴻⴳⵣⴰⵡⵜ ⵜⴰⵎⴻⵇⵇⵔⴰⵏⵜ ⵜⴻⴱⵖⴰ ⴰⴷ ⵜⵓⵔⴰⵔ ⴷ ⵢⵉⵡⴻⵏ.	No
ⵜⵜⵄⴻⵟⵟⵉⵍⴻⵏ	ⴰⵔ ⵜⵜⵉⵔⵉⵏ ⵎⵎⵉ.	No
ⵉⵍⵇⵢⵏ	ⴰⵙⵍⵎⴰⵏ ⴰⵎⵥⵥⴰⵏ ⵉⴳⴰ ⴰⵙⵃⵉⵙⵙⴼ ⵎⴰⵛⴰ ⵉⵎⵙⴰⵙⴰ.	No
ⴰⵏⵙⵙⵉⵅⴼ	ⵢⵓⵎⴰⵔ ⵄⴰⵡⴷ, ⴰⵔ ⵉⵜⵜⵓⵔⴰⵔ ⴳ ⵡⴰⵎⴰⵏ.	No
ⵜⵜⴻⵎⵍⵉⵍⵉⵏ	ⵙⴰⵎ ⵉⵙⵍⵍⵡⵉ ⵉ ⵜⵣⵍⵉⵜ ⴰⵔ ⵉⵙⵙⵏⵜⵉ ⴰⵔ ⵉⵜⵜⵔⴰⵔ.	No
ⴰⵏⵥⵥⴰⵡ	ⵍⵉⵍⵉ ⴷ ⵟⵓⵎ ⴰⵔ ⵜⵜⵃⵢⵢⴰⵍⵏ ⵉ ⵎⴰⴽⵙ.	No
ⵕⵕⴰⴷⵢⵓ	ⵓⵔ ⵜ-ⵜⴻⵜⵜⴰⵔⵔⴰ ⴰⵔⴰ ⵜⴼⵓⵏⴰⵙⵜ ⴷⴻⴼⴼⵉⵔ ⴽⵓⵍⵍⴻⵛ.	No
ⵜⵊⴷⴷⵉⴳⵜ	ⵉⴼⴼⴻⵖ-ⴷ ⵢⵉⴳⴹⴰⴹ ⴰⴽⴽⴻⵏ ⴰⴷ ⴷ-ⵢⴰⴼ ⴰⴼⵓⵙ ⵉⴼⴰⵣⴻⵏ.	No
ⵜⴻⵃⵃⴰ	ⵉⵥⵕⴰ ⵢⴰⵜ ⵜⴽⵔⴽⴰⵙ ⵜⴰⵎⵇⵇⵔⴰⵏⵜ.	No
