input1	input2	input3	label
ⵏ	ⵛ	ⵢⴰⵏ	ⵢⴰⵛ
ⵏ	ⵍ	ⵏⵏⵙ	ⵍⵍⵙ
ⵢ	ⵢ	ⵢⴰⵜ	ⵢⴰⵜ
ⵀ	ⵒ	ⴱⴰⵀⵔⴰ	ⴱⴰⵒⵔⴰ
ⵍ	ⵕ	ⵍⵉⵍⵉ	ⵕⵉⵕⵉ
ⴰ	ⵣ	ⵎⴰⵛⴰ	ⵎⵣⵛⵣ
ⵙ	ⵏ	ⵡⴰⵙⵙ	ⵡⴰⵏⵏ
ⵏ	ⴻ	ⵢⴻⵔⵏⵓ	ⵢⴻⵔⴻⵓ
ⵏ	ⵍ	ⴽⵉⴳⴰⵏ	ⴽⵉⴳⴰⵍ
ⵟ	ⵀ	ⵟⵓⵎ	ⵀⵓⵎ
ⵎ	ⴻ	ⵟⵉⵎ	ⵟⵉⴻ
ⵔ	ⴷ	ⴰⵔⴰ	ⴰⴷⴰ
ⵜ	ⵔ	ⵉⵜⵜⵓⵖⵓⵍ	ⵉⵔⵔⵓⵖⵓⵍ
ⴳ	ⴻ	ⵉⴳⴰ	ⵉⴻⴰ
ⴽ	ⵜ	ⴽⵔⴰ	ⵜⵔⴰ
ⵓ	ⵇ	ⵓⴽⵙⵓⵎ	ⵇⴽⵙⵇⵎ
ⵜ	ⵞ	ⵜⵍⵍⴰ	ⵞⵍⵍⴰ
ⵓ	ⵥ	ⵉⴼⵓⵍⴽⵉⵏ	ⵉⴼⵥⵍⴽⵉⵏ
ⵖ	ⴵ	ⵖⵓⵔⵙ	ⴵⵓⵔⵙ
ⵓ	ⴰ	ⴽⵓⵍⵍⵓ	ⴽⴰⵍⵍⴰ
ⴷ	ⵚ	ⵉⵎⴷⴷⵓⴽⴽⴰⵍ	ⵉⵎⵚⵚⵓⴽⴽⴰⵍ
ⵉ	ⵢ	ⵜⵉⵣⵉ	ⵜⵢⵣⵢ
ⵍ	ⵊ	ⵎⵍⵉⵃ	ⵎⵊⵉⵃ
ⵜ	ⵓ	ⵜⵉⵎ	ⵓⵉⵎ
ⵎ	ⴷ	ⵎⵎⴰ	ⴷⴷⴰ
ⴽ	ⵉ	ⵎⴰⴽⵙ	ⵎⴰⵉⵙ
ⵉ	ⵀ	ⵉⵙⵎ	ⵀⵙⵎ
ⵙ	ⵞ	ⵓⵏⴳⴰⵙ	ⵓⵏⴳⴰⵞ
ⵉ	ⴹ	ⵍⵍⵉ	ⵍⵍⴹ
ⴰ	ⵣ	ⴰⵅⴰⵜⴰⵔ	ⵣⵅⵣⵜⵣⵔ
ⵢ	ⴻ	ⵡⴰⵢⴰ	ⵡⴰⴻⴰ
ⴳ	ⵏ	ⵜⴳⴰ	ⵜⵏⴰ
ⵙ	ⴼ	ⵙⴰⵎ	ⴼⴰⵎ
ⵏ	ⵯ	ⵏⵏⵙⵏ	ⵯⵯⵙⵯ
ⵏ	ⵏ	ⵓⵏⵔⴰⵔ	ⵓⵏⵔⴰⵔ
ⵥ	ⴹ	ⵉⵥⵕⴰ	ⵉⴹⵕⴰ
ⵙ	ⵙ	ⴰⵙⵙ	ⴰⵙⵙ
ⵍ	ⵊ	ⵢⴻⵍⵍⴰ	ⵢⴻⵊⵊⴰ
ⵉ	ⵄ	ⵉⵜⵜⵉⵔⵉⵔ	ⵄⵜⵜⵄⵔⵄⵔ
ⵉ	ⵄ	ⵉⵍⵍⴰ	ⵄⵍⵍⴰ
ⴰ	ⵍ	ⵜⵥⵕⴰ	ⵜⵥⵕⵍ
ⴷ	ⴷ	ⵜⴰⴷⴷⴰⵔⵜ	ⵜⴰⴷⴷⴰⵔⵜ
ⴰ	ⴽ	ⵜⵔⴰ	ⵜⵔⴽ
ⴰ	ⴳ	ⴰⴽⴷ	ⴳⴽⴷ
ⴰ	ⵯ	ⵓⵔⴰⵔⵏ	ⵓⵔⵯⵔⵏ
ⵉ	ⵥ	ⵓⴳⴹⵉⴹ	ⵓⴳⴹⵥⴹ
ⵔ	ⵥ	ⵖⵓⵔⵙⵏ	ⵖⵓⵥⵙⵏ
ⴳ	ⵇ	ⴷⴻⴳ	ⴷⴻⵇ
ⵙ	ⵛ	ⵎⴰⵙ	ⵎⴰⵛ
ⵔ	ⵎ	ⵔⴰⴷ	ⵎⴰⴷ
ⵏ	ⵢ	ⵉⵖⵓⴷⴰⵏ	ⵉⵖⵓⴷⴰⵢ
ⵡ	ⵕ	ⵓⵙⴽⵡⴼⵍ	ⵓⵙⴽⵕⴼⵍ
ⵉ	ⵓ	ⵍⵍⵉⵖ	ⵍⵍⵓⵖ
ⵏ	ⴼ	ⵙⴰⴽⴽⵉⵏ	ⵙⴰⴽⴽⵉⴼ
ⵓ	ⵔ	ⵢⵓⵙⴰ-ⴷ	ⵢⵔⵙⴰ-ⴷ
ⵓ	ⵊ	ⵢⵓⵔⴰⵔ	ⵢⵊⵔⴰⵔ
ⴽ	ⵎ	ⵓⵏⵛⴽ	ⵓⵏⵛⵎ
ⴰ	ⵉ	ⵜⵓⵔⴰⵔ	ⵜⵓⵔⵉⵔ
ⵓ	ⵃ	ⵜⵜⵓⵔⴰⵔⵏ	ⵜⵜⵃⵔⴰⵔⵏ
ⵕ	ⵜ	ⵉⵥⵕⵕⴰ	ⵉⵥⵜⵜⴰ
ⴰ	ⴻ	ⴰⵡⴷ	ⴻⵡⴷ
ⵉ	ⵉ	ⵜⵜⵉⵔⵉⵏ	ⵜⵜⵉⵔⵉⵏ
ⴹ	ⵯ	ⴹⴼⴼⵉⵔ	ⵯⴼⴼⵉⵔ
ⵎ	ⴷ	ⴰⵎⵇⵇⵔⴰⵏ	ⴰⴷⵇⵇⵔⴰⵏ
ⴰ	ⴼ	ⴳⴰⵏ	ⴳⴼⵏ
ⵥ	ⵅ	ⴰⵎⵥⵥⵢⴰⵏ	ⴰⵎⵅⵅⵢⴰⵏ
ⵉ	ⴼ	ⵉⵣⴷⴷⵉⴳⵏ	ⴼⵣⴷⴷⴼⴳⵏ
ⵔ	ⴹ	ⵖⴻⵔ	ⵖⴻⴹ
ⵓ	ⴼ	ⵓⵔⴱⴰ	ⴼⵔⴱⴰ
ⴻ	ⴱ	ⵜⵃⴻⵎⵎⴻⵍ	ⵜⵃⴱⵎⵎⴱⵍ
ⴽ	ⵄ	ⵉⴼⵓⵍⴽⵉ	ⵉⴼⵓⵍⵄⵉ
ⴽ	ⴼ	ⴰⴽⴽ	ⴰⴼⴼ
ⵡ	ⵇ	ⵢⵉⵡⴻⵜ	ⵢⵉⵇⴻⵜ
ⴰ	ⴱ	ⴰⴼⴰⴷ	ⴱⴼⴱⴷ
ⵓ	ⵜ	ⵓⵏⴳⴰⵍ	ⵜⵏⴳⴰⵍ
ⵉ	ⴻ	ⴰⴳⴹⵉⴹ	ⴰⴳⴹⴻⴹ
ⵉ	ⴷ	ⵉⴱⵖⴰ	ⴷⴱⵖⴰ
ⴹ	ⴷ	ⵢⴰⴹⵏ	ⵢⴰⴷⵏ
ⵎ	ⵕ	ⵜⴰⵎⵇⵇⵔⴰⵏⵜ	ⵜⴰⵕⵇⵇⵔⴰⵏⵜ
ⵚ	ⵄ	ⵜⵜⴹⵚⴰⵏ	ⵜⵜⴹⵄⴰⵏ
ⴳ	ⵣ	ⵜⴳⵎⵎⵉ	ⵜⵣⵎⵎⵉ
ⵉ	ⴳ	ⵉⴱⴷⴰ	ⴳⴱⴷⴰ
ⴰ	ⵚ	ⵜⴰⵎⵥⵥⵢⴰⵏⵜ	ⵜⵚⵎⵥⵥⵢⵚⵏⵜ
ⵉ	ⵍ	ⵜⴼⵍⵡⵉⵜ	ⵜⴼⵍⵡⵍⵜ
ⵓ	ⵡ	ⵓⴼⵔⴰ	ⵡⴼⵔⴰ
ⵓ	ⵇ	ⵙⴱⵓⵜ	ⵙⴱⵇⵜ
ⴰ	ⵃ	ⴱⵕⵕⴰ	ⴱⵕⵕⵃ
ⵏ	ⵔ	ⵏⵜⵜⴰ	ⵔⵜⵜⴰ
ⵓ	ⵍ	ⴰⵎⴰⵢⵏⵓ	ⴰⵎⴰⵢⵏⵍ
ⵃ	ⵞ	ⵉⵜⵜⵃⵢⵢⴰⵍ	ⵉⵜⵜⵞⵢⵢⴰⵍ
ⵏ	ⵄ	ⴱⴻⵏ	ⴱⴻⵄ
ⴰ	ⵡ	ⵓⵎⴷⴷⴰⴽⴽⵍ	ⵓⵎⴷⴷⵡⴽⴽⵍ
ⵜ	ⵣ	ⵜⵙⵙⵏ	ⵣⵙⵙⵏ
ⵉ	ⵕ	ⵉⴳⵉ	ⵕⴳⵕ
ⵔ	ⵍ	ⵜⴰⴽⵓⵔⵜ	ⵜⴰⴽⵓⵍⵜ
ⵓ	ⴰ	ⵜⴽⵓⵔⵜ	ⵜⴽⴰⵔⵜ
ⵢ	ⴹ	ⵎⵉⵢⴰ	ⵎⵉⴹⴰ
ⵏ	ⴳ	ⵙⵉⵏ	ⵙⵉⴳ
ⴱ	ⴽ	ⴱⴰⴱⴰ	ⴽⴰⴽⴰ
ⴷ	ⵡ	ⴷⴷⴰⵡ	ⵡⵡⴰⵡ
ⵔ	ⵏ	ⵢⵔⵏⵓ	ⵢⵏⵏⵓ
ⵜ	ⵕ	ⵜⵉⴽⴽⵍⵜ	ⵕⵉⴽⴽⵍⵕ
ⵏ	ⴽ	ⵜⵡⵍⴰⴼⵉⵏ	ⵜⵡⵍⴰⴼⵉⴽ
ⵡ	ⵒ	ⵜⵖⴰⵡⵙⴰ	ⵜⵖⴰⵒⵙⴰ
ⵙ	ⵛ	ⵙⴰⵔⴰ	ⵛⴰⵔⴰ
ⵜ	ⴹ	ⵉⵜⵜⴷⴷⵓ	ⵉⴹⴹⴷⴷⵓ
ⴰ	ⵅ	ⴰⵎⵛⵉⵛ	ⵅⵎⵛⵉⵛ
ⵍ	ⵃ	ⵍⵍⴰⵏ	ⵃⵃⴰⵏ
ⴷ	ⵉ	ⵉⴷⴷⴰ	ⵉⵉⵉⴰ
ⵡ	ⵙ	ⵢⵉⵡⴻⵏ	ⵢⵉⵙⴻⵏ
ⵜ	ⴳ	ⵜⴷⴷⴰ	ⴳⴷⴷⴰ
ⵏ	ⵛ	ⵜⵡⵏⴳⵉⵎⵜ	ⵜⵡⵛⴳⵉⵎⵜ
ⴰ	ⵃ	ⵜⵥⵕⵕⴰ	ⵜⵥⵕⵕⵃ
ⵓ	ⴷ	ⵜⵜⴷⴷⵓⵏ	ⵜⵜⴷⴷⴷⵏ
ⵉ	ⵃ	ⵉⴼⴼⵖ	ⵃⴼⴼⵖ
ⵏ	ⵥ	ⵡⴰⵎⴰⵏ	ⵡⴰⵎⴰⵥ
ⵛ	ⴰ	ⵍⵓⵛⵉ	ⵍⵓⴰⵉ
ⴰ	ⵢ	ⵜⵖⴰⵔⴰⵙⵜ	ⵜⵖⵢⵔⵢⵙⵜ
ⴷ	ⵒ	ⵎⴰⴷ	ⵎⴰⵒ
ⵜ	ⴵ	ⵜⴽⴻⵕⵕⵓⵙⵜ	ⴵⴽⴻⵕⵕⵓⵙⴵ
ⴱ	ⵅ	ⴱⵓⴱ	ⵅⵓⵅ
ⵢ	ⴹ	ⴰⵢⴰ	ⴰⴹⴰ
ⵏ	ⴰ	ⵓⴳⵏⵙⵓ	ⵓⴳⴰⵙⵓ
ⵎ	ⵛ	ⵜⵃⵎⵉⵍ	ⵜⵃⵛⵉⵍ
ⴳ	ⴰ	ⴰⵣⴳⴳⵡⴰⵖ	ⴰⵣⴰⴰⵡⴰⵖ
ⴰ	ⴰ	ⵡⴰⴽⴰⵍ	ⵡⴰⴽⴰⵍ
ⴰ	ⵥ	ⵥⵔⴰⵏ	ⵥⵔⵥⵏ
ⵔ	ⴻ	ⵔⴰⵏ	ⴻⴰⵏ
ⴻ	ⴼ	ⵖⴻⴼ	ⵖⴼⴼ
ⵔ	ⵒ	ⵜⵔⵡⵍ	ⵜⵒⵡⵍ
ⴽ	ⵄ	ⴽⴰⵏ	ⵄⴰⵏ
ⴰ	ⵡ	ⵢⵓⴼⴰ	ⵢⵓⴼⵡ
ⵛ	ⴹ	ⴰⵛⴽⵓ	ⴰⴹⴽⵓ
ⴰ	ⵎ	ⵥⵕⴰⵏ	ⵥⵕⵎⵏ
ⵔ	ⴼ	ⵜⴼⵔⴰⵔ	ⵜⴼⴼⴰⴼ
ⵔ	ⵍ	ⴰⵎⴻⵇⵔⴰⵏ	ⴰⵎⴻⵇⵍⴰⵏ
ⴷ	ⵥ	ⵓⴱⵔⵉⴷ	ⵓⴱⵔⵉⵥ
ⵙ	ⵕ	ⴰⵙⵃⵉⵙⵙⴼ	ⴰⵕⵃⵉⵕⵕⴼ
ⴰ	ⵀ	ⵜⵔⴱⴰⵜ	ⵜⵔⴱⵀⵜ
ⴽ	ⴱ	ⴰⴽⴽⴻⵏ	ⴰⴱⴱⴻⵏ
ⴳ	ⴳ	ⵍⵍⵉⴳ	ⵍⵍⵉⴳ
ⴻ	ⵍ	ⵛⴻⴽ	ⵛⵍⴽ
ⵜ	ⵓ	ⵉⵜⵜⵓⵙⵎⵔⴰⵙ	ⵉⵓⵓⵓⵙⵎⵔⴰⵙ
ⵉ	ⴳ	ⵉⵔⴰ	ⴳⵔⴰ
ⵣ	ⵢ	ⵉⵣⵎⵉⵔ	ⵉⵢⵎⵉⵔ
ⵢ	ⵜ	ⵢⵉⵍⵉ	ⵜⵉⵍⵉ
ⵍ	ⵯ	ⵜⵡⵍⴰⴼⵜ	ⵜⵡⵯⴰⴼⵜ
ⴻ	ⵇ	ⵜⴻⵍⵍⴰ	ⵜⵇⵍⵍⴰ
ⵙ	ⵏ	ⵉⵙⴽⵔ	ⵉⵏⴽⵔ
ⵉ	ⴽ	ⵜⵡⵓⵔⵉ	ⵜⵡⵓⵔⴽ
ⴼ	ⵎ	ⴷⴼⴼⵉⵔ	ⴷⵎⵎⵉⵔ
ⴷ	ⵔ	ⵢⴻⵍⵍⴰ-ⴷ	ⵢⴻⵍⵍⴰ-ⵔ
ⵉ	ⴹ	ⴱⴻⵍⵍⵉ	ⴱⴻⵍⵍⴹ
ⵄ	ⴳ	ⵢⴻⵙⵄⴰ	ⵢⴻⵙⴳⴰ
ⴰ	ⵎ	ⵜⴽⵔⴽⴰⵙ	ⵜⴽⵔⴽⵎⵙ
ⴱ	ⵀ	ⴱⴷⴰⵏ	ⵀⴷⴰⵏ
ⵔ	ⵏ	ⵓⴳⴳⴰⵔ	ⵓⴳⴳⴰⵏ
ⵙ	ⵚ	ⵜⵙⵙⵓⵙⵎ	ⵜⵚⵚⵓⵚⵎ
ⵉ	ⵏ	ⵢⴰⵡⵉ	ⵢⴰⵡⵏ
ⵃ	ⵡ	ⵜⵜⵃⵢⵢⴰⵍⵏ	ⵜⵜⵡⵢⵢⴰⵍⵏ
ⵜ	ⵊ	ⵉⵜⵜⵓⵔⴰⵔ	ⵉⵊⵊⵓⵔⴰⵔ
ⴰ	ⵒ	ⵢⴻⵍⵀⴰⵏ	ⵢⴻⵍⵀⵒⵏ
ⵎ	ⵥ	ⵓⵎⵛⵉⵛ	ⵓⵥⵛⵉⵛ
ⵉ	ⵒ	ⵉⵙⵙⵏ	ⵒⵙⵙⵏ
ⵔ	ⵔ	ⴼⵔⵃⵏ	ⴼⵔⵃⵏ
ⵍ	ⵛ	ⵓⵍⴰ	ⵓⵛⴰ
ⴷ	ⴻ	ⵜⴷⴷⵓ	ⵜⴻⴻⵓ
ⵜ	ⵡ	ⵜⵜ-ⵜⴻⵜⵜⴰⵔⵔⴰ	ⵡⵡ-ⵡⴻⵡⵡⴰⵔⵔⴰ
ⵔ	ⵔ	ⴰⵔⴱⴰ	ⴰⵔⴱⴰ
ⵕ	ⴼ	ⵥⵕⵕⴰⵏ	ⵥⴼⴼⴰⵏ
ⵔ	ⴼ	ⴰⵔⴳⴰⵣ	ⴰⴼⴳⴰⵣ
ⵏ	ⵢ	ⴷⴰⴽⴽⴻⵏ	ⴷⴰⴽⴽⴻⵢ
ⵢ	ⴳ	ⴰⵢⴻⵏ	ⴰⴳⴻⵏ
ⵍ	ⵔ	ⵉⵖⴰⵍ	ⵉⵖⴰⵔ
ⵜ	ⵀ	ⵉⵜⵜⵉⵔⵉ	ⵉⵀⵀⵉⵔⵉ
ⵉ	ⵙ	ⵉⵜⵜⴰⵣⵣⴰⵍ	ⵙⵜⵜⴰⵣⵣⴰⵍ
ⴰ	ⴷ	ⵓⵔⴰⵔ	ⵓⵔⴷⵔ
ⴷ	ⵅ	ⵢⴻⵙⵙⴻⵔⵙ-ⴷ	ⵢⴻⵙⵙⴻⵔⵙ-ⵅ
ⵓ	ⴵ	ⵓⴼⵓⵙ	ⴵⴼⴵⵙ
ⵏ	ⴰ	ⵏⵉⵜⵏⵉ	ⴰⵉⵜⴰⵉ
ⴰ	ⵚ	ⵜⴳⵉⵔⴰ	ⵜⴳⵉⵔⵚ
ⵓ	ⵥ	ⴽⵓⵍⵍⵓⵜⵏ	ⴽⵥⵍⵍⵥⵜⵏ
ⵔ	ⵞ	ⵜⵜⵓⵙⵎⵔⴰⵙⵏ	ⵜⵜⵓⵙⵎⵞⴰⵙⵏ
ⵏ	ⵇ	ⵎⵇⵇⵓⵔⵏ	ⵎⵇⵇⵓⵔⵇ
ⵕ	ⴹ	ⴼⵕⵃⵏ	ⴼⴹⵃⵏ
ⵔ	ⵉ	ⵙⵙⴽⵔⵏ	ⵙⵙⴽⵉⵏ
ⵏ	ⵃ	ⵜⵓⵔⴰⵔⵉⵏ	ⵜⵓⵔⴰⵔⵉⵃ
ⵔ	ⵅ	ⵓⵔⴳⴰⵣ	ⵓⵅⴳⴰⵣ
ⵉ	ⴼ	ⴽⵉⵜⵜⵉ	ⴽⴼⵜⵜⴼ
ⴰ	ⴱ	ⵉⵎⵓⴷⴰⵔ	ⵉⵎⵓⴷⴱⵔ
ⵏ	ⵞ	ⵏⵏⵉⴹⴻⵏ	ⵞⵞⵉⴹⴻⵞ
ⴷ	ⴼ	ⴰⵎⴷⴷⴰⴽⴽⵍ	ⴰⵎⴼⴼⴰⴽⴽⵍ
ⵓ	ⵚ	ⵓⵔⴰⵔⴻⵏ	ⵚⵔⴰⵔⴻⵏ
ⵎ	ⵇ	ⵜⴰⵎⴰ	ⵜⴰⵇⴰ
ⴰ	ⵇ	ⵍⵍⴰⵏⵜ	ⵍⵍⵇⵏⵜ
ⵏ	ⵀ	ⵉⴽⵡⵍⴰⵏ	ⵉⴽⵡⵍⴰⵀ
ⵉ	ⵅ	ⵓⵎⵛⵛⵉ	ⵓⵎⵛⵛⵅ
ⵙ	ⵙ	ⵜⵙⵙⵔⵙ	ⵜⵙⵙⵔⵙ
ⵖ	ⵯ	ⵉⵣⴷⵖ	ⵉⵣⴷⵯ
ⴱ	ⴻ	ⵉⴱⵔⴷⴰⵏ	ⵉⴻⵔⴷⴰⵏ
ⵟ	ⵀ	ⵉⵟⵉⵊ	ⵉⵀⵉⵊ
ⵜ	ⵜ	ⵜⵏⵏⴰ	ⵜⵏⵏⴰ
ⵢ	ⵢ	ⵉⵖⵢ	ⵉⵖⵢ
ⵙ	ⵢ	ⵜⵙⵇⵙⴰ	ⵜⵢⵇⵢⴰ
ⵏ	ⵅ	ⵜⵜⵉⵏⵉⵏ	ⵜⵜⵉⵅⵉⵅ
ⴰ	ⵔ	ⴰⴼⵓⵙ	ⵔⴼⵓⵙ
ⵏ	ⵓ	ⴰⵏⴰ	ⴰⵓⴰ
ⵍ	ⴳ	ⴰⵣⴰⵍ	ⴰⵣⴰⴳ
ⵏ	ⵀ	ⴰⵎⴻⵥⵢⴰⵏ	ⴰⵎⴻⵥⵢⴰⵀ
ⵉ	ⵍ	ⴰⴳⴹⵉⴹ-ⴰ	ⴰⴳⴹⵍⴹ-ⴰ
ⵏ	ⵀ	ⵜⵉⴼⵍⵡⵉⵏ	ⵜⵉⴼⵍⵡⵉⵀ
ⵜ	ⵙ	ⵜⵙⵙⴼⵍⵉⴷ	ⵙⵙⵙⴼⵍⵉⴷ
ⵔ	ⵏ	ⵉⴼⵔⴰⵔ	ⵉⴼⵏⴰⵏ
ⵡ	ⴷ	ⵛⵡⵉⵟ	ⵛⴷⵉⵟ
ⵉ	ⵥ	ⵜⵉⵖⴰⵡⵙⵉⵡⵉⵏ	ⵜⵥⵖⴰⵡⵙⵥⵡⵥⵏ
ⴰ	ⴷ	ⵡⴰⵢⴹ	ⵡⴷⵢⴹ
ⵓ	ⴽ	ⵜⵙⵙⵓⴼⵖ	ⵜⵙⵙⴽⴼⵖ
ⴰ	ⵒ	ⴰⵏⵏⴰ	ⵒⵏⵏⵒ
ⴰ	ⵞ	ⴰⵎⵉ	ⵞⵎⵉ
ⴷ	ⵃ	ⵢⴻⵏⵏⴰ-ⴷ	ⵢⴻⵏⵏⴰ-ⵃ
ⴼ	ⵟ	ⴰⵙⴼⵙⵔ	ⴰⵙⵟⵙⵔ
ⵜ	ⵣ	ⵜⴰⵅⴰⵜⴰⵔⵜ	ⵣⴰⵅⴰⵣⴰⵔⵣ
ⵜ	ⵥ	ⵏⴻⵜⵜⴰ	ⵏⴻⵥⵥⴰ
ⵓ	ⴳ	ⵜⴼⵓⵍⴽⵉ	ⵜⴼⴳⵍⴽⵉ
ⴼ	ⵥ	ⵜⵉⵡⵍⴰⴼⵉⵏ	ⵜⵉⵡⵍⴰⵥⵉⵏ
ⵔ	ⴷ	ⴰⴱⵔⵉⴷ	ⴰⴱⴷⵉⴷ
ⵜ	ⵇ	ⵜⵙⴽⵔ	ⵇⵙⴽⵔ
ⵉ	ⵯ	ⵉⵜⵜⵃⴰⵙⴰⴱ	ⵯⵜⵜⵃⴰⵙⴰⴱ
ⵍ	ⵛ	ⵜⵉⴽⴽⴻⵍⵜ	ⵜⵉⴽⴽⴻⵛⵜ
ⵏ	ⵙ	ⴷⵉⵏⵏⴰ	ⴷⵉⵙⵙⴰ
ⵉ	ⴱ	ⵏⵙⵄⵉ	ⵏⵙⵄⴱ
ⴰ	ⵄ	ⵢⴹⵔⴰ	ⵢⴹⵔⵄ
ⵓ	ⵣ	ⵜⵓⵎ	ⵜⵣⵎ
ⵎ	ⵔ	ⵢⵎⵎⴰ	ⵢⵔⵔⴰ
-	ⵢ	ⵉⵎⵉⵔ-ⴰ	ⵉⵎⵉⵔⵢⴰ
ⵜ	ⵒ	ⵜⵖⵜⵙ	ⵒⵖⵒⵙ
ⵜ	ⵙ	ⵙⵒⵓⵜ	ⵙⵒⵓⵙ
ⵙ	ⴵ	ⵉⵙⵇⵙⴰ	ⵉⴵⵇⴵⴰ
ⴳ	ⴽ	ⵉⴳⴹⴰⴹ	ⵉⴽⴹⴰⴹ
ⵉ	ⵏ	ⵉⵖⵣⵣⵉⴼⵏ	ⵏⵖⵣⵣⵏⴼⵏ
ⵓ	ⴵ	ⵜⵓⴼⴰ	ⵜⴵⴼⴰ
ⴰ	ⵡ	ⵢⴰⴹⵏⵉⵏ	ⵢⵡⴹⵏⵉⵏ
ⵔ	ⵀ	ⵡⴰⵔ	ⵡⴰⵀ
ⵜ	ⴹ	ⵜⵖⵔⵎⵜ	ⴹⵖⵔⵎⴹ
ⴷ	ⵕ	ⴰⴽⵉⴷⵙ	ⴰⴽⵉⵕⵙ
ⵍ	ⴳ	ⵃⴻⵎⵎⵍⴻⵏ	ⵃⴻⵎⵎⴳⴻⵏ
ⵍ	ⵟ	ⵉⵎⵍⴰⵍⴰ	ⵉⵎⵟⴰⵟⴰ
ⵔ	ⵟ	ⵜⵜⵉⵔⵉⵔⵏ	ⵜⵜⵉⵟⵉⵟⵏ
ⴼ	ⴻ	ⴼⵍⵓⴼⵉ	ⴻⵍⵓⴻⵉ
ⵖ	ⵀ	ⵉⵜⵜⴼⴼⵖ	ⵉⵜⵜⴼⴼⵀ
ⵇ	ⴳ	ⵜⵇⵛⵉⵛⵜ	ⵜⴳⵛⵉⵛⵜ
ⵏ	ⵓ	ⵣⵓⵏⴷ	ⵣⵓⵓⴷ
ⴰ	ⵕ	ⴰⵟⴰⵙ	ⵕⵟⵕⵙ
ⴰ	ⵙ	ⵊⴰⴽ	ⵊⵙⴽ
ⵡ	ⴼ	ⵜⴰⵡⵙ	ⵜⴰⴼⵙ
ⴱ	ⵟ	ⵉⵜⵜⴱⴱⵉ	ⵉⵜⵜⵟⵟⵉ
ⵎ	ⵔ	ⵎⵉⴰ	ⵔⵉⴰ
ⴰ	ⵏ	ⴰⵎⴰⵏ	ⵏⵎⵏⵏ
ⵏ	ⵙ	ⵜⵜⵏⴰⵖⵏ	ⵜⵜⵙⴰⵖⵙ
ⵎ	ⴼ	ⴰⴽⵙⵓⵎ	ⴰⴽⵙⵓⴼ
ⵙ	ⵅ	ⵖⴰⵙ	ⵖⴰⵅ
-	ⵚ	ⵜⵃⵓⵍⴼⴰ-ⴷ	ⵜⵃⵓⵍⴼⴰⵚⴷ
ⵓ	ⵖ	ⵓⴼⴰⵏ	ⵖⴼⴰⵏ
ⵓ	ⵟ	ⵜⵜⵓⵔⴰⵔⴻⵏ	ⵜⵜⵟⵔⴰⵔⴻⵏ
ⴱ	ⴷ	ⵜⴰⵔⴱⴰⵜ	ⵜⴰⵔⴷⴰⵜ
ⴰ	ⴳ	ⵜⵜⴳⴳⴰⵏ	ⵜⵜⴳⴳⴳⵏ
ⵡ	ⵍ	ⵜⵜⵎⵢⴰⵡⴰⴹⵏ	ⵜⵜⵎⵢⴰⵍⴰⴹⵏ
ⵉ	ⵥ	ⵉⵔⵥⵎ	ⵥⵔⵥⵎ
ⵙ	ⵇ	ⵉⴼⴰⵙⵙⵏ	ⵉⴼⴰⵇⵇⵏ
ⵔ	ⴹ	ⵜⵡⵡⵓⵔⵜ	ⵜⵡⵡⵓⴹⵜ
ⵙ	ⵣ	ⵙⴰⵍⵉ	ⵣⴰⵍⵉ
ⴱ	ⴼ	ⵉⴱⴱⵉ-ⴷ	ⵉⴼⴼⵉ-ⴷ
ⴰ	ⵜ	ⵡⴰⵟⴰⵙ	ⵡⵜⵟⵜⵙ
ⵡ	ⵜ	ⵡⵉⵏ	ⵜⵉⵏ
-	ⴻ	ⵢⴻⵎⵎⴰ-ⵙ	ⵢⴻⵎⵎⴰⴻⵙ
ⵍ	ⴷ	ⵉⵃⵍⵉⵏ	ⵉⵃⴷⵉⵏ
ⴰ	ⵛ	ⴽⴽⴰⵏ	ⴽⴽⵛⵏ
ⴻ	ⴱ	ⵢⴻⵔⵏⴰ	ⵢⴱⵔⵏⴰ
ⵚ	ⵜ	ⵉⵅⵚⵚⴰ	ⵉⵅⵜⵜⴰ
ⵜ	ⵛ	ⵜⵜⵓⵖⵓⵍⵏ	ⵛⵛⵓⵖⵓⵍⵏ
ⴰ	ⵢ	ⵎⴰⵔⵔⴰ	ⵎⵢⵔⵔⵢ
ⵉ	ⵍ	ⵉⴼⵔⴰ	ⵍⴼⵔⴰ
ⴰ	ⵕ	ⵉⵙⴽⵡⵍⴰⵏ	ⵉⵙⴽⵡⵍⵕⵏ
ⵎ	ⴼ	ⵜⵙⵙⵓⵎⵓⵎ	ⵜⵙⵙⵓⴼⵓⴼ
ⵙ	ⴱ	ⵜⴰⴽⵕⵕⵓⵙⵜ	ⵜⴰⴽⵕⵕⵓⴱⵜ
ⵉ	ⵕ	ⵉⵎⴻⴷⴷⵓⴽⴰⵍ	ⵕⵎⴻⴷⴷⵓⴽⴰⵍ
ⵄ	ⴰ	ⵜⵜⵄⴹⴹⵉⵍⵏ	ⵜⵜⴰⴹⴹⵉⵍⵏ
ⵉ	ⵖ	ⵉⵥⵕ	ⵖⵥⵕ
ⴰ	ⵀ	ⵉⵍⵍⴰⵏ	ⵉⵍⵍⵀⵏ
ⵃ	ⴰ	ⵜⵃⵓⵣⴰ	ⵜⴰⵓⵣⴰ
ⵔ	ⴼ	ⵉⵜⵜⵔ	ⵉⵜⵜⴼ
ⵥ	ⴰ	ⵥⵕⵏ	ⴰⵕⵏ
ⴽ	ⵖ	ⵜⴽⴽⴰ	ⵜⵖⵖⴰ
ⴰ	ⵉ	ⵉⴳⴰⵏ	ⵉⴳⵉⵏ
ⵓ	ⵄ	ⵓⵥⵕⵓ	ⵄⵥⵕⵄ
ⵏ	ⴼ	ⵜⵉⵏ	ⵜⵉⴼ
ⵏ	ⵕ	ⵏⵏⴽ	ⵕⵕⴽ
ⵜ	ⵍ	ⵉⵜⵜⵉⵖⵉⵍ	ⵉⵍⵍⵉⵖⵉⵍ
ⵉ	ⴱ	ⵢⵉⵟⵉⵊ	ⵢⴱⵟⴱⵊ
ⵏ	ⵖ	ⵏⴻⵛⵛ	ⵖⴻⵛⵛ
ⵙ	ⵡ	ⵉⵙⵔⵙ	ⵉⵡⵔⵡ
ⵉ	ⵏ	ⵉⵜⵜⴹⵚⴰ	ⵏⵜⵜⴹⵚⴰ
ⵔ	ⵄ	ⵉⵔⴰⵔ	ⵉⵄⴰⵄ
ⵜ	ⴹ	ⵜⵡⵔⵉⵔⵜ	ⴹⵡⵔⵉⵔⴹ
ⴻ	ⵯ	ⵜⴰⴽⴻⵕⵕⵓⵙⵜ	ⵜⴰⴽⵯⵕⵕⵓⵙⵜ
ⵢ	ⵒ	ⵢⴻⴱⵖⴰ	ⵒⴻⴱⵖⴰ
ⵉ	ⵙ	ⵉⵛⵛ	ⵙⵛⵛ
ⵉ	ⴽ	ⵉⵜⵜⵔⴰⵔ	ⴽⵜⵜⵔⴰⵔ
ⴷ	ⵓ	ⵉⵇⵇⴰⵏⴷ	ⵉⵇⵇⴰⵏⵓ
ⴱ	ⵊ	ⵉⴱⴱⵉ	ⵉⵊⵊⵉ
ⵍ	ⵏ	ⵢⵓⵍⵉ	ⵢⵓⵏⵉ
ⵚ	ⵛ	ⵜⴹⵚⴰ	ⵜⴹⵛⴰ
ⵜ	ⴳ	ⵜⴰⵇⵛⵉⵛⵜ	ⴳⴰⵇⵛⵉⵛⴳ
ⴷ	ⴱ	ⵉⵡⴷⴰⵏ	ⵉⵡⴱⴰⵏ
ⵄ	ⴷ	ⵢⴻⵄⵔⴻⴹ	ⵢⴻⴷⵔⴻⴹ
ⵙ	ⴷ	ⴰⵙⵍⴽⵉⵏ	ⴰⴷⵍⴽⵉⵏ
ⴰ	ⵛ	ⴰⵙⵏ	ⵛⵙⵏ
ⴼ	ⵛ	ⵜⴼⵓⴳⵍⴰ	ⵜⵛⵓⴳⵍⴰ
ⵜ	ⵀ	ⵜⵜⵔⴰⵔⴰⵏ	ⵀⵀⵔⴰⵔⴰⵏ
ⵜ	ⵜ	ⵜⵓⵔⴰⵔⵜ	ⵜⵓⵔⴰⵔⵜ
ⴼ	ⵕ	ⴷⴻⴼⴼⵉⵔ	ⴷⴻⵕⵕⵉⵔ
ⴰ	ⵊ	ⵍⴰⵎⴰⵏ	ⵍⵊⵎⵊⵏ
ⵥ	ⵖ	ⵜⵔⵥⵎ	ⵜⵔⵖⵎ
ⴰ	ⵙ	ⴰⵏⵙⴰ	ⵙⵏⵙⵙ
ⵜ	ⴰ	ⵜⵖⴰⵡⵙⵉⵡⵉⵏ	ⴰⵖⴰⵡⵙⵉⵡⵉⵏ
ⵕ	ⵓ	ⵓⵏⵥⴰⵕ	ⵓⵏⵥⴰⵓ
ⵡ	ⵇ	ⵜⵉⵟⵟⴰⵡⵉⵏ	ⵜⵉⵟⵟⴰⵇⵉⵏ
ⵏ	ⵏ	ⴷⴷⵓⵏ	ⴷⴷⵓⵏ
ⴼ	ⴹ	ⵢⴰⴼ	ⵢⴰⴹ
ⴼ	ⴻ	ⵉⴼⴽⴰ	ⵉⴻⴽⴰ
ⵍ	ⴼ	ⵓⴷⵍⵉⵙ	ⵓⴷⴼⵉⵙ
ⵓ	ⵀ	ⵉⵏⵓ	ⵉⵏⵀ
ⵟ	ⵚ	ⵜⵟⵟⴼ	ⵜⵚⵚⴼ
ⵉ	ⵛ	ⵜⵉⵇⴱⵓⵔⵉⵏ	ⵜⵛⵇⴱⵓⵔⵛⵏ
ⵍ	ⵄ	ⴽⵓⵍⵍⴻⵛ	ⴽⵓⵄⵄⴻⵛ
ⵏ	ⵟ	ⵜⴰⵎⴰⵢⵏⵓⵜ	ⵜⴰⵎⴰⵢⵟⵓⵜ
ⵡ	ⵥ	ⵢⵉⵡⵏ	ⵢⵉⵥⵏ
ⵃ	ⵕ	ⵉⵜⵜⴱⵔⵔⵃ	ⵉⵜⵜⴱⵔⵔⵕ
ⵜ	ⴹ	ⵖⵜⵙⵏ	ⵖⴹⵙⵏ
ⵥ	ⵇ	ⵥⵕⵉⵏ	ⵇⵕⵉⵏ
ⴼ	ⴰ	ⵓⴼⵔⴰⴳ	ⵓⴰⵔⴰⴳ
ⵙ	ⵟ	ⵉⵙⵍⴰ	ⵉⵟⵍⴰ
ⴼ	ⵇ	ⵉⵅⴼ	ⵉⵅⵇ
ⵎ	ⴼ	ⵢⵎⵎⴰ-ⵙ	ⵢⴼⴼⴰ-ⵙ
ⵏ	ⵯ	ⴰⴼⵓⵙ-ⵏⵏⴻⵙ	ⴰⴼⵓⵙ-ⵯⵯⴻⵙ
ⵏ	ⵀ	ⵉⵙⵍⵎⴰⵏ	ⵉⵙⵍⵎⴰⵀ
ⵃ	ⵡ	ⵢⴻⴼⵔⴻⵃ	ⵢⴻⴼⵔⴻⵡ
ⴰ	ⵢ	ⴰⵎⵇⵔⴰⵏ	ⵢⵎⵇⵔⵢⵏ
ⴳ	ⵯ	ⵉⵜⵜⴳⴳⴰ	ⵉⵜⵜⵯⵯⴰ
ⴻ	ⵎ	ⴷⴷⴰⵔⴻⵏ	ⴷⴷⴰⵔⵎⵏ
ⵜ	ⴱ	ⵜⵉⴷⴻⵜⵜ	ⴱⵉⴷⴻⴱⴱ
ⴰ	ⵎ	ⵜⴰⵄⴻⵢⵢⴰⵏⵜ	ⵜⵎⵄⴻⵢⵢⵎⵏⵜ
ⵢ	ⴳ	ⵢⵓⴼⴰ-ⴷ	ⴳⵓⴼⴰ-ⴷ
ⴰ	ⵍ	ⴰⵙⵓⵏⴷⴻⴷ	ⵍⵙⵓⵏⴷⴻⴷ
ⵙ	ⵥ	ⵡⴰⵏⵙⴰ	ⵡⴰⵏⵥⴰ
ⵢ	ⵚ	ⵢⵓⵛⴽⴰ	ⵚⵓⵛⴽⴰ
ⵓ	ⴻ	ⵓⴱⴰⵔⴰⵣ	ⴻⴱⴰⵔⴰⵣ
ⵙ	ⵕ	ⵜⵙⵍⴰ	ⵜⵕⵍⴰ
ⵍ	ⵅ	ⵓⴼⵍⵍⴰ	ⵓⴼⵅⵅⴰ
ⴽ	ⴳ	ⵜⴽⴻⵕⵕⵓⵙⵉⵏ	ⵜⴳⴻⵕⵕⵓⵙⵉⵏ
ⴻ	ⵍ	ⵙⵙⵏⴻⵏ	ⵙⵙⵏⵍⵏ
ⴷ	ⵯ	ⵜⴷⴰⵍⴰ	ⵜⵯⴰⵍⴰ
ⵉ	ⴼ	ⵉⴷⴷⵓ	ⴼⴷⴷⵓ
ⵙ	ⵊ	ⵙⴻⴳ	ⵊⴻⴳ
ⵡ	ⵃ	ⵜⴰⵡⵡⵓⵔⵜ	ⵜⴰⵃⵃⵓⵔⵜ
ⴰ	ⵛ	ⴰⵣⴳⵣⴰⵡ	ⵛⵣⴳⵣⵛⵡ
ⵔ	ⵏ	ⵜⵙⵙⵔⵇⴱ	ⵜⵙⵙⵏⵇⴱ
ⵜ	ⴽ	ⵉⵜⵜⴳⴳⵡⴷ	ⵉⴽⴽⴳⴳⵡⴷ
ⵜ	ⵥ	ⵜⵜⴳⴳⵡⵏ	ⵥⵥⴳⴳⵡⵏ
ⴻ	ⵯ	ⵜⴰⵣⴻⴳⵣⴰⵡⵜ	ⵜⴰⵣⵯⴳⵣⴰⵡⵜ
ⴱ	ⵛ	ⴱⵓⴱⵓ	ⵛⵓⵛⵓ
ⵜ	ⵚ	ⵜⴰⵎⴻⵇⵔⴰⵏⵜ	ⵚⴰⵎⴻⵇⵔⴰⵏⵚ
ⵙ	ⵎ	ⵜⵙⵙⵔⵇⴰⴱ	ⵜⵎⵎⵔⵇⴰⴱ
ⵔ	ⵞ	ⵜⵓⵎⵔⵜ	ⵜⵓⵎⵞⵜ
ⵍ	ⴽ	ⵢⵍⵍⴰ	ⵢⴽⴽⴰ
ⴳ	ⴼ	ⵢⵉⴳⵏⵏⴰ	ⵢⵉⴼⵏⵏⴰ
ⴼ	ⵙ	ⵜⴼⴼⵖ	ⵜⵙⵙⵖ
ⵎ	ⵟ	ⵉⵙⵡⵉⵏⴳⵎ	ⵉⵙⵡⵉⵏⴳⵟ
ⴷ	ⵒ	ⵓⴷⵖⴰⵔ	ⵓⵒⵖⴰⵔ
ⴼ	ⵡ	ⴰⴼⵏ	ⴰⵡⵏ
ⵜ	ⵛ	ⵜⵜⴻⵜⵜⴰⵏ	ⵛⵛⴻⵛⵛⴰⵏ
ⵉ	ⵡ	ⵉⵜⵜⵉⵍⵉ	ⵡⵜⵜⵡⵍⵡ
ⵕ	ⵣ	ⵜⴹⵕ	ⵜⴹⵣ
ⵓ	ⵢ	ⵜⴳⵓⵔⵉ	ⵜⴳⵢⵔⵉ
ⵔ	ⴵ	ⴰⴽⴰⵔⴰⵎ	ⴰⴽⴰⴵⴰⵎ
ⵙ	ⵒ	ⵙⵙⵔⵙⵏ	ⵒⵒⵔⵒⵏ
ⴼ	ⵢ	ⵜⴼⴽⴰ	ⵜⵢⴽⴰ
ⴼ	ⵇ	ⵜⴼⵔⵔⵃ	ⵜⵇⵔⵔⵃ
ⴻ	ⵕ	ⵣⴻⵎⵔⴻⵏ	ⵣⵕⵎⵔⵕⵏ
ⵔ	ⵚ	ⵡⵓⵔⴰⵔ	ⵡⵓⵚⴰⵚ
ⴽ	ⵥ	ⵣⵉⴽ	ⵣⵉⵥ
ⴻ	ⴹ	ⴼⴻⵕⵃⴻⵏ	ⴼⴹⵕⵃⴹⵏ
ⵣ	ⴰ	ⴰⵣⵡⵓ	ⴰⴰⵡⵓ
ⵇ	ⴳ	ⵉⵛⵇⵇⴰⵏ	ⵉⵛⴳⴳⴰⵏ
ⵎ	ⴰ	ⵜⵡⵜⵎⵜ	ⵜⵡⵜⴰⵜ
ⵓ	ⵏ	ⵓⴽⵍⵓ	ⵏⴽⵍⵏ
ⴼ	ⵀ	ⴰⵙⵉⴼ	ⴰⵙⵉⵀ
ⵏ	ⵏ	ⵍⴻⵃⵣⴻⵏ	ⵍⴻⵃⵣⴻⵏ
ⴼ	ⴻ	ⵜⵟⵟⴰⴼ	ⵜⵟⵟⴰⴻ
ⵄ	ⵟ	ⵢⴻⵄⴰⵡⴻⵏ	ⵢⴻⵟⴰⵡⴻⵏ
ⵏ	ⵙ	ⵜⵜⴼⵊⵊⵉⵊⵏ	ⵜⵜⴼⵊⵊⵉⵊⵙ
ⴻ	ⵔ	ⵙⵙⴰⵔⴰⵎⴻⵏ	ⵙⵙⴰⵔⴰⵎⵔⵏ
ⵔ	ⵜ	ⴰⵔⵔⴰ	ⴰⵜⵜⴰ
ⵎ	ⵞ	ⵜⴰⵎⵥⵢⴰⵏⵜ	ⵜⴰⵞⵥⵢⴰⵏⵜ
ⴷ	ⵥ	ⴱⵓⴷⵉ	ⴱⵓⵥⵉ
ⵏ	ⴽ	ⵙⵙⵉⵏⵏ	ⵙⵙⵉⴽⴽ
ⵏ	ⵄ	ⵏⵏⴰⵖ	ⵄⵄⴰⵖ
ⵜ	ⵕ	ⵜⵙⴳⴰ	ⵕⵙⴳⴰ
ⵕ	ⵜ	ⵓⴹⴰⵕ	ⵓⴹⴰⵜ
ⵜ	ⵢ	ⵉⵜⵜⵉⵏⵉⵏ	ⵉⵢⵢⵉⵏⵉⵏ
ⵏ	ⵉ	ⵓⴽⴰⵎⵢⵓⵏ	ⵓⴽⴰⵎⵢⵓⵉ
ⴰ	ⵞ	ⵏⵏⴰⵏ-ⴷ	ⵏⵏⵞⵏ-ⴷ
ⴹ	ⴵ	ⴹⴹⵙⵏ	ⴵⴵⵙⵏ
ⵙ	ⴳ	ⵎⴰⵙⵙ	ⵎⴰⴳⴳ
ⵇ	ⴹ	ⵜⴰⵎⴻⵇⵇⵔⴰⵏⵜ	ⵜⴰⵎⴻⴹⴹⵔⴰⵏⵜ
ⵉ	ⵖ	ⵔⵉⵖ	ⵔⵖⵖ
ⵕ	ⵄ	ⵜⵥⵕ	ⵜⵥⵄ
ⵉ	ⵒ	ⵜⵉⴷⵜ	ⵜⵒⴷⵜ
ⴰ	ⵣ	ⴰⵔⵎⵉ	ⵣⵔⵎⵉ
ⵎ	ⵕ	ⵢⴻⵣⵎⵉⵔ	ⵢⴻⵣⵕⵉⵔ
ⵡ	ⵟ	ⴰⴽⴽⵡ	ⴰⴽⴽⵟ
ⴷ	ⵥ	ⴷⴷⵔⴻⵏ	ⵥⵥⵔⴻⵏ
ⵏ	ⵟ	ⵉⵏⵏⴰ	ⵉⵟⵟⴰ
ⵛ	ⵍ	ⵜⵇⴻⵛⵡⵉⵟ	ⵜⵇⴻⵍⵡⵉⵟ
ⵢ	ⵡ	ⵢⴰⵍ	ⵡⴰⵍ
ⵉ	ⵔ	ⴱⵖⵉⵏ	ⴱⵖⵔⵏ
ⵏ	ⴳ	ⵜⵜⴰⵡⵉⵏ	ⵜⵜⴰⵡⵉⴳ
ⴰ	ⴵ	ⴰⵙⵓⵏⵖ	ⴵⵙⵓⵏⵖ
ⴼ	ⵕ	ⴰⵙⴼⵍⵙ	ⴰⵙⵕⵍⵙ
ⵉ	ⵏ	ⵉⵙⵏⵎⵎⵔ	ⵏⵙⵏⵎⵎⵔ
ⵊ	ⴰ	ⵉⵊⵊ	ⵉⴰⴰ
ⴱ	ⴷ	ⵢⴱⵖⴰ	ⵢⴷⵖⴰ
ⵜ	ⵉ	ⵜⴰⵣⴳⴳⵡⴰⵖⵜ	ⵉⴰⵣⴳⴳⵡⴰⵖⵉ
ⵛ	ⵚ	ⴰⵇⵛⵉⵛ	ⴰⵇⵚⵉⵚ
ⵏ	ⵟ	ⵟⵟⴼⵏ	ⵟⵟⴼⵟ
ⵃ	ⵔ	ⵜⵃⴰⵏⵓⵜ	ⵜⵔⴰⵏⵓⵜ
ⵜ	ⴻ	ⵜⵜⴰⵎⵥⵏ	ⴻⴻⴰⵎⵥⵏ
ⵉ	ⵓ	ⵉⵍⵍⵉ	ⵓⵍⵍⵓ
ⵏ	ⵯ	ⴼⴼⵖⵏ	ⴼⴼⵖⵯ
ⵏ	ⵓ	ⴰⵏⴼⵍⵓⵙ	ⴰⵓⴼⵍⵓⵙ
ⴽ	ⴱ	ⴰⵙⴽⴻⵕ	ⴰⵙⴱⴻⵕ
ⵢ	ⴳ	ⵢⴻⴱⴷⴰ	ⴳⴻⴱⴷⴰ
ⵉ	ⵖ	ⵉⵥⵕⴰⵏ	ⵖⵥⵕⴰⵏ
ⴰ	ⵇ	ⵡⴰⴽⵓⴷ	ⵡⵇⴽⵓⴷ
ⵜ	ⵅ	ⵜⴻⵜⵜⴻⴷⴷⵓ	ⵅⴻⵅⵅⴻⴷⴷⵓ
ⵇ	ⵍ	ⵉⵍⴰⵇ	ⵉⵍⴰⵍ
ⵃ	ⵒ	ⵍⴼⴻⵕⵃ	ⵍⴼⴻⵕⵒ
ⵎ	ⵙ	ⵜⵅⵎⵎⴻⵎ	ⵜⵅⵙⵙⴻⵙ
ⵃ	ⵡ	ⵢⴻⵃⵡⴰⵊ	ⵢⴻⵡⵡⴰⵊ
ⴽ	ⵊ	ⴰⵙⴽⴽⵉⵏ	ⴰⵙⵊⵊⵉⵏ
ⴰ	ⵒ	ⵏⵏⴰ	ⵏⵏⵒ
ⵜ	ⴷ	ⵜⴰⵎⴷⴷⴰⴽⵍⵜ	ⴷⴰⵎⴷⴷⴰⴽⵍⴷ
ⴰ	ⵟ	ⵉⵜⵜⴰⵎⵥ	ⵉⵜⵜⵟⵎⵥ
ⵍ	ⵞ	ⵜⵃⵓⵍⴼⴰ	ⵜⵃⵓⵞⴼⴰ
ⵏ	ⵛ	ⵜⵜⵛⵏⵏⵓ	ⵜⵜⵛⵛⵛⵓ
ⵎ	ⵟ	ⵓⵙⵎⵎⵉⴹ	ⵓⵙⵟⵟⵉⴹ
ⵜ	ⴼ	ⵜⵜⵣⵓⵅⵓ	ⴼⴼⵣⵓⵅⵓ
ⴼ	ⴹ	ⴼⵊⵊⵉⵊⵏ	ⴹⵊⵊⵉⵊⵏ
ⵊ	ⴻ	ⵢⴰⵊⵊ	ⵢⴰⴻⴻ
ⴷ	ⵛ	ⴰⴷⵍⵉⵙ	ⴰⵛⵍⵉⵙ
ⵉ	ⵞ	ⵜⵡⵉⵙⵉ	ⵜⵡⵞⵙⵞ
ⵜ	ⴷ	ⵜⴰⵍⵍⵉⵜ-ⵏⵏⵉ	ⴷⴰⵍⵍⵉⴷ-ⵏⵏⵉ
ⵏ	ⵚ	ⵢⴻⵙⵄⴰⵏ	ⵢⴻⵙⵄⴰⵚ
ⵉ	ⵄ	ⵉⵏⵏ	ⵄⵏⵏ
ⵏ	ⵢ	ⵛⵛⵏⴰ	ⵛⵛⵢⴰ
ⴽ	ⴽ	ⵎⴰⵎⴽ	ⵎⴰⵎⴽ
ⵓ	ⵕ	ⵜⵜⵎⵙⵎⵓⵏⵏ	ⵜⵜⵎⵙⵎⵕⵏⵏ
ⵓ	ⵜ	ⵉⴷⵔⵓ	ⵉⴷⵔⵜ
ⴼ	ⵏ	ⵜⴼⵍⵓⵜ	ⵜⵏⵍⵓⵜ
ⵏ	ⵯ	ⵉⴷⵍⵉⵙⵏ	ⵉⴷⵍⵉⵙⵯ
ⵎ	ⵣ	ⵉⵣⵎ	ⵉⵣⵣ
ⵙ	ⵟ	ⵉⵎⵙⴰⵙⴰ	ⵉⵎⵟⴰⵟⴰ
ⵡ	ⵍ	ⵡⵓⵛⵛⵉ	ⵍⵓⵛⵛⵉ
ⵏ	ⵉ	ⵊⵓⵏ	ⵊⵓⵉ
ⵅ	ⴼ	ⵜⵅⵙ	ⵜⴼⵙ
ⴷ	ⵄ	ⵍⵎⴷⵏ	ⵍⵎⵄⵏ
ⵓ	ⵛ	ⵓⴷⵎ	ⵛⴷⵎ
ⵉ	ⵇ	ⵉⵥⵔⴰ	ⵇⵥⵔⴰ
ⵉ	ⴰ	ⵓⴱⵔⵙⵉⵡⴷ	ⵓⴱⵔⵙⴰⵡⴷ
ⵉ	ⵯ	ⵉⴼⴽ	ⵯⴼⴽ
ⵏ	ⴵ	ⵜⵊⴷⴷⵉⴳⵉⵏ	ⵜⵊⴷⴷⵉⴳⵉⴵ
ⵉ	ⵙ	ⵜⵣⵍⵉⵜ	ⵜⵣⵍⵙⵜ
ⵜ	ⴼ	ⵏⵜⵜⴰⵜ	ⵏⴼⴼⴰⴼ
ⵜ	ⵕ	ⵜⵜⵉⵔⵉⵖ	ⵕⵕⵉⵔⵉⵖ
ⴻ	ⵯ	ⵜⴻⵙⵙⴻⵡⵊⴻⴷ	ⵜⵯⵙⵙⵯⵡⵊⵯⴷ
ⵡ	ⵉ	ⵢⵉⵡⵜ	ⵢⵉⵉⵜ
ⵜ	ⵊ	ⵜⴳⵉ	ⵊⴳⵉ
ⵉ	ⵥ	ⵜⴰⵏⵎⵎⵉⵔⵜ	ⵜⴰⵏⵎⵎⵥⵔⵜ
ⴽ	ⵓ	ⴰⵙⴻⵍⴽⵉⵎ	ⴰⵙⴻⵍⵓⵉⵎ
ⴽ	ⵖ	ⵓⴼⵓⵍⴽⵉ	ⵓⴼⵓⵍⵖⵉ
ⵔ	ⵏ	ⴰⵔⵔⴰⵛ	ⴰⵏⵏⴰⵛ
ⵜ	ⵃ	ⵜⵜⴰⵡⵙⵏ	ⵃⵃⴰⵡⵙⵏ
ⴰ	ⴰ	ⵃⵎⴰ	ⵃⵎⴰ
ⵓ	ⵣ	ⵜⵜⴻⴷⴷⵓⵏ	ⵜⵜⴻⴷⴷⵣⵏ
ⵍ	ⵖ	ⴼⵍⵍⴰⵙ	ⴼⵖⵖⴰⵙ
ⵜ	ⴱ	ⵉⵜⵜⵥⵕⵕⴰ	ⵉⴱⴱⵥⵕⵕⴰ
ⵍ	ⵚ	ⵜⵏⴼⵓⵍⵜ	ⵜⵏⴼⵓⵚⵜ
ⴽ	ⵄ	ⴰⴽⴽⵏ	ⴰⵄⵄⵏ
ⵎ	ⴷ	ⴰⵙⴻⵎⵎⵉⴹ	ⴰⵙⴻⴷⴷⵉⴹ
ⴰ	ⵇ	ⵥⵔⴰⵏ-ⴷ	ⵥⵔⵇⵏ-ⴷ
ⵏ	ⵢ	ⵅⴻⴷⴷⵎⴻⵏ	ⵅⴻⴷⴷⵎⴻⵢ
ⵔ	ⵇ	ⴰⴼⵔⴰⴳ	ⴰⴼⵇⴰⴳ
ⵉ	ⴽ	ⵉⵣⵔⵉ	ⴽⵣⵔⴽ
ⴹ	ⵙ	ⵡⴰⴹⵓ	ⵡⴰⵙⵓ
ⴼ	ⴽ	ⵜⴰⴼ	ⵜⴰⴽ
ⵙ	ⴻ	ⵉⵙⵎⵔⵙ	ⵉⴻⵎⵔⴻ
ⵙ	ⴱ	ⴰⵙⵎⵓⵜⵜⴳ	ⴰⴱⵎⵓⵜⵜⴳ
ⵜ	ⵕ	ⵜⵔⵉ	ⵕⵔⵉ
ⴼ	ⵟ	ⵉⴼⴼⴻⵖ-ⴷ	ⵉⵟⵟⴻⵖ-ⴷ
ⵉ	ⴰ	ⵖⵉⵍⴰⴷ	ⵖⴰⵍⴰⴷ
ⴻ	ⵃ	ⵜⴻⵙⵄⴰ	ⵜⵃⵙⵄⴰ
ⵣ	ⵢ	ⵉⴼⴰⵣⴻⵏ	ⵉⴼⴰⵢⴻⵏ
ⵜ	ⵯ	ⵜⴱⴷⴰ	ⵯⴱⴷⴰ
ⵏ	ⴹ	ⵃⴱⵙⵏ	ⵃⴱⵙⴹ
ⴼ	ⴽ	ⵢⴻⴼⴼⴻⵖ-ⴷ	ⵢⴻⴽⴽⴻⵖ-ⴷ
ⵓ	ⵅ	ⴰⴼⵓⴷ	ⴰⴼⵅⴷ
ⵔ	ⵏ	ⵓⵥⵔⵓ	ⵓⵥⵏⵓ
ⵍ	ⴵ	ⵉⵙⴰⵡⴰⵍ	ⵉⵙⴰⵡⴰⴵ
ⴻ	ⴳ	ⵢⴻⵥⵔⴰ	ⵢⴳⵥⵔⴰ
ⵔ	ⵊ	ⵉⵜⵜⵓⵙⵎⵔⴰⵙⵏ	ⵉⵜⵜⵓⵙⵎⵊⴰⵙⵏ
ⵏ	ⵞ	ⵓⵥⴰⵡⴰⵏ	ⵓⵥⴰⵡⴰⵞ
ⵍ	ⵍ	ⵖⴰⵍⵏ	ⵖⴰⵍⵏ
ⵉ	ⵃ	ⵇⵔⵉⴱ	ⵇⵔⵃⴱ
ⵉ	ⴱ	ⵉⵜⵜⵙⴽⴰⵔ	ⴱⵜⵜⵙⴽⴰⵔ
ⵇ	ⵯ	ⵜⴰⵇⴱⵓⵔⵜ	ⵜⴰⵯⴱⵓⵔⵜ
ⵓ	ⵀ	ⵢⵓⵡⵙ	ⵢⵀⵡⵙ
ⵔ	ⴱ	ⴰⴼⴻⵔⵟⴻⵟⵟⵓ	ⴰⴼⴻⴱⵟⴻⵟⵟⵓ
ⵖ	ⴵ	ⵓⵖⴰⵡⴰⵙ	ⵓⴵⴰⵡⴰⵙ
ⴰ	ⵊ	ⵜⵜⴰⵣⵣⴰⵍ	ⵜⵜⵊⵣⵣⵊⵍ
ⴰ	ⴰ	ⴷⴰⵅⴻⵍ	ⴷⴰⵅⴻⵍ
ⵔ	ⵓ	ⵜⵣⵎⵔ	ⵜⵣⵎⵓ
ⴰ	ⴵ	ⵓⴳⵍⵎⴰⵎ	ⵓⴳⵍⵎⴵⵎ
ⵔ	ⵜ	ⵜⴼⵔⵃ	ⵜⴼⵜⵃ
ⴰ	ⵇ	ⴷⴰⵖ	ⴷⵇⵖ
ⵏ	ⵜ	ⴱⴹⴰⵏ	ⴱⴹⴰⵜ
ⵇ	ⵕ	ⵇⵇⵍⴻⵏ	ⵕⵕⵍⴻⵏ
ⵏ	ⵄ	ⵖⵍⵉⵏ	ⵖⵍⵉⵄ
ⴷ	ⵛ	ⵜⴱⴷⴷⴰ	ⵜⴱⵛⵛⴰ
ⵜ	ⴰ	ⵜⴰⵎⴻⵥⵢⴰⵏⵜ	ⴰⴰⵎⴻⵥⵢⴰⵏⴰ
ⵎ	ⵍ	ⵎⴰⵣⴰⵍ	ⵍⴰⵣⴰⵍ
ⵜ	ⵯ	ⵜⵔⴰⵔⴰ	ⵯⵔⴰⵔⴰ
ⵥ	ⵟ	ⵎⵥⵥⵉⵢⵏ	ⵎⵟⵟⵉⵢⵏ
ⵙ	ⴳ	ⵉⵙⴻⵍⵎⴰⵏ	ⵉⴳⴻⵍⵎⴰⵏ
ⵜ	ⴼ	ⵉⵜⵜⴻⵜⵜⵔ	ⵉⴼⴼⴻⴼⴼⵔ
ⵍ	ⵙ	ⵓⴱⵍⴽⵉⵎ	ⵓⴱⵙⴽⵉⵎ
ⵓ	ⴰ	ⵜⵓⵖⴰ	ⵜⴰⵖⴰ
ⵥ	ⴽ	ⵜⵥⴹⴰⵕ	ⵜⴽⴹⴰⵕ
ⴹ	ⵣ	ⵓⴳⴹⵉⴹ-ⴰ	ⵓⴳⵣⵉⵣ-ⴰ
ⴰ	ⴹ	ⵜ-ⵜⴻⵜⵜⴰⵔⵔⴰ	ⵜ-ⵜⴻⵜⵜⴹⵔⵔⴹ
ⵉ	ⵊ	ⵉⵎⵉ	ⵊⵎⵊ
ⵇ	ⵊ	ⵉⵙⵙⵔⵇⴱ	ⵉⵙⵙⵔⵊⴱ
ⴰ	ⵃ	ⴰⵖⵔⴷⴰ	ⵃⵖⵔⴷⵃ
ⴼ	ⴹ	ⴰⵣⵔⴼ	ⴰⵣⵔⴹ
ⵏ	ⴻ	ⵡⴰⴼⵔⵉⵡⵏ	ⵡⴰⴼⵔⵉⵡⴻ
ⵜ	ⵀ	ⵜⵄⵔⴹ	ⵀⵄⵔⴹ
ⴷ	ⵍ	ⵜⵍⵎⴷ	ⵜⵍⵎⵍ
ⵔ	ⵙ	ⵜⵣⵎⵔⴷ	ⵜⵣⵎⵙⴷ
ⴻ	ⴳ	ⵇⵇⵉⵎⴻⵏ	ⵇⵇⵉⵎⴳⵏ
ⵔ	ⴹ	ⵢⴻⵔⵡⴻⵍ	ⵢⴻⴹⵡⴻⵍ
ⵉ	ⵏ	ⵉⵔⵉ	ⵏⵔⵏ
ⵅ	ⵟ	ⵓⵅⵅⴰⵎ	ⵓⵟⵟⴰⵎ
ⵍ	ⵣ	ⵓⵙⵍⵎⴰⵏ	ⵓⵙⵣⵎⴰⵏ
ⵙ	ⵃ	ⴰⵡⵙⵏ	ⴰⵡⵃⵏ
ⵓ	ⵔ	ⴰⴽⵍⵓ	ⴰⴽⵍⵔ
ⵜ	ⵢ	ⵉⵜⵜⴰⵡⵢ	ⵉⵢⵢⴰⵡⵢ
ⵙ	ⴰ	ⵜⵙⵙⵉⵏ	ⵜⴰⴰⵉⵏ
ⵓ	ⵥ	ⵜⵡⴰⵛⵓⵏⵜ	ⵜⵡⴰⵛⵥⵏⵜ
ⵉ	ⵡ	ⵜⵇⵇⵉⵎ	ⵜⵇⵇⵡⵎ
ⴱ	ⵯ	ⵜⴻⴱⵖⵉ	ⵜⴻⵯⵖⵉ
ⵍ	ⵍ	ⵍⴻⴱⴷⴰ	ⵍⴻⴱⴷⴰ
ⴼ	ⵟ	ⵓⵙⴼⵙⵔ	ⵓⵙⵟⵙⵔ
ⵔ	ⴼ	ⵜⵜⵉⵔⵉⵔⵖ	ⵜⵜⵉⴼⵉⴼⵖ
ⵓ	ⵕ	ⵜⴷⴰⴱⵓⵜ	ⵜⴷⴰⴱⵕⵜ
ⵜ	ⴵ	ⵉⵜⵜⴰⵡⵙ	ⵉⴵⴵⴰⵡⵙ
ⴰ	ⵎ	ⵜⴼⵔⴰ	ⵜⴼⵔⵎ
ⵓ	ⴳ	ⵊⵊⵓ	ⵊⵊⴳ
ⴷ	ⵏ	ⴰⵏⴷⴰ	ⴰⵏⵏⴰ
ⵎ	ⵥ	ⴽⵛⵎⵏ	ⴽⵛⵥⵏ
ⵙ	ⵔ	ⵓⴳⵔⵉⵙ	ⵓⴳⵔⵉⵔ
ⵊ	ⵍ	ⵉⴼⵊⵊⵉⵊ	ⵉⴼⵍⵍⵉⵍ
ⴼ	ⴼ	ⵜⵜⵏⴼⴰⵍⵏ	ⵜⵜⵏⴼⴰⵍⵏ
ⵍ	ⵔ	ⵉⴱⵍⴽⵉⵎⵏ	ⵉⴱⵔⴽⵉⵎⵏ
ⵉ	ⵯ	ⵊⵉⵏ	ⵊⵯⵏ
ⵓ	ⵕ	ⵓⴼⴰⵏ-ⴷ	ⵕⴼⴰⵏ-ⴷ
ⵓ	ⵀ	ⵉⵜⵜⵎⵓⵙⵙⵓ	ⵉⵜⵜⵎⵀⵙⵙⵀ
ⵕ	ⴰ	ⵜⴽⵕⵕⵓⵙⵜ	ⵜⴽⴰⴰⵓⵙⵜ
ⵜ	ⴵ	ⵜⵉⵎⵇⵇⵔⴰⵏⵉⵏ	ⴵⵉⵎⵇⵇⵔⴰⵏⵉⵏ
ⵍ	ⵀ	ⵉⵃⴻⵎⵎⴻⵍ	ⵉⵃⴻⵎⵎⴻⵀ
ⵎ	ⵖ	ⵓⵅⴰⵎ	ⵓⵅⴰⵖ
ⵉ	ⵏ	ⵜⵀⵉⵔⵉⵜ	ⵜⵀⵏⵔⵏⵜ
ⴹ	ⵢ	ⵢⵉⴳⴹⴰⴹ	ⵢⵉⴳⵢⴰⵢ
ⵢ	ⵚ	ⵉⵜⵜⵎⵖⴰⵢ	ⵉⵜⵜⵎⵖⴰⵚ
ⵖ	ⵜ	ⵓⵖⵔⴷⴰ	ⵓⵜⵔⴷⴰ
ⵓ	ⴰ	ⵜⴽⵔⵔⵓⵙⵜ	ⵜⴽⵔⵔⴰⵙⵜ
ⴰ	ⴳ	ⴰⵣⴰⵎⵓⵍ	ⴳⵣⴳⵎⵓⵍ
ⵜ	ⴽ	ⵉⵜⵜⴰⵡⵉ	ⵉⴽⴽⴰⵡⵉ
ⵉ	ⴰ	ⵉⵖⴼ	ⴰⵖⴼ
ⵖ	ⵡ	ⵜⴻⵖⵍⵉ-ⴷ	ⵜⴻⵡⵍⵉ-ⴷ
ⵏ	ⵅ	ⵍⵓⵏⴰ	ⵍⵓⵅⴰ
ⴰ	ⵜ	ⵜⴻⴱⴷⴰ	ⵜⴻⴱⴷⵜ
ⵓ	ⵄ	ⵢⴻⵜⵜⵃⵓⵍⴼⵓ	ⵢⴻⵜⵜⵃⵄⵍⴼⵄ
ⵍ	ⵃ	ⵓⴳⵍⵍⵉⴷ	ⵓⴳⵃⵃⵉⴷ
ⴰ	ⵃ	ⵉⵜⵔⴰⵏ	ⵉⵜⵔⵃⵏ
ⵍ	ⴼ	ⵍⵍⴰⵏⵜ-ⴷ	ⴼⴼⴰⵏⵜ-ⴷ
ⵢ	ⵯ	ⴰⵢⴷⴻⴳ	ⴰⵯⴷⴻⴳ
ⵓ	ⵜ	ⴱⴹⵓⵏ	ⴱⴹⵜⵏ
ⴽ	ⵒ	ⵉⴽⴽⴰ	ⵉⵒⵒⴰ
ⵍ	ⴰ	ⵜⵍⵍⵉ	ⵜⴰⴰⵉ
ⵍ	ⵎ	ⵢⴻⵍⵍⵉ	ⵢⴻⵎⵎⵉ
ⵏ	ⵯ	ⵙⵍⵏ	ⵙⵍⵯ
ⵙ	ⵔ	ⵜⵜⵃⴰⵙⴰⴱⵏ	ⵜⵜⵃⴰⵔⴰⴱⵏ
ⵉ	ⵜ	ⵍⵉⵍⴰ	ⵍⵜⵍⴰ
ⴻ	ⴰ	ⵙⵙⴻⵔⵙⴻⵏ-ⴷ	ⵙⵙⴰⵔⵙⴰⵏ-ⴷ
ⵟ	ⵀ	ⵉⵟⵟⵉⵊ	ⵉⵀⵀⵉⵊ
ⵜ	ⵙ	ⵜⵔⴰⴱⴱⵓⵜ	ⵙⵔⴰⴱⴱⵓⵙ
ⵎ	ⵟ	ⵜⵙⵡⵉⵏⴳⵎ	ⵜⵙⵡⵉⵏⴳⵟ
ⴰ	ⵛ	ⵜⵥⴻⴳⵡⴰ	ⵜⵥⴻⴳⵡⵛ
ⵢ	ⵉ	ⵢⴻⴷⴷⴰ	ⵉⴻⴷⴷⴰ
-	ⵖ	ⴳⴰⵔ-ⴰⵙⴻⵏ	ⴳⴰⵔⵖⴰⵙⴻⵏ
ⵔ	ⵃ	ⵔⵓⵃⴻⵏ	ⵃⵓⵃⴻⵏ
ⵙ	ⵅ	ⵢⴻⵙⵙⴻⵔⵙ	ⵢⴻⵅⵅⴻⵔⵅ
ⵜ	ⵕ	ⵜⵎⴰⵜⴰⵔⵜ	ⵕⵎⴰⵕⴰⵔⵕ
ⵙ	ⵢ	ⴰⴼⵓⵙ-ⵉⵙ	ⴰⴼⵓⵢ-ⵉⵢ
ⴱ	ⵊ	ⵉⴱⴷⴷ	ⵉⵊⴷⴷ
ⵢ	ⵊ	ⵉⵜⵜⵙⵎⵓⵎⵎⵓⵢ	ⵉⵜⵜⵙⵎⵓⵎⵎⵓⵊ
ⵓ	ⵄ	ⵓⵎⵖⴰⵢ	ⵄⵎⵖⴰⵢ
ⵎ	ⴷ	ⵇⵇⵉⵎⵏ	ⵇⵇⵉⴷⵏ
ⵜ	ⵞ	ⵓⴼⵜⴰⵙ	ⵓⴼⵞⴰⵙ
ⵉ	ⵞ	ⵟⵉⵎⵎⵉ	ⵟⵞⵎⵎⵞ
ⵏ	ⴻ	ⴰⴱⵔⴽⴰⵏ	ⴰⴱⵔⴽⴰⴻ
ⵏ	ⵃ	ⵓⵏⵣⵡⵉ	ⵓⵃⵣⵡⵉ
ⵣ	ⴷ	ⵉⵣⵎⵔ	ⵉⴷⵎⵔ
ⵊ	ⵚ	ⵜⵉⵊⴷⴷⵉⴳⵉⵏ	ⵜⵉⵚⴷⴷⵉⴳⵉⵏ
ⴷ	ⵍ	ⵜⴳⴳⵡⴷ	ⵜⴳⴳⵡⵍ
ⵖ	ⵕ	ⵉⵖⵔⴰ	ⵉⵕⵔⴰ
ⵏ	ⵓ	ⵏⴻⵍⵀⵉ	ⵓⴻⵍⵀⵉ
ⴻ	ⵒ	ⵢⵉⴼⴰⵙⵙⴻⵏ	ⵢⵉⴼⴰⵙⵙⵒⵏ
ⴼ	ⵢ	ⵉⵟⵟⴼ	ⵉⵟⵟⵢ
ⴰ	ⵍ	ⵜⵜⵓⵖⴰⵍⵏ	ⵜⵜⵓⵖⵍⵍⵏ
ⴻ	ⵚ	ⵢⴻⵎⵎⴰ	ⵢⵚⵎⵎⴰ
ⵏ	ⵜ	ⵜⴼⵍⵡⵉⵏ	ⵜⴼⵍⵡⵉⵜ
ⵜ	ⵙ	ⵜⴰⴼⵓⴽⵜ	ⵙⴰⴼⵓⴽⵙ
ⵙ	ⴳ	ⵉⵙⵍ	ⵉⴳⵍ
ⵡ	ⵟ	ⵢⴻⵙⵙⴻⵡⵀⴰⵎⴻⵏ	ⵢⴻⵙⵙⴻⵟⵀⴰⵎⴻⵏ
ⴷ	ⴽ	ⵜⴻⵏⵏⴰ-ⴷ	ⵜⴻⵏⵏⴰ-ⴽ
ⵜ	ⵎ	ⵜⵉⴷⴻⵜ	ⵎⵉⴷⴻⵎ
ⵔ	ⵡ	ⵢⵉⴱⴻⵔⴷⴰⵏ	ⵢⵉⴱⴻⵡⴷⴰⵏ
ⵃ	ⴳ	ⴼⵔⵃⵖ	ⴼⵔⴳⵖ
ⴰ	ⵕ	ⵓⵖⵔⵔⴰⴱⵓ	ⵓⵖⵔⵔⵕⴱⵓ
ⴼ	ⴰ	ⵜⴰⵡⵍⴰⴼⵜ	ⵜⴰⵡⵍⴰⴰⵜ
ⴰ	ⵅ	ⴰⴽⵉⴷⵙⵏ	ⵅⴽⵉⴷⵙⵏ
ⵉ	ⵯ	ⵓⵏⵣⵉⵍ	ⵓⵏⵣⵯⵍ
ⵜ	ⴳ	ⵜⵙⵍⵉ	ⴳⵙⵍⵉ
ⵜ	ⴱ	ⵏⴻⵜⵜⵡⴰⵍⵉ	ⵏⴻⴱⴱⵡⴰⵍⵉ
ⵍ	ⵚ	ⴱⵍⵓ	ⴱⵚⵓ
ⵓ	ⵎ	ⵙⵙⵓⵔⴼⵖ	ⵙⵙⵎⵔⴼⵖ
ⵜ	ⵀ	ⵜⴰⵡⵊⴰ	ⵀⴰⵡⵊⴰ
ⵟ	ⵀ	ⵟⵉⵜ	ⵀⵉⵜ
ⵓ	ⵒ	ⵓⵛⴰ	ⵒⵛⴰ
ⵣ	ⴵ	ⵜⴱⵔⵣⴰ	ⵜⴱⵔⴵⴰ
ⵏ	ⴽ	ⵔⵡⵍⵏ	ⵔⵡⵍⴽ
ⵉ	ⵡ	ⴰⵙⵎⵉ	ⴰⵙⵎⵡ
ⴽ	ⵥ	ⵍⵓⴽⵉ	ⵍⵓⵥⵉ
-	ⵙ	ⵢⴻⵃⵙⴻⴱ-ⴷ	ⵢⴻⵃⵙⴻⴱⵙⴷ
ⴹ	ⵕ	ⵜⴱⴹⵓ	ⵜⴱⵕⵓ
ⵢ	ⴹ	ⵢⵉⴷⵉⵙ	ⴹⵉⴷⵉⵙ
ⴼ	ⵄ	ⵜⴼⵍ	ⵜⵄⵍ
ⵎ	ⵅ	ⵉⴽⵛⵎ	ⵉⴽⵛⵅ
ⵉ	ⵓ	ⵡⵉⵢⵢⴰⴹ	ⵡⵓⵢⵢⴰⴹ
ⵓ	ⵍ	ⵜⴳⵣⵣⵓⵎⵉⵏ	ⵜⴳⵣⵣⵍⵎⵉⵏ
ⵛ	ⵟ	ⵉⵛⵏⴰⵏ	ⵉⵟⵏⴰⵏ
ⴷ	ⵞ	ⵓⴳⵓⴷⵉ	ⵓⴳⵓⵞⵉ
ⴼ	ⴳ	ⴰⵙⵃⵉⵙⵙⴻⴼ	ⴰⵙⵃⵉⵙⵙⴻⴳ
ⵡ	ⵄ	ⵜⵙⵙⵉⵡⴹ	ⵜⵙⵙⵉⵄⴹ
ⵏ	ⴳ	ⵃⵎⵉⵍⵏ	ⵃⵎⵉⵍⴳ
ⵓ	ⴷ	ⵓⴽⵛⵛⵓⵎ	ⴷⴽⵛⵛⴷⵎ
ⵏ	ⵟ	ⵜⵜⵥⵕⵕⴰⵏ	ⵜⵜⵥⵕⵕⴰⵟ
ⵓ	ⵊ	ⴱⵓⴳ	ⴱⵊⴳ
ⵔ	ⵟ	ⴰⵏⴻⵄⵔⵓⴹ	ⴰⵏⴻⵄⵟⵓⴹ
ⵖ	ⵔ	ⵉⵖⵜⵙ	ⵉⵔⵜⵙ
ⵉ	ⵡ	ⵉⵙⴼⵙⵔ	ⵡⵙⴼⵙⵔ
ⵛ	ⴵ	ⴰⵎⵛⵉⵛ-ⴰ	ⴰⵎⴵⵉⴵ-ⴰ
ⵜ	ⴹ	ⵜⵉⴽⴽⴻⵍⵜ-ⴰ	ⴹⵉⴽⴽⴻⵍⴹ-ⴰ
ⵜ	ⵥ	ⵜⵇⴰⵛⵓⵛⵜ	ⵥⵇⴰⵛⵓⵛⵥ
ⵏ	ⴰ	ⵜⵜⴳⴳⵏ	ⵜⵜⴳⴳⴰ
ⵎ	ⴻ	ⵢⵓⵎⵥ	ⵢⵓⴻⵥ
ⵓ	ⵕ	ⵉⵙⵙⵓⵙⵎⵏ	ⵉⵙⵙⵕⵙⵎⵏ
ⵙ	ⵞ	ⵉⵙⵙⵓⵙⵎ	ⵉⵞⵞⵓⵞⵎ
ⵏ	ⵙ	ⵢⵉⵎⴰⵏ-ⵏⵏⴻⵙ	ⵢⵉⵎⴰⵙ-ⵙⵙⴻⵙ
ⵜ	ⵖ	ⵢⴻⵜⵜⴼⴻⴵⴵⵉⴵ	ⵢⴻⵖⵖⴼⴻⴵⴵⵉⴵ
ⴽ	ⴽ	ⵜⵙⵙⴽⵏ	ⵜⵙⵙⴽⵏ
ⵙ	ⴱ	ⵉⵙⴳⴳⵡⴰⵙⵏ	ⵉⴱⴳⴳⵡⴰⴱⵏ
ⴻ	ⴽ	ⵜⵣⴻⵇⵇⴰ	ⵜⵣⴽⵇⵇⴰ
ⵉ	ⵔ	ⵉⵍⵉⵏ	ⵔⵍⵔⵏ
ⵔ	ⵅ	ⵜⴻⵄⵔⴻⴹ	ⵜⴻⵄⵅⴻⴹ
ⵉ	ⵛ	ⵛⵛⵉ	ⵛⵛⵛ
ⴰ	ⵒ	ⵜⴻⵥⵔⴰ	ⵜⴻⵥⵔⵒ
ⵏ	ⴵ	ⵙⵉⵏ-ⴰ	ⵙⵉⴵ-ⴰ
ⵏ	ⵃ	ⵏⴻⴷⴷⴻⵔ	ⵃⴻⴷⴷⴻⵔ
ⵉ	ⴷ	ⵡⴰⵙⵉⴼ	ⵡⴰⵙⴷⴼ
ⵎ	ⴵ	ⴷⵉⵎⴰ	ⴷⵉⴵⴰ
ⵢ	ⵕ	ⵢⴻⵜⵜⵓⵔⴰⵔ	ⵕⴻⵜⵜⵓⵔⴰⵔ
ⵓ	ⵒ	ⵓⴹⴰⵔ	ⵒⴹⴰⵔ
ⵣ	ⵛ	ⵓⴽⵔⵣ	ⵓⴽⵔⵛ
ⵍ	ⴱ	ⵉⵔⵡⵍ	ⵉⵔⵡⴱ
ⴳ	ⵍ	ⴳⵎⴰ	ⵍⵎⴰ
ⵉ	ⵙ	ⵉⵜⵜⴻⵜⵜ	ⵙⵜⵜⴻⵜⵜ
ⴷ	ⵕ	ⵜⵣⵎⵉⵔⴷ	ⵜⵣⵎⵉⵔⵕ
ⵉ	ⴼ	ⵥⵔⵉⵏ	ⵥⵔⴼⵏ
ⴰ	ⵕ	ⵜⴰⵡⵔⴰⵖⵜ	ⵜⵕⵡⵔⵕⵖⵜ
ⵇ	ⵄ	ⵉⵇⵇⵉⵎ	ⵉⵄⵄⵉⵎ
ⵜ	ⴰ	ⵉⵜⵜⵥⵕⴰ	ⵉⴰⴰⵥⵕⴰ
ⵉ	ⵟ	ⵉⵜⵜⵉⵏⵉ	ⵟⵜⵜⵟⵏⵟ
ⵙ	ⵢ	ⵉⵍⵙ	ⵉⵍⵢ
ⵍ	ⴹ	ⵉⵙⵍⵍⵡⵉ	ⵉⵙⴹⴹⵡⵉ
ⴻ	ⵯ	ⵢⴻⵇⵇⵉⵎ	ⵢⵯⵇⵇⵉⵎ
ⵟ	ⵍ	ⵜⴻⵟⵟⴻⴼ-ⴷ	ⵜⴻⵍⵍⴻⴼ-ⴷ
ⴻ	ⵥ	ⵜⵉⴽⴻⵕⵕⵓⵙⵉⵏ	ⵜⵉⴽⵥⵕⵕⵓⵙⵉⵏ
ⴰ	ⴹ	ⴰⵣⴰⴳⵍⵓ	ⴹⵣⴹⴳⵍⵓ
ⴷ	ⵕ	ⵡⴰⴷⴷⴰⴷ	ⵡⴰⵕⵕⴰⵕ
ⴰ	ⵡ	ⵎⴰⵣⴰⵍ-ⵉⵜ	ⵎⵡⵣⵡⵍ-ⵉⵜ
ⴰ	ⵀ	ⵓⵙⴰⵔⵓ	ⵓⵙⵀⵔⵓ
ⵜ	ⵏ	ⵜⵎⵙⵉⵔⵜ	ⵏⵎⵙⵉⵔⵏ
ⴰ	ⴰ	ⵜⵅⵚⵚⴰ	ⵜⵅⵚⵚⴰ
ⵙ	ⵔ	ⵜⵔⴰⵜⵙⴰ	ⵜⵔⴰⵜⵔⴰ
ⵓ	ⵀ	ⵜⵙⵙⵓⵜⵓⵔ	ⵜⵙⵙⵀⵜⵀⵔ
ⴼ	ⵄ	ⴰⵙⵡⵍⴼ	ⴰⵙⵡⵍⵄ
ⴰ	ⵊ	ⴰⵢⴷ	ⵊⵢⴷ
ⵔ	ⴱ	ⵉⵖⴻⵔⵙⵉⵡ-ⴰ	ⵉⵖⴻⴱⵙⵉⵡ-ⴰ
ⵡ	ⵚ	ⵜⵣⵉⵣⵡⴰ	ⵜⵣⵉⵣⵚⴰ
-	ⵉ	ⵜⴷⴷⴰ-ⴷ	ⵜⴷⴷⴰⵉⴷ
ⵎ	ⵏ	ⵜⵜⵄⵓⵎⵓⵏ	ⵜⵜⵄⵓⵏⵓⵏ
ⵔ	ⵃ	ⵥⵔⴻⵏ	ⵥⵃⴻⵏ
ⵎ	ⵕ	ⵜⵣⵎⵉⵔ	ⵜⵣⵕⵉⵔ
ⴻ	ⵃ	ⵢⴻⵜⵜⵡⴰⵡⴻⵅⵅⴻⵔ	ⵢⵃⵜⵜⵡⴰⵡⵃⵅⵅⵃⵔ
ⵓ	ⵟ	ⵓⵙⴻⴽⵍⵓ	ⵟⵙⴻⴽⵍⵟ
ⵜ	ⴽ	ⵜⴰⵎⵥⵍⴰⵢⵜ	ⴽⴰⵎⵥⵍⴰⵢⴽ
ⵏ	ⴰ	ⴰⵎⴻⵇⵇⵔⴰⵏ	ⴰⵎⴻⵇⵇⵔⴰⴰ
ⵉ	ⴰ	ⵉⵊⵊⵉⵡⵏⵏ	ⴰⵊⵊⴰⵡⵏⵏ
ⵜ	ⵙ	ⵉⵜⵜⴰⵊⵊⴰ	ⵉⵙⵙⴰⵊⵊⴰ
ⵏ	ⵀ	ⵏⵏⴹⵏ	ⵀⵀⴹⵀ
ⴰ	ⴱ	ⴰⵣⴻⵎⵎⵓⵔ	ⴱⵣⴻⵎⵎⵓⵔ
ⵓ	ⵣ	ⵓⴳⵣⵣⵓⵎ	ⵣⴳⵣⵣⵣⵎ
ⴱ	ⴳ	ⴱⵓⴱⵉ	ⴳⵓⴳⵉ
ⴰ	ⴼ	ⵓⴳⴰⵔ	ⵓⴳⴼⵔ
ⵉ	ⵀ	ⴰⵍⵉⵙ	ⴰⵍⵀⵙ
ⵓ	ⴱ	ⵓⵅⴱⵓ	ⴱⵅⴱⴱ
ⵍ	ⵜ	ⵎⴽⵍⵍⵉ	ⵎⴽⵜⵜⵉ
ⵜ	ⵔ	ⵜⵜⵔⵔⴰⵏ	ⵔⵔⵔⵔⴰⵏ
ⵉ	ⴽ	ⵓⵇⵛⵉⵛ	ⵓⵇⵛⴽⵛ
ⵢ	ⵣ	ⵉⵎⵥⵥⵢⴰⵏⵏ	ⵉⵎⵥⵥⵣⴰⵏⵏ
ⴳ	ⵯ	ⴳⴻⵏ	ⵯⴻⵏ
ⵟ	ⴷ	ⵢⴻⵟⵟⴻⴼ-ⴷ	ⵢⴻⴷⴷⴻⴼ-ⴷ
ⴰ	ⵛ	ⵜⴰⵣⵣⵍⴰ	ⵜⵛⵣⵣⵍⵛ
ⵓ	ⵕ	ⵓⵎⴰⵢⵏⵓ	ⵕⵎⴰⵢⵏⵕ
ⴰ	ⵜ	ⵉⴳⵏⵏⴰ	ⵉⴳⵏⵏⵜ
ⵔ	ⵊ	ⵜⴰⵙⴰⵔⵓⵜ	ⵜⴰⵙⴰⵊⵓⵜ
ⵉ	ⵙ	ⵓⴳⴰⴷⵉⵔ	ⵓⴳⴰⴷⵙⵔ
ⵉ	ⵚ	ⵉⵎⵏⵙⵉ	ⵚⵎⵏⵙⵚ
ⵉ	ⵡ	ⵜⵜⵉⵏⵉ	ⵜⵜⵡⵏⵡ
ⵣ	ⴷ	ⵣⵡⴰⵔ	ⴷⵡⴰⵔ
ⵉ	ⵎ	ⴳⵉⵙ	ⴳⵎⵙ
ⵜ	ⵖ	ⵜⵜⴰⴼⴰⵏ	ⵖⵖⴰⴼⴰⵏ
ⵖ	ⴱ	ⵉⵖⴻⵔⵙⵉⵡ	ⵉⴱⴻⵔⵙⵉⵡ
ⵙ	ⵊ	ⴰⵖⴻⵔⵙⵉⵡ-ⴰ	ⴰⵖⴻⵔⵊⵉⵡ-ⴰ
ⵟ	ⴳ	ⵢⵟⵟⴼ	ⵢⴳⴳⴼ
ⵜ	ⵓ	ⵉⵜⵜⵃⴹⵓ	ⵉⵓⵓⵃⴹⵓ
ⵖ	ⴻ	ⵉⵖⵙⴰⵏ	ⵉⴻⵙⴰⵏ
ⵢ	ⴵ	ⵢⴻⵣⵎⴻⵔ	ⴵⴻⵣⵎⴻⵔ
ⴼ	ⵚ	ⵉⴼⴻⵔⴽⵉ	ⵉⵚⴻⵔⴽⵉ
ⴻ	ⵛ	ⵜⴻⵙⵙⴻⵔⵙ	ⵜⵛⵙⵙⵛⵔⵙ
ⵙ	ⵚ	ⵖⵔⵙ	ⵖⵔⵚ
ⵓ	ⴻ	ⵢⴻⴷⴷⵓ	ⵢⴻⴷⴷⴻ
ⵍ	ⵟ	ⴼⴻⵍⵍ-ⴰⵙ	ⴼⴻⵟⵟ-ⴰⵙ
ⵛ	ⵟ	ⴰⵎⵛⵛⵉ	ⴰⵎⵟⵟⵉ
ⵉ	ⵃ	ⵉⵎⵖⴰⵢⵏ	ⵃⵎⵖⴰⵢⵏ
ⵏ	ⵡ	ⵏⴻⵜⵜⴰⵜ	ⵡⴻⵜⵜⴰⵜ
ⵔ	ⵃ	ⵖⴰⵔ	ⵖⴰⵃ
ⵔ	ⵏ	ⵏⵓⵔⴰⵔ	ⵏⵓⵏⴰⵏ
ⵔ	ⴼ	ⴰⵙⴻⴼⵔⵓ	ⴰⵙⴻⴼⴼⵓ
ⵔ	ⵕ	ⵜⵙⵙⴽⵔⴷ	ⵜⵙⵙⴽⵕⴷ
ⴻ	ⵕ	ⵢⴻⵍⵀⴰ	ⵢⵕⵍⵀⴰ
ⵓ	ⵡ	ⵢⵉⵎⴻⴷⴷⵓⴽⴰⵍ-ⵏⵏⴻⵙ	ⵢⵉⵎⴻⴷⴷⵡⴽⴰⵍ-ⵏⵏⴻⵙ
ⵜ	ⴵ	ⵜⵙⴽⴰⵔ	ⴵⵙⴽⴰⵔ
ⴰ	ⵍ	ⵜⵎⵍⴰⵍⴰ	ⵜⵎⵍⵍⵍⵍ
ⵉ	ⵓ	ⵉⵙⵖⵓⴷⵓ	ⵓⵙⵖⵓⴷⵓ
ⴼ	ⵙ	ⵓⴼⴳⴰⵏ	ⵓⵙⴳⴰⵏ
ⵜ	ⴳ	ⵜⴼⵊⵊⵉⵊ	ⴳⴼⵊⵊⵉⵊ
ⴷ	ⵜ	ⵜⵓⴼⴰ-ⴷ	ⵜⵓⴼⴰ-ⵜ
-	ⵛ	ⵉⵙⵎ-ⵏⵏⵙ	ⵉⵙⵎⵛⵏⵏⵙ
ⵎ	ⵙ	ⵣⵎⵉⵔⴻⵏ	ⵣⵙⵉⵔⴻⵏ
ⵔ	ⵇ	ⴰⵏⴰⵎⵓⵔ	ⴰⵏⴰⵎⵓⵇ
ⵎ	ⴽ	ⵢⵎⵎⴰⵙ	ⵢⴽⴽⴰⵙ
ⵉ	ⴼ	ⵉⴷⵔⵉⵎⵏ	ⴼⴷⵔⴼⵎⵏ
ⵉ	ⵕ	ⴰⵇⵛⵉⵛ-ⴰ	ⴰⵇⵛⵕⵛ-ⴰ
ⴰ	ⴱ	ⵎⴰⵏ	ⵎⴱⵏ
ⵏ	ⵚ	ⴼⴽⴰⵏ	ⴼⴽⴰⵚ
ⵏ	ⴷ	ⵜⵜⴱⴱⵉⵏ	ⵜⵜⴱⴱⵉⴷ
ⵜ	ⴷ	ⵜⴰⵏⴼⵓⵍⵜ	ⴷⴰⵏⴼⵓⵍⴷ
ⵜ	ⵯ	ⵜⴱⵔⴰⵜ	ⵯⴱⵔⴰⵯ
ⵖ	ⴽ	ⵓⵖⴰⵍⴻⵏ	ⵓⴽⴰⵍⴻⵏ
ⵍ	ⵀ	ⵜⴷⵡⵍ	ⵜⴷⵡⵀ
ⴰ	ⵃ	ⴰⴼⴻⵍⵍⴰⵃ	ⵃⴼⴻⵍⵍⵃⵃ
ⵏ	ⴱ	ⵉⵜⵜⴰⵏⵏⴰⵢ	ⵉⵜⵜⴰⴱⴱⴰⵢ
ⵍ	ⴽ	ⵜⴻⵍⵍⴰ-ⴷ	ⵜⴻⴽⴽⴰ-ⴷ
ⵓ	ⵕ	ⴰⵇⴱⵓⵔ	ⴰⵇⴱⵕⵔ
ⵙ	ⵏ	ⵉⵙⵙⵏⴽⴷ	ⵉⵏⵏⵏⴽⴷ
ⴷ	ⴼ	ⵜⴱⴷⴷⵍ	ⵜⴱⴼⴼⵍ
ⵉ	ⵍ	ⵜⵉⴽⴽⴰⵍ	ⵜⵍⴽⴽⴰⵍ
ⴼ	ⵔ	ⵉⵙⵡⵍⴰⴼ	ⵉⵙⵡⵍⴰⵔ
ⵣ	ⵣ	ⵜⵜⵔⵣⵣⵓⵏ	ⵜⵜⵔⵣⵣⵓⵏ
ⵎ	ⵯ	ⵜⴰⵎⵖⴰⵔⵜ	ⵜⴰⵯⵖⴰⵔⵜ
ⴻ	ⵙ	ⵢⴻⵜⵜⵡⴰⵙⵙⵏⴻⵏ	ⵢⵙⵜⵜⵡⴰⵙⵙⵏⵙⵏ
ⵍ	ⵊ	ⵜⵉⵍⵉ	ⵜⵉⵊⵉ
ⵣ	ⵕ	ⵉⵣⴻⵎ	ⵉⵕⴻⵎ
ⵜ	ⵡ	ⵜⵡⴰⵍⴰ	ⵡⵡⴰⵍⴰ
ⵓ	ⵛ	ⵙⵓⵏⵉ	ⵙⵛⵏⵉ
ⵜ	ⴻ	ⵜⵔⵉⴷ	ⴻⵔⵉⴷ
ⵣ	ⵀ	ⵔⵓⵣ	ⵔⵓⵀ
ⵖ	ⴰ	ⵙⵙⵖⵏ	ⵙⵙⴰⵏ
ⵉ	ⵥ	ⴰⴽⵉⴷⴻⵙ	ⴰⴽⵥⴷⴻⵙ
ⴷ	ⵇ	ⵜⴻⴼⴼⴻⵖ-ⴷ	ⵜⴻⴼⴼⴻⵖ-ⵇ
ⵕ	ⵣ	ⴱⴻⵕⵕⴰ	ⴱⴻⵣⵣⴰ
ⴰ	ⵎ	ⵙⵙⴽⴰⵔⵏ	ⵙⵙⴽⵎⵔⵏ
ⵏ	ⵃ	ⵉⴳⴻⵏⵏⵉ	ⵉⴳⴻⵃⵃⵉ
ⵇ	ⴹ	ⵢⴻⵇⴱⴻⵍ	ⵢⴻⴹⴱⴻⵍ
ⴽ	ⴰ	ⵉⴽⴽⵉ	ⵉⴰⴰⵉ
ⴰ	ⵖ	ⵜⴰⴽⴻⵕⵕⵓⵙⵜ-ⵏⵏⵉ	ⵜⵖⴽⴻⵕⵕⵓⵙⵜ-ⵏⵏⵉ
ⵜ	ⵓ	ⵜⴽⴽⵙ	ⵓⴽⴽⵙ
ⴰ	ⵞ	ⴰⵙⴽⵍⵓ	ⵞⵙⴽⵍⵓ
ⵓ	ⵍ	ⵜⵙⵓⵙⵎⵉ	ⵜⵙⵍⵙⵎⵉ
ⵢ	ⵉ	ⵢⵓⵙⵉ	ⵉⵓⵙⵉ
ⵃ	ⴷ	ⵉⴱⵔⵔⵃⵏ	ⵉⴱⵔⵔⴷⵏ
ⵜ	ⵃ	ⵜⴼⵔⴽⵉⵜ	ⵃⴼⵔⴽⵉⵃ
ⵍ	ⵃ	ⵜⵓⵖⵓⵍ	ⵜⵓⵖⵓⵃ
ⵍ	ⵛ	ⵊⵉⵍ	ⵊⵉⵛ
ⵜ	ⵇ	ⵉⵜⵜⵏⴰⵖ	ⵉⵇⵇⵏⴰⵖ
ⵔ	ⵚ	ⴱⴻⵔⵔⴰ	ⴱⴻⵚⵚⴰ
ⴼ	ⴱ	ⴰⵙⴰⴼⵓ	ⴰⵙⴰⴱⵓ
ⵔ	ⴽ	ⵏⴻⵣⵎⴻⵔ	ⵏⴻⵣⵎⴻⴽ
ⵓ	ⵃ	ⵜⴱⴹⵓⴷ	ⵜⴱⴹⵃⴷ
ⵙ	ⴵ	ⵜⵙⵎⵎⴰ	ⵜⴵⵎⵎⴰ
ⵄ	ⴹ	ⵜⵄⴻⴷⴷⵉ	ⵜⴹⴻⴷⴷⵉ
ⵔ	ⵚ	ⴰⵔⴳⴰⵣ-ⴰ	ⴰⵚⴳⴰⵣ-ⴰ
ⴼ	ⵉ	ⵢⴻⵟⵟⴻⴼ	ⵢⴻⵟⵟⴻⵉ
ⵜ	ⴳ	ⵜⴰⵎⵇⵔⴰⵏⵜ	ⴳⴰⵎⵇⵔⴰⵏⴳ
ⵙ	ⴻ	ⵜⴻⵙⵍⴰ	ⵜⴻⴻⵍⴰ
ⵉ	ⵣ	ⵉⴼⵔⵉ	ⵣⴼⵔⵣ
ⵜ	ⵚ	ⵜⴰⵍⵡⵉⵜ	ⵚⴰⵍⵡⵉⵚ
ⵍ	ⵍ	ⵍⴰⵥ	ⵍⴰⵥ
ⵉ	ⵉ	ⵉⵙⵙⴽⵏ	ⵉⵙⵙⴽⵏ
ⵎ	ⵖ	ⵎⵎⵉ	ⵖⵖⵉ
ⴰ	ⵒ	ⴰⵣⴻⵡⵡⴰⵖ	ⵒⵣⴻⵡⵡⵒⵖ
ⵛ	ⵟ	ⵛⵡⵉⵢ	ⵟⵡⵉⵢ
ⵉ	ⴷ	ⵉⵙⵍⵍ	ⴷⵙⵍⵍ
ⵉ	ⵚ	ⵢⵉⴹ	ⵢⵚⴹ
ⵙ	ⵛ	ⵜⵜⵙⵇⵙⴰⵏ	ⵜⵜⵛⵇⵛⴰⵏ
ⵜ	ⴹ	ⵜⴳⵣⵉⵔⵜ	ⴹⴳⵣⵉⵔⴹ
ⵎ	ⵡ	ⴰⵎⵛⵉⵛ-ⵏⵏⵉ	ⴰⵡⵛⵉⵛ-ⵏⵏⵉ
ⴼ	ⴼ	ⵓⴷⴼⵍ	ⵓⴷⴼⵍ
ⵅ	ⵀ	ⵉⴼⵔⴰⵅ	ⵉⴼⵔⴰⵀ
ⵉ	ⴻ	ⵉⵖⵓⴷⴰ	ⴻⵖⵓⴷⴰ
ⵍ	ⴵ	ⵢⵉⵍⵍ	ⵢⵉⴵⴵ
ⵜ	ⴽ	ⵉⵜⵜⵄⵓⵎ	ⵉⴽⴽⵄⵓⵎ
ⵔ	ⵅ	ⵉⵜⵜⵉⵔⵉⵏ	ⵉⵜⵜⵉⵅⵉⵏ
ⵎ	ⴳ	ⵜⵏⵏⵓⵕⵥⵎ	ⵜⵏⵏⵓⵕⵥⴳ
ⵏ	ⵢ	ⵉⵎⴻⵇⵔⴰⵏⴻⵏ	ⵉⵎⴻⵇⵔⴰⵢⴻⵢ
ⵙ	ⴻ	ⵜⵙⵙⴰⵔⴰⵎ	ⵜⴻⴻⴰⵔⴰⵎ
ⵙ	ⵕ	ⵉⵖⴻⵔⵙⵉⵡⴻⵏ	ⵉⵖⴻⵔⵕⵉⵡⴻⵏ
ⵎ	ⴻ	ⵎⴷⴷⵏ	ⴻⴷⴷⵏ
ⴰ	ⵊ	ⵉⵣⴳⴳⵡⴰⵖⵏ	ⵉⵣⴳⴳⵡⵊⵖⵏ
ⴳ	ⵢ	ⴰⵣⴷⴷⵉⴳ	ⴰⵣⴷⴷⵉⵢ
ⵏ	ⵎ	ⵉⵙⵙⵔⵄⴰⴱⵏ	ⵉⵙⵙⵔⵄⴰⴱⵎ
ⵉ	ⴰ	ⵜⵉⴽⵕⴹⵉⵡⵉⵏ	ⵜⴰⴽⵕⴹⴰⵡⴰⵏ
ⵎ	ⵕ	ⵎⴰⵎⴰ	ⵕⴰⵕⴰ
ⵡ	ⵔ	ⴰⵣⴻⴳⵣⴰⵡ	ⴰⵣⴻⴳⵣⴰⵔ
ⵇ	ⴷ	ⵢⵇⵇⵍ	ⵢⴷⴷⵍ
ⵙ	ⵜ	ⵙⵙⵏⵏ	ⵜⵜⵏⵏ
ⵎ	ⵖ	ⵟⵓⵎⵎⵉ	ⵟⵓⵖⵖⵉ
ⵔ	ⵀ	ⴰⴱⵔⵙⴳⴳⵡⴰⴷ	ⴰⴱⵀⵙⴳⴳⵡⴰⴷ
ⴰ	ⵏ	ⴰⵏⴰⴼⵍⵍⴰ	ⵏⵏⵏⴼⵍⵍⵏ
ⴰ	ⵡ	ⵎⴰⵔⵢⴰⵎ	ⵎⵡⵔⵢⵡⵎ
ⵉ	ⵏ	ⵉⴱⴻⵔⴽⴰⵏⴻⵏ	ⵏⴱⴻⵔⴽⴰⵏⴻⵏ
ⴽ	ⴽ	ⵢⴻⵙⵙⴻⴼⴽ	ⵢⴻⵙⵙⴻⴼⴽ
ⵥ	ⴼ	ⵢⴻⵥⵔⴰ-ⴷ	ⵢⴻⴼⵔⴰ-ⴷ
ⵙ	ⵕ	ⵉⵙⴰⵡⵍ	ⵉⵕⴰⵡⵍ
ⵏ	ⵡ	ⴼⵉⵏ	ⴼⵉⵡ
ⵍ	ⵖ	ⵉⵙⵍⵍⵡ	ⵉⵙⵖⵖⵡ
ⵉ	ⵜ	ⵢⵉⴷ-ⵙ	ⵢⵜⴷ-ⵙ
ⵍ	ⵕ	ⵉⵍⴽⵎ	ⵉⵕⴽⵎ
ⵜ	ⵏ	ⵉⵜⵜⵓⵙⴽⴰⵔ	ⵉⵏⵏⵓⵙⴽⴰⵔ
ⴻ	ⵡ	ⵏⵙⴻⵏ	ⵏⵙⵡⵏ
ⵎ	ⴼ	ⵎⵓⵍⵉ	ⴼⵓⵍⵉ
ⵔ	ⵀ	ⵜⴰⵇⵛⵔⵉⵜ	ⵜⴰⵇⵛⵀⵉⵜ
ⵎ	ⵊ	ⵜⵍⴽⵎ	ⵜⵍⴽⵊ
ⵣ	ⵄ	ⴰⴱⴰⵔⴰⵣ	ⴰⴱⴰⵔⴰⵄ
ⵉ	ⵢ	ⴰⵙⵙ-ⵏⵏⵉ	ⴰⵙⵙ-ⵏⵏⵢ
ⴹ	ⴼ	ⵥⴹⴰⵕⵏ	ⵥⴼⴰⵕⵏ
ⵓ	ⵙ	ⵓⵖⵓⵍⵏ	ⵙⵖⵙⵍⵏ
ⵎ	ⵣ	ⵜⴽⴰⵎⵔⴰ	ⵜⴽⴰⵣⵔⴰ
ⵏ	ⵉ	ⵉⵜⵜⵏⴹⵏ	ⵉⵜⵜⵉⴹⵉ
ⵏ	ⵣ	ⵜⵉⵏⵎⵍ	ⵜⵉⵣⵎⵍ
ⴷ	ⵢ	ⵢⴻⴹⵔⴰ-ⴷ	ⵢⴻⴹⵔⴰ-ⵢ
ⵉ	ⵓ	ⵜⴻⵍⵍⵉ	ⵜⴻⵍⵍⵓ
ⵡ	ⴰ	ⵡⴰⵙⵓⵏ	ⴰⴰⵙⵓⵏ
ⴰ	ⵡ	ⴰⴽⴰⴱⴰⵔ	ⵡⴽⵡⴱⵡⵔ
ⵔ	ⵚ	ⵜⵙⵓⵔⴰ	ⵜⵙⵓⵚⴰ
ⵏ	ⵜ	ⵙⵙⵓⴼⵖⵏ-ⴷ	ⵙⵙⵓⴼⵖⵜ-ⴷ
ⵉ	ⴳ	ⵜⵙⵏⵉⵎⵎⵉⵔ	ⵜⵙⵏⴳⵎⵎⴳⵔ
ⵙ	ⴹ	ⵙⵙⵓⵜⵔⵏ	ⴹⴹⵓⵜⵔⵏ
ⵎ	ⵅ	ⵜⵉⵎⵉ	ⵜⵉⵅⵉ
ⵏ	ⵓ	ⵉⴱⴰⵏ-ⴷ	ⵉⴱⴰⵓ-ⴷ
ⴰ	ⴼ	ⵓⵎⴰⴹⴰⵍ	ⵓⵎⴼⴹⴼⵍ
ⵃ	ⵖ	ⵜⵃⴹⵓ	ⵜⵖⴹⵓ
ⴻ	ⵉ	ⵡⴻⵥⵔⵓ	ⵡⵉⵥⵔⵓ
ⵏ	ⴰ	ⵜⵜⵔⵓⵏ	ⵜⵜⵔⵓⴰ
ⵔ	ⵯ	ⴰⵔⵔⴰⵡ	ⴰⵯⵯⴰⵡ
ⴰ	ⴽ	ⴰⵎⴻⴽ	ⴽⵎⴻⴽ
ⴰ	ⵅ	ⴰⴼⵍⵍⴰ	ⵅⴼⵍⵍⵅ
ⵓ	ⵟ	ⵓⵣⵡⵓ	ⵟⵣⵡⵟ
ⵉ	ⴰ	ⵉⵎⵎⴰ	ⴰⵎⵎⴰ
ⵜ	ⵛ	ⵜⵎⵖⴰⵔⵜ	ⵛⵎⵖⴰⵔⵛ
ⴰ	ⵯ	ⵉⵜⵜⴰⵔⴰ	ⵉⵜⵜⵯⵔⵯ
ⴻ	ⵉ	ⵢⴻⵍⵍⴰⵏ	ⵢⵉⵍⵍⴰⵏ
ⴰ	ⵛ	ⴱⴰⴱⴰ-ⵙ	ⴱⵛⴱⵛ-ⵙ
ⵢ	ⵡ	ⴷⴰⵢⵣⵉ	ⴷⴰⵡⵣⵉ
ⴼ	ⵜ	ⵖⵉⴼⵙ	ⵖⵉⵜⵙ
ⴱ	ⵙ	ⵉⴱⴷⴷⴰ	ⵉⵙⴷⴷⴰ
ⴰ	ⵕ	ⴰⵣⴳⴳⴰⵍ	ⵕⵣⴳⴳⵕⵍ
ⵍ	ⵔ	ⵓⵏⵍⵍⵉ	ⵓⵏⵔⵔⵉ
ⵖ	ⴽ	ⵢⴰⵖⵓⵍ	ⵢⴰⴽⵓⵍ
ⴰ	ⵍ	ⴰⵙⴰⵏⴷⵡⵉⵛ	ⵍⵙⵍⵏⴷⵡⵉⵛ
ⴰ	ⴻ	ⵜⵖⴰⵡⵍⴰ	ⵜⵖⴻⵡⵍⴻ
ⴽ	ⴱ	ⴰⴽⵓⴷ	ⴰⴱⵓⴷ
ⵡ	ⵀ	ⵉⵡⴰⵍⵉⵡⵏ	ⵉⵀⴰⵍⵉⵀⵏ
ⵓ	ⵙ	ⵓⵖⵣⵓ	ⵙⵖⵣⵙ
ⴰ	ⵓ	ⴰⴽⴰⵎⵢⵓⵏ	ⵓⴽⵓⵎⵢⵓⵏ
ⴷ	ⵛ	ⴷⴷⵔⵏ	ⵛⵛⵔⵏ
ⵙ	ⵣ	ⴰⵙⵙ-ⴰ	ⴰⵣⵣ-ⴰ
ⴰ	ⴻ	ⵉⴳⵓⵎⵎⴰ	ⵉⴳⵓⵎⵎⴻ
ⵜ	ⴼ	ⵜⵀⵉⵔⵉⵜⵉⵏ	ⴼⵀⵉⵔⵉⴼⵉⵏ
ⵓ	ⵞ	ⵓⵕⴰⵏⵊⴰ	ⵞⵕⴰⵏⵊⴰ
ⵍ	ⵄ	ⴱⵉⵍⵉ	ⴱⵉⵄⵉ
ⴽ	ⵔ	ⵜⴼⴻⵔⴽⴰ	ⵜⴼⴻⵔⵔⴰ
ⵏ	ⵛ	ⵏⵏⴰⵏ	ⵛⵛⴰⵛ
ⵏ	ⵙ	ⵃⵙⵙⴰⵏ	ⵃⵙⵙⴰⵙ
ⵉ	ⵣ	ⵉⵎⵏⵖⵉ	ⵣⵎⵏⵖⵣ
ⵍ	ⵉ	ⵜⴰⴳⵍⵍⵉⴷⵜ	ⵜⴰⴳⵉⵉⵉⴷⵜ
ⵢ	ⵊ	ⵥⵥⴰⵢⴻⵙ	ⵥⵥⴰⵊⴻⵙ
ⵏ	ⵡ	ⴰⵡⴹⵏ	ⴰⵡⴹⵡ
ⵙ	ⴱ	ⵜⵙⵙⵓⵜⵔ	ⵜⴱⴱⵓⵜⵔ
ⵎ	ⴰ	ⵜⴼⵀⵉⵎ	ⵜⴼⵀⵉⴰ
ⵜ	ⵚ	ⵜⵜⵇⵍⵇⵏ	ⵚⵚⵇⵍⵇⵏ
ⵡ	ⵉ	ⵜⴰⵡⵏⴳⵉⵎⵜ	ⵜⴰⵉⵏⴳⵉⵎⵜ
ⵣ	ⵊ	ⴰⵣⵓⵍ	ⴰⵊⵓⵍ
ⴷ	ⵡ	ⵉⴳⴻⵔⴷⴰⵏ	ⵉⴳⴻⵔⵡⴰⵏ
ⵖ	ⵀ	ⵖⵔⴰⵏ	ⵀⵔⴰⵏ
ⴳ	ⵞ	ⵉⴳⵔⴷⴰⵏ	ⵉⵞⵔⴷⴰⵏ
ⵍ	ⵖ	ⵜⵜⵄⴻⵟⵟⵉⵍⴻⵏ	ⵜⵜⵄⴻⵟⵟⵉⵖⴻⵏ
ⵖ	ⵢ	ⵖⵓⵔ	ⵢⵓⵔ
ⵊ	ⵀ	ⴼⵊⵊⵉⵊ	ⴼⵀⵀⵉⵀ
ⵡ	ⴹ	ⵡⴰⵡⴰⵍ	ⴹⴰⴹⴰⵍ
ⵍ	ⵒ	ⵜⵙⵍⵍⵡ	ⵜⵙⵒⵒⵡ
ⵓ	ⴼ	ⴱⵓⵏⵏⵉ	ⴱⴼⵏⵏⵉ
ⴰ	ⵀ	ⵢⵄⴰⵡⵏ	ⵢⵄⵀⵡⵏ
ⴻ	ⴳ	ⴰⵙⵓⵏⴷⴻⴷ-ⴰ	ⴰⵙⵓⵏⴷⴳⴷ-ⴰ
ⵎ	ⵃ	ⵎⵎⴰ-ⵙ	ⵃⵃⴰ-ⵙ
ⵙ	ⵙ	ⵜⵉⴽⵕⵕⵓⵙⵉⵏ	ⵜⵉⴽⵕⵕⵓⵙⵉⵏ
ⴰ	ⵛ	ⴷ-ⵢⴰⴼ	ⴷ-ⵢⵛⴼ
ⵜ	ⵅ	ⵢⴻⵜⵜⵅⴻⵎⵎⵉⵎ	ⵢⴻⵅⵅⵅⴻⵎⵎⵉⵎ
ⴷ	ⵚ	ⵕⵕⴰⴷⵢⵓ	ⵕⵕⴰⵚⵢⵓ
ⴰ	ⵔ	ⵉⵎⵛⴰⵛ	ⵉⵎⵛⵔⵛ
ⴱ	ⵓ	ⴽⵍⴰⴱ	ⴽⵍⴰⵓ
ⴰ	ⵥ	ⵜⴻⴷⴷⴰ-ⴷ	ⵜⴻⴷⴷⵥ-ⴷ
ⵜ	ⵀ	ⵉⵜⵜⴼⵊⵊⵉⵊ	ⵉⵀⵀⴼⵊⵊⵉⵊ
ⵓ	ⵇ	ⴰⴼⵓⴽ	ⴰⴼⵇⴽ
ⵣ	ⵞ	ⵜⵜⵎⵣⵉⵣⵡⵉⵔⵏ	ⵜⵜⵎⵞⵉⵞⵡⵉⵔⵏ
ⴽ	ⵊ	ⵜⵎⵙⴽⵔⵜ	ⵜⵎⵙⵊⵔⵜ
ⵡ	ⵓ	ⵜⴰⵍⵖⵉⵡⵉⵏ	ⵜⴰⵍⵖⵉⵓⵉⵏ
ⵏ	ⵅ	ⴱⵉⵏ	ⴱⵉⵅ
ⴰ	ⴳ	ⵉⴼⵔⴰⵃ	ⵉⴼⵔⴳⵃ
ⴰ	ⴽ	ⵢⵓⴳⴰⵔ	ⵢⵓⴳⴽⵔ
ⵉ	ⵞ	ⵜⵉⴽⵍⵉ	ⵜⵞⴽⵍⵞ
ⵜ	ⵉ	ⵜⴰⴷⴰⵍⴰ	ⵉⴰⴷⴰⵍⴰ
ⵀ	ⴻ	ⴰⵀⴰ	ⴰⴻⴰ
ⵜ	ⵜ	ⵜⴱⵖⵙⵜ	ⵜⴱⵖⵙⵜ
ⴻ	ⵔ	ⵜⴻⴱⵖⴰ	ⵜⵔⴱⵖⴰ
ⵍ	ⵅ	ⵢⵉⴽⵡⵍⴰⵏ	ⵢⵉⴽⵡⵅⴰⵏ
ⵖ	ⵖ	ⵙⵙⵏⵖ	ⵙⵙⵏⵖ
ⵙ	ⵕ	ⵉⵙⵙⵓⴼⵖ	ⵉⵕⵕⵓⴼⵖ
ⵏ	ⵚ	ⴼⵓⴽⴽⵏ	ⴼⵓⴽⴽⵚ
ⵙ	ⵓ	ⴰⵙⴽⵙⵡ	ⴰⵓⴽⵓⵡ
ⵖ	ⴷ	ⵖⵓⵔⵙⵏⵜ	ⴷⵓⵔⵙⵏⵜ
ⴼ	ⵉ	ⵢⵓⴼ	ⵢⵓⵉ
ⴰ	ⵀ	ⵉⵍⴰ	ⵉⵍⵀ
ⵙ	ⵟ	ⵉⵜⵜⵢⴰⵙⵙⴰⵏⵏ	ⵉⵜⵜⵢⴰⵟⵟⴰⵏⵏ
ⵢ	ⵯ	ⵢⴰⴷ	ⵯⴰⴷ
ⵏ	ⵖ	ⵛⵛⴻⵏ	ⵛⵛⴻⵖ
ⵙ	ⴳ	ⴰⵎⵙⵓⵍⵜⴰ	ⴰⵎⴳⵓⵍⵜⴰ
ⴰ	ⵚ	ⵢⴻⵜⵜⵡⴰⵔⵥⵎⴻⵏ	ⵢⴻⵜⵜⵡⵚⵔⵥⵎⴻⵏ
