input1	label
und	u n d
Sie	S i e
war	w a r
sie	s i e
den	d e n
ein	e i n
die	d i e
mit	m i t
Tim	T i m
nicht	n i c h t
Der	D e r
sehr	s e h r
der	d e r
einen	e i n e n
glücklich	g l ü c k l i c h
sich	s i c h
sah	s a h
eine	e i n e
hatte	h a t t e
das	d a s
Lily	L i l y
Tom	T o m
auf	a u f
wollte	w o l l t e
Tages	T a g e s
Die	D i e
Eines	E i n e s
dem	d e m
waren	w a r e n
Aber	A b e r
spielen	s p i e l e n
dass	d a s s
Vogel	V o g e l
großen	g r o ß e n
traurig	t r a u r i g
Hund	H u n d
Mutter	M u t t e r
ihre	i h r e
zusammen	z u s a m m e n
Tag	T a g
hatten	h a t t e n
Freunde	F r e u n d e
nach	n a c h
Das	D a s
Max	M a x
spielten	s p i e l t e n
ist	i s t
Spaß	S p a ß
ging	g i n g
namens	n a m e n s
etwas	e t w a s
Katze	K a t z e
sein	s e i n
einem	e i n e m
Sue	S u e
Sam	S a m
liebte	l i e b t e
seine	s e i n e
Ben	B e n
Baum	B a u m
ihr	i h r
kam	k a m
große	g r o ß e
sahen	s a h e n
Ball	B a l l
Park	P a r k
auch	a u c h
gern	g e r n
aber	a b e r
sind	s i n d
alle	a l l e
helfen	h e l f e n
haben	h a b e n
fühlte	f ü h l t e
Dann	D a n n
fand	f a n d
ihren	i h r e n
einmal	e i n m a l
gab	g a b
seinem	s e i n e m
spielte	s p i e l t e
zum	z u m
Mädchen	M ä d c h e n
hörte	h ö r t e
viel	v i e l
aus	a u s
konnte	k o n n t e
kleine	k l e i n e
Ich	I c h
dann	d a n n
sehen	s e h e n
ihn	i h n
Spielzeug	S p i e l z e u g
wie	w i e
viele	v i e l e
seinen	s e i n e n
Angst	A n g s t
Freund	F r e u n d
weg	w e g
Mama	M a m a
mehr	m e h r
für	f ü r
Als	A l s
Junge	J u n g e
lächelte	l ä c h e l t e
Unerwartetes	U n e r w a r t e t e s
Spot	S p o t
immer	i m m e r
passierte	p a s s i e r t e
gingen	g i n g e n
ganzen	g a n z e n
was	w a s
Mia	M i a
ihm	i h m
von	v o n
Schachtel	S c h a c h t e l
zurück	z u r ü c k
begann	b e g a n n
ihrem	i h r e m
hat	h a t
noch	n o c h
sagte	s a g t e
aufgeregt	a u f g e r e g t
Also	A l s o
Wasser	W a s s e r
lachten	l a c h t e n
wieder	w i e d e r
machen	m a c h e n
Mann	M a n n
draußen	d r a u ß e n
finden	f i n d e n
Idee	I d e e
des	d e s
Haus	H a u s
Hause	H a u s e
würde	w ü r d e
dachte	d a c h t e
Lucy	L u c y
wollten	w o l l t e n
essen	e s s e n
versuchte	v e r s u c h t e
ihnen	i h n e n
wurden	w u r d e n
nahm	n a h m
mochte	m o c h t e
Und	U n d
ihrer	i h r e r
Nähe	N ä h e
großer	g r o ß e r
gerne	g e r n e
Spielsachen	S p i e l s a c h e n
Freunden	F r e u n d e n
wusste	w u s s t e
kleines	k l e i n e s
Auto	A u t o
Bob	B o b
beide	b e i d e
fing	f i n g
Boden	B o d e n
kleinen	k l e i n e n
Anna	A n n a
neuen	n e u e n
wurde	w u r d e
Sonne	S o n n e
froh	f r o h
lebte	l e b t e
überrascht	ü b e r r a s c h t
fanden	f a n d e n
weil	w e i l
sieht	s i e h t
seiner	s e i n e r
gehen	g e h e n
gut	g u t
großes	g r o ß e s
machte	m a c h t e
kleiner	k l e i n e r
Sara	S a r a
stolz	s t o l z
als	a l s
schnell	s c h n e l l
Dinge	D i n g e
jeden	j e d e n
Fisch	F i s c h
Plötzlich	P l ö t z l i c h
nickte	n i c k t e
Schwanz	S c h w a n z
leid	l e i d
können	k ö n n e n
einer	e i n e r
traf	t r a f
Farben	F a r b e n
wütend	w ü t e n d
Himmel	H i m m e l
unter	u n t e r
flog	f l o g
Alle	A l l e
beschloss	b e s c h l o s s
bis	b i s
öffnete	ö f f n e t e
anderen	a n d e r e n
bist	b i s t
Ihre	I h r e
rennen	r e n n e n
Freundin	F r e u n d i n
sprang	s p r a n g
vor	v o r
wussten	w u s s t e n
Jungen	J u n g e n
Essen	E s s e n
nur	n u r
ins	i n s
diesem	d i e s e m
Wir	W i r
fiel	f i e l
dankte	d a n k t e
Felsen	F e l s e n
Zimmer	Z i m m e r
hoch	h o c h
Kitty	K i t t y
tun	t u n
beste	b e s t e
Ein	E i n
Moment	M o m e n t
keine	k e i n e
rannten	r a n n t e n
groß	g r o ß
Tür	T ü r
teilen	t e i l e n
Kuchen	K u c h e n
Tiere	T i e r e
müde	m ü d e
Fehler	F e h l e r
über	ü b e r
Amy	A m y
ließ	l i e ß
kann	k a n n
Blumen	B l u m e n
wedelte	w e d e l t e
Geräusch	G e r ä u s c h
sei	s e i
wenn	w e n n
nett	n e t t
legte	l e g t e
lachte	l a c h t e
umarmte	u m a r m t e
Sally	S a l l y
tut	t u t
eines	e i n e s
Buch	B u c h
kamen	k a m e n
Vater	V a t e r
fliegen	f l i e g e n
mag	m a g
dich	d i c h
Hügel	H ü g e l
weiter	w e i t e r
Einmal	E i n m a l
Stein	S t e i n
half	h a l f
hören	h ö r e n
Inneren	I n n e r e n
kämpfen	k ä m p f e n
gute	g u t e
hin	h i n
zur	z u r
Tims	T i m s
roten	r o t e n
hielt	h i e l t
neugierig	n e u g i e r i g
sicher	s i c h e r
fragte	f r a g t e
Kinder	K i n d e r
Spiel	S p i e l
Maus	M a u s
gemacht	g e m a c h t
Hilfe	H i l f e
bin	b i n
zeigen	z e i g e n
konnten	k o n n t e n
Kaninchen	K a n i n c h e n
Bald	B a l d
Jack	J a c k
bellte	b e l l t e
Lilys	L i l y s
Puppe	P u p p e
alles	a l l e s
hart	h a r t
hörten	h ö r t e n
fangen	f a n g e n
Menschen	M e n s c h e n
hübsche	h ü b s c h e
begannen	b e g a n n e n
lautes	l a u t e s
damit	d a m i t
Hand	H a n d
Fluffy	F l u f f y
Familie	F a m i l i e
macht	m a c h t
stimmte	s t i m m t e
mir	m i r
freundlich	f r e u n d l i c h
einige	e i n i g e
würden	w ü r d e n
Weg	W e g
Loch	L o c h
lustige	l u s t i g e
zeigte	z e i g t e
Garten	G a r t e n
schlecht	s c h l e c h t
brachte	b r a c h t e
Drachen	D r a c h e n
verletzt	v e r l e t z t
nehmen	n e h m e n
fertig	f e r t i g
Frosch	F r o s c h
herum	h e r u m
Bild	B i l d
Wind	W i n d
hungrig	h u n g r i g
dort	d o r t
rote	r o t e
besser	b e s s e r
Papier	P a p i e r
Seine	S e i n e
Zeit	Z e i t
Party	P a r t y
fühlten	f ü h l t e n
will	w i l l
nie	n i e
Sein	S e i n
Eichhörnchen	E i c h h ö r n c h e n
heute	h e u t e
sagen	s a g e n
Küche	K ü c h e
schwer	s c h w e r
weinen	w e i n e n
schien	s c h i e n
vom	v o m
Hut	H u t
müssen	m ü s s e n
liebten	l i e b t e n
kommen	k o m m e n
Bäume	B ä u m e
griff	g r i f f
oder	o d e r
Auf	A u f
darauf	d a r a u f
rennt	r e n n t
sagt	s a g t
sollten	s o l l t e n
Schließlich	S c h l i e ß l i c h
trug	t r u g
Augen	A u g e n
fingen	f i n g e n
gestorben	g e s t o r b e n
leben	l e b e n
Kleidung	K l e i d u n g
lebten	l e b t e n
andere	a n d e r e
Laden	L a d e n
dir	d i r
Stimme	S t i m m e
lächelten	l ä c h e l t e n
reparieren	r e p a r i e r e n
Spielzeugauto	S p i e l z e u g a u t o
rot	r o t
Jetzt	J e t z t
Spielen	S p i e l e n
hinter	h i n t e r
Bilder	B i l d e r
Bobo	B o b o
fest	f e s t
öffnen	ö f f n e n
suchte	s u c h t e
beschlossen	b e s c h l o s s e n
Timmy	T i m m y
vielen	v i e l e n
wollen	w o l l e n
folgte	f o l g t e
sagten	s a g t e n
aßen	a ß e n
machten	m a c h t e n
neue	n e u e
tat	t a t
überall	ü b e r a l l
heraus	h e r a u s
zog	z o g
Blatt	B l a t t
brach	b r a c h
Fragte	F r a g t e
mochten	m o c h t e n
hob	h o b
lachen	l a c h e n
Fuchs	F u c h s
verloren	v e r l o r e n
verängstigt	v e r ä n g s t i g t
Teich	T e i c h
Sicherheit	S i c h e r h e i t
kletterte	k l e t t e r t e
Löwe	L ö w e
hübsch	h ü b s c h
Kopf	K o p f
kommt	k o m m t
passiert	p a s s i e r t
gewinnen	g e w i n n e n
steckte	s t e c k t e
lernte	l e r n t e
Vögel	V ö g e l
sauber	s a u b e r
schlafen	s c h l a f e n
darüber	d a r ü b e r
Farm	F a r m
einsam	e i n s a m
Stock	S t o c k
Buddy	B u d d y
bewegen	b e w e g e n
Autos	A u t o s
Zug	Z u g
sonnigen	s o n n i g e n
bald	b a l d
sangen	s a n g e n
kalt	k a l t
Eine	E i n e
berühren	b e r ü h r e n
Ihr	I h r
Schlüssel	S c h l ü s s e l
gesehen	g e s e h e n
Boot	B o o t
Schloss	S c h l o s s
schön	s c h ö n
ich	i c h
bat	b a t
Jane	J a n e
kein	k e i n
Jeder	J e d e r
springen	s p r i n g e n
schwimmen	s c h w i m m e n
guter	g u t e r
weit	w e i t
hinauf	h i n a u f
langsam	l a n g s a m
erkunden	e r k u n d e n
jetzt	j e t z t
Dame	D a m e
nass	n a s s
vergessen	v e r g e s s e n
fallen	f a l l e n
Rutsche	R u t s c h e
Bär	B ä r
neues	n e u e s
Hände	H ä n d e
warm	w a r m
teilten	t e i l t e n
Geräusche	G e r ä u s c h e
werde	w e r d e
könnte	k ö n n t e
Nest	N e s t
rief	r i e f
mich	m i c h
singen	s i n g e n
Eis	E i s
Chaos	C h a o s
wünschte	w ü n s c h t e
allen	a l l e n
blau	b l a u
süß	s ü ß
klatschten	k l a t s c h t e n
schauten	s c h a u t e n
Mr.	M r .
Name	N a m e
weinte	w e i n t e
schob	s c h o b
Oma	O m a
Schüssel	S c h ü s s e l
Gras	G r a s
tanzen	t a n z e n
langen	l a n g e n
Stücke	S t ü c k e
Zuhause	Z u h a u s e
man	m a n
zogen	z o g e n
alte	a l t e
schaute	s c h a u t e
Überraschung	Ü b e r r a s c h u n g
schönen	s c h ö n e n
nahmen	n a h m e n
Straße	S t r a ß e
Stuhl	S t u h l
mussten	m u s s t e n
kaufen	k a u f e n
John	J o h n
könne	k ö n n e
blauen	b l a u e n
verlor	v e r l o r
stieg	s t i e g
dunkel	d u n k e l
lange	l a n g e
besten	b e s t e n
Gesicht	G e s i c h t
bekommen	b e k o m m e n
rosa	r o s a
möchte	m ö c h t e
schöne	s c h ö n e
uns	u n s
Bus	B u s
Tasche	T a s c h e
Stift	S t i f t
habe	h a b e
folgen	f o l g e n
lernen	l e r n e n
spürte	s p ü r t e
stark	s t a r k
laut	l a u t
arbeiteten	a r b e i t e t e n
zufrieden	z u f r i e d e n
Lastwagen	L a s t w a g e n
Sand	S a n d
versuchten	v e r s u c h t e n
tanzten	t a n z t e n
lustigen	l u s t i g e n
LKW	L K W
vorbei	v o r b e i
Hase	H a s e
trat	t r a t
Hof	H o f
Platz	P l a t z
allein	a l l e i n
Jeden	J e d e n
Kekse	K e k s e
Flügel	F l ü g e l
fühlen	f ü h l e n
hübschen	h ü b s c h e n
tanzte	t a n z t e
glänzend	g l ä n z e n d
hast	h a s t
tragen	t r a g e n
wird	w i r d
wäre	w ä r e
alten	a l t e n
Namen	N a m e n
Abenteuer	A b e n t e u e r
nächsten	n ä c h s t e n
Puppen	P u p p e n
Schmetterling	S c h m e t t e r l i n g
lächeln	l ä c h e l n
Plan	P l a n
fühlt	f ü h l t
Fenster	F e n s t e r
hört	h ö r t
erneut	e r n e u t
ängstlich	ä n g s t l i c h
Früchte	F r ü c h t e
gegenseitig	g e g e n s e i t i g
Ende	E n d e
vorsichtig	v o r s i c h t i g
Lila	L i l a
Glas	G l a s
Lachen	L a c h e n
Lied	L i e d
Toms	T o m s
weich	w e i c h
Kissen	K i s s e n
stellte	s t e l l t e
Zaun	Z a u n
bei	b e i
Lektion	L e k t i o n
gaben	g a b e n
geht	g e h t
Bett	B e t t
Stadt	S t a d t
Sues	S u e s
lieben	l i e b e n
warf	w a r f
wartete	w a r t e t e
Bären	B ä r e n
bereit	b e r e i t
größer	g r ö ß e r
Welle	W e l l e
gefährlich	g e f ä h r l i c h
keinen	k e i n e n
legten	l e g t e n
reden	r e d e n
leckeren	l e c k e r e n
Zusammen	Z u s a m m e n
Eule	E u l e
Ameise	A m e i s e
Mal	M a l
glauben	g l a u b e n
lassen	l a s s e n
Blöcke	B l ö c k e
hinunter	h i n u n t e r
Wald	W a l d
los	l o s
umarmten	u m a r m t e n
Mund	M u n d
gefunden	g e f u n d e n
Daisy	D a i s y
werden	w e r d e n
voller	v o l l e r
kaum	k a u m
Turm	T u r m
albern	a l b e r n
ganz	g a n z
drückte	d r ü c k t e
Teddybär	T e d d y b ä r
könnten	k ö n n t e n
Tisch	T i s c h
egal	e g a l
Haare	H a a r e
erinnerte	e r i n n e r t e
Ort	O r t
Saras	S a r a s
liebe	l i e b e
Sams	S a m s
Spitze	S p i t z e
Sagte	S a g t e
dachten	d a c h t e n
Apfel	A p f e l
weiß	w e i ß
hielten	h i e l t e n
Kamera	K a m e r a
Lärm	L ä r m
befand	b e f a n d
durch	d u r c h
Luna	L u n a
Prinzessin	P r i n z e s s i n
gebrochen	g e b r o c h e n
lustig	l u s t i g
Besonderes	B e s o n d e r e s
Bruder	B r u d e r
leckte	l e c k t e
Nacht	N a c h t
zeichnen	z e i c h n e n
lief	l i e f
meinen	m e i n e n
nickten	n i c k t e n
Box	B o x
umarmt	u m a r m t
ziehen	z i e h e n
hohen	h o h e n
Sache	S a c h e
solle	s o l l e
Schild	S c h i l d
Tuch	T u c h
schneller	s c h n e l l e r
winkte	w i n k t e
mutig	m u t i g
Pflanze	P f l a n z e
bleiben	b l e i b e n
bemerkte	b e m e r k t e
seltsame	s e l t s a m e
erkannte	e r k a n n t e
Recht	R e c h t
blaue	b l a u e
dieses	d i e s e s
bringen	b r i n g e n
suchen	s u c h e n
gemein	g e m e i n
Wolf	W o l f
Suppe	S u p p e
Freude	F r e u d e
schmutzig	s c h m u t z i g
fahren	f a h r e n
Farbe	F a r b e
Leute	L e u t e
hinein	h i n e i n
hätte	h ä t t e
blieb	b l i e b
Schwan	S c h w a n
Dorf	D o r f
Ziege	Z i e g e
Kuh	K u h
Biene	B i e n e
Kleid	K l e i d
saßen	s a ß e n
zwei	z w e i
hätten	h ä t t e n
Nach	N a c h
Baby	B a b y
umarmen	u m a r m e n
beobachteten	b e o b a c h t e t e n
sprangen	s p r a n g e n
Welt	W e l t
Tommy	T o m m y
bekam	b e k a m
paar	p a a r
musste	m u s s t e
sollte	s o l l t e
Schildkröte	S c h i l d k r ö t e
heiß	h e i ß
Karte	K a r t e
wer	w e r
besorgt	b e s o r g t
gewesen	g e w e s e n
laute	l a u t e
vergeben	v e r g e b e n
nieder	n i e d e r
verrückt	v e r r ü c k t
glaubte	g l a u b t e
Diesmal	D i e s m a l
Korb	K o r b
Handtuch	H a n d t u c h
näher	n ä h e r
gelbe	g e l b e
halfen	h a l f e n
Zuerst	Z u e r s t
nichts	n i c h t s
zuerst	z u e r s t
Bein	B e i n
lernten	l e r n t e n
fielen	f i e l e n
Blume	B l u m e
ließen	l i e ß e n
Sarah	S a r a h
warum	w a r u m
Sorgen	S o r g e n
schönes	s c h ö n e s
wir	w i r
Flugzeug	F l u g z e u g
leuchtete	l e u c h t e t e
dieser	d i e s e r
erzählen	e r z ä h l e n
dazu	d a z u
dunklen	d u n k l e n
schaut	s c h a u t
lass	l a s s
Schwein	S c h w e i n
Ihnen	I h n e n
hofften	h o f f t e n
verhalten	v e r h a l t e n
klug	k l u g
Strand	S t r a n d
sollen	s o l l e n
lacht	l a c h t
versuchen	v e r s u c h e n
Ihren	I h r e n
Nase	N a s e
fragten	f r a g t e n
Spinne	S p i n n e
denkt	d e n k t
Besitzer	B e s i t z e r
bewegte	b e w e g t e
Unter	U n t e r
schlief	s c h l i e f
Regen	R e g e n
erleichtert	e r l e i c h t e r t
Knopf	K n o p f
erstaunt	e r s t a u n t
mischte	m i s c h t e
Arzt	A r z t
sprechen	s p r e c h e n
Band	B a n d
Fin	F i n
Alice	A l i c e
Reißverschluss	R e i ß v e r s c h l u s s
süße	s ü ß e
folgten	f o l g t e n
Monster	M o n s t e r
runter	r u n t e r
Neues	N e u e s
fuhr	f u h r
Couch	C o u c h
Wand	W a n d
Traum	T r a u m
lesen	l e s e n
Arbeit	A r b e i t
geben	g e b e n
brauchte	b r a u c h t e
liebt	l i e b t
darin	d a r i n
plötzlich	p l ö t z l i c h
bauen	b a u e n
Raum	R a u m
bevor	b e v o r
Hunde	H u n d e
beobachten	b e o b a c h t e n
Geschenk	G e s c h e n k
verletzen	v e r l e t z e n
beobachtete	b e o b a c h t e t e
wuchs	w u c h s
Schatz	S c h a t z
Baumes	B a u m e s
Worte	W o r t e
Hallo	H a l l o
schütteln	s c h ü t t e l n
grünen	g r ü n e n
Flasche	F l a s c h e
Umschlag	U m s c h l a g
glänzende	g l ä n z e n d e
Mannes	M a n n e s
Geld	G e l d
benutzte	b e n u t z t e
Folie	F o l i e
diese	d i e s e
Luft	L u f t
beim	b e i m
Elefanten	E l e f a n t e n
ihres	i h r e s
Socke	S o c k e
schnüffelte	s c h n ü f f e l t e
freundlicher	f r e u n d l i c h e r
Krabbe	K r a b b e
Abendessen	A b e n d e s s e n
beiden	b e i d e n
erzählte	e r z ä h l t e
beschäftigt	b e s c h ä f t i g t
schneiden	s c h n e i d e n
Kätzchen	K ä t z c h e n
Bäumen	B ä u m e n
Manchmal	M a n c h m a l
Formen	F o r m e n
suchten	s u c h t e n
reinigen	r e i n i g e n
Vielleicht	V i e l l e i c h t
fällt	f ä l l t
dankten	d a n k t e n
Bücher	B ü c h e r
See	S e e
Busch	B u s c h
versucht	v e r s u c h t
Rose	R o s e
nimmt	n i m m t
Glocke	G l o c k e
Ella	E l l a
Pferd	P f e r d
zuvor	z u v o r
fragen	f r a g e n
alt	a l t
weinten	w e i n t e n
schreien	s c h r e i e n
nahe	n a h e
Mias	M i a s
Licht	L i c h t
Geschichten	G e s c h i c h t e n
Serviette	S e r v i e t t e
Vulkan	V u l k a n
durstig	d u r s t i g
Jill	J i l l
schmeckte	s c h m e c k t e
Kisten	K i s t e n
Regal	R e g a l
sang	s a n g
schweren	s c h w e r e n
drehte	d r e h t e
Punkt	P u n k t
Rahmen	R a h m e n
blies	b l i e s
Gesichter	G e s i c h t e r
Frau	F r a u
setzten	s e t z t e n
magischen	m a g i s c h e n
Pulver	P u l v e r
warteten	w a r t e t e n
schwingen	s c h w i n g e n
berührte	b e r ü h r t e
Lächeln	L ä c h e l n
Glück	G l ü c k
gibt	g i b t
Feld	F e l d
Bens	B e n s
Wolken	W o l k e n
rollte	r o l l t e
Seil	S e i l
saß	s a ß
frei	f r e i
lächelt	l ä c h e l t
hoffen	h o f f e n
Nachts	N a c h t s
Netz	N e t z
Karotten	K a r o t t e n
Rennen	R e n n e n
reparierte	r e p a r i e r t e
Banane	B a n a n e
freundliche	f r e u n d l i c h e
Leopard	L e o p a r d
Insel	I n s e l
halten	h a l t e n
musst	m u s s t
schrie	s c h r i e
Spiegel	S p i e g e l
dein	d e i n
magischer	m a g i s c h e r
Streit	S t r e i t
Saft	S a f t
schwamm	s c h w a m m
Lieder	L i e d e r
schloss	s c h l o s s
hoffte	h o f f t e
verschwinden	v e r s c h w i n d e n
Wolke	W o l k e
Löwen	L ö w e n
roch	r o c h
beängstigend	b e ä n g s t i g e n d
Bobby	B o b b y
Mary	M a r y
versteht	v e r s t e h t
drei	d r e i
Süßigkeiten	S ü ß i g k e i t e n
unterging	u n t e r g i n g
Nickerchen	N i c k e r c h e n
Zip	Z i p
verändern	v e r ä n d e r n
erreichte	e r r e i c h t e
Ente	E n t e
Magie	M a g i e
Von	V o n
einfach	e i n f a c h
Molly	M o l l y
kehrte	k e h r t e
Riese	R i e s e
Fee	F e e
fuhren	f u h r e n
zählen	z ä h l e n
hüpften	h ü p f t e n
Hundes	H u n d e s
richtig	r i c h t i g
stellen	s t e l l e n
Spaghetti	S p a g h e t t i
Krawatte	K r a w a t t e
tolle	t o l l e
Pullover	P u l l o v e r
gruben	g r u b e n
Bauch	B a u c h
weh	w e h
winzige	w i n z i g e
Schatten	S c h a t t e n
Parade	P a r a d e
Händen	H ä n d e n
Fragen	F r a g e n
zoomen	z o o m e n
Affe	A f f e
verwirrt	v e r w i r r t
Hülle	H ü l l e
Knochen	K n o c h e n
hält	h ä l t
glückliche	g l ü c k l i c h e
vergaß	v e r g a ß
Haufen	H a u f e n
Freundschaft	F r e u n d s c h a f t
verkaufen	v e r k a u f e n
Welpe	W e l p e
Tasse	T a s s e
Bella	B e l l a
gespielt	g e s p i e l t
Mantel	M a n t e l
Pflanzen	P f l a n z e n
schreiben	s c h r e i b e n
scharfen	s c h a r f e n
Leo	L e o
Helm	H e l m
Blue	B l u e
Hasen	H a s e n
Klang	K l a n g
bester	b e s t e r
Sandwiches	S a n d w i c h e s
Stöcke	S t ö c k e
schlechte	s c h l e c h t e
klettern	k l e t t e r n
geholfen	g e h o l f e n
Danke	D a n k e
mein	m e i n
Maulwurf	M a u l w u r f
tollen	t o l l e n
voll	v o l l
Geschichte	G e s c h i c h t e
Blöcken	B l ö c k e n
Blasen	B l a s e n
Mais	M a i s
Person	P e r s o n
befreundet	b e f r e u n d e t
überhaupt	ü b e r h a u p t
wenig	w e n i g
Billy	B i l l y
Jeep	J e e p
Schlamm	S c h l a m m
verstand	v e r s t a n d
zugehört	z u g e h ö r t
Heu	H e u
abwechselnd	a b w e c h s e l n d
Ollie	O l l i e
wichtig	w i c h t i g
Obst	O b s t
aussehen	a u s s e h e n
Teller	T e l l e r
Drache	D r a c h e
nein	n e i n
neu	n e u
lecker	l e c k e r
Bauer	B a u e r
weiches	w e i c h e s
Lehrer	L e h r e r
Decke	D e c k e
deine	d e i n e
Pfütze	P f ü t z e
schwammen	s c h w a m m e n
hüpfte	h ü p f t e
hell	h e l l
Friseur	F r i s e u r
Radio	R a d i o
magische	m a g i s c h e
